#pragma once
#include <Arduino.h>

const uint8_t Roboto_Regular_24[] PROGMEM = {
  0x00, 0x00, 0x00, 0x4A, 0x00, 0x00, 0x00, 0x0B, 0x00, 0x00, 0x00, 0x18,
  0x00, 0x00, 0x00, 0x00, 0x00, 0x00, 0x00, 0x12, 0x00, 0x00, 0x00, 0x05,
  0x00, 0x00, 0x00, 0x20, 0x00, 0x00, 0x00, 0x00, 0x00, 0x00, 0x00, 0x00,
  0x00, 0x00, 0x00, 0x06, 0x00, 0x00, 0x00, 0x00, 0x00, 0x00, 0x00, 0x00,
  0x00, 0x00, 0x00, 0x00, 0x00, 0x00, 0x00, 0x25, 0x00, 0x00, 0x00, 0x11,
  0x00, 0x00, 0x00, 0x12, 0x00, 0x00, 0x00, 0x12, 0x00, 0x00, 0x00, 0x11,
  0x00, 0x00, 0x00, 0x00, 0x00, 0x00, 0x00, 0x00, 0x00, 0x00, 0x00, 0x28,
  0x00, 0x00, 0x00, 0x19, 0x00, 0x00, 0x00, 0x08, 0x00, 0x00, 0x00, 0x08,
  0x00, 0x00, 0x00, 0x13, 0x00, 0x00, 0x00, 0x00, 0x00, 0x00, 0x00, 0x00,
  0x00, 0x00, 0x00, 0x29, 0x00, 0x00, 0x00, 0x19, 0x00, 0x00, 0x00, 0x08,
  0x00, 0x00, 0x00, 0x08, 0x00, 0x00, 0x00, 0x13, 0x00, 0x00, 0x00, 0x00,
  0x00, 0x00, 0x00, 0x00, 0x00, 0x00, 0x00, 0x2B, 0x00, 0x00, 0x00, 0x0E,
  0x00, 0x00, 0x00, 0x0E, 0x00, 0x00, 0x00, 0x0E, 0x00, 0x00, 0x00, 0x0E,
  0x00, 0x00, 0x00, 0x00, 0x00, 0x00, 0x00, 0x00, 0x00, 0x00, 0x00, 0x2D,
  0x00, 0x00, 0x00, 0x08, 0x00, 0x00, 0x00, 0x07, 0x00, 0x00, 0x00, 0x07,
  0x00, 0x00, 0x00, 0x08, 0x00, 0x00, 0x00, 0x00, 0x00, 0x00, 0x00, 0x00,
  0x00, 0x00, 0x00, 0x2E, 0x00, 0x00, 0x00, 0x03, 0x00, 0x00, 0x00, 0x06,
  0x00, 0x00, 0x00, 0x06, 0x00, 0x00, 0x00, 0x03, 0x00, 0x00, 0x00, 0x00,
  0x00, 0x00, 0x00, 0x00, 0x00, 0x00, 0x00, 0x2F, 0x00, 0x00, 0x00, 0x12,
  0x00, 0x00, 0x00, 0x0A, 0x00, 0x00, 0x00, 0x0A, 0x00, 0x00, 0x00, 0x11,
  0x00, 0x00, 0x00, 0x00, 0x00, 0x00, 0x00, 0x00, 0x00, 0x00, 0x00, 0x30,
  0x00, 0x00, 0x00, 0x11, 0x00, 0x00, 0x00, 0x0D, 0x00, 0x00, 0x00, 0x0D,
  0x00, 0x00, 0x00, 0x11, 0x00, 0x00, 0x00, 0x00, 0x00, 0x00, 0x00, 0x00,
  0x00, 0x00, 0x00, 0x31, 0x00, 0x00, 0x00, 0x11, 0x00, 0x00, 0x00, 0x0D,
  0x00, 0x00, 0x00, 0x0D, 0x00, 0x00, 0x00, 0x11, 0x00, 0x00, 0x00, 0x00,
  0x00, 0x00, 0x00, 0x00, 0x00, 0x00, 0x00, 0x32, 0x00, 0x00, 0x00, 0x11,
  0x00, 0x00, 0x00, 0x0D, 0x00, 0x00, 0x00, 0x0D, 0x00, 0x00, 0x00, 0x11,
  0x00, 0x00, 0x00, 0x00, 0x00, 0x00, 0x00, 0x00, 0x00, 0x00, 0x00, 0x33,
  0x00, 0x00, 0x00, 0x11, 0x00, 0x00, 0x00, 0x0D, 0x00, 0x00, 0x00, 0x0D,
  0x00, 0x00, 0x00, 0x11, 0x00, 0x00, 0x00, 0x00, 0x00, 0x00, 0x00, 0x00,
  0x00, 0x00, 0x00, 0x34, 0x00, 0x00, 0x00, 0x11, 0x00, 0x00, 0x00, 0x0D,
  0x00, 0x00, 0x00, 0x0D, 0x00, 0x00, 0x00, 0x11, 0x00, 0x00, 0x00, 0x00,
  0x00, 0x00, 0x00, 0x00, 0x00, 0x00, 0x00, 0x35, 0x00, 0x00, 0x00, 0x11,
  0x00, 0x00, 0x00, 0x0D, 0x00, 0x00, 0x00, 0x0D, 0x00, 0x00, 0x00, 0x11,
  0x00, 0x00, 0x00, 0x00, 0x00, 0x00, 0x00, 0x00, 0x00, 0x00, 0x00, 0x36,
  0x00, 0x00, 0x00, 0x11, 0x00, 0x00, 0x00, 0x0D, 0x00, 0x00, 0x00, 0x0D,
  0x00, 0x00, 0x00, 0x11, 0x00, 0x00, 0x00, 0x00, 0x00, 0x00, 0x00, 0x00,
  0x00, 0x00, 0x00, 0x37, 0x00, 0x00, 0x00, 0x11, 0x00, 0x00, 0x00, 0x0D,
  0x00, 0x00, 0x00, 0x0D, 0x00, 0x00, 0x00, 0x11, 0x00, 0x00, 0x00, 0x00,
  0x00, 0x00, 0x00, 0x00, 0x00, 0x00, 0x00, 0x38, 0x00, 0x00, 0x00, 0x11,
  0x00, 0x00, 0x00, 0x0D, 0x00, 0x00, 0x00, 0x0D, 0x00, 0x00, 0x00, 0x11,
  0x00, 0x00, 0x00, 0x00, 0x00, 0x00, 0x00, 0x00, 0x00, 0x00, 0x00, 0x39,
  0x00, 0x00, 0x00, 0x11, 0x00, 0x00, 0x00, 0x0D, 0x00, 0x00, 0x00, 0x0D,
  0x00, 0x00, 0x00, 0x11, 0x00, 0x00, 0x00, 0x00, 0x00, 0x00, 0x00, 0x00,
  0x00, 0x00, 0x00, 0x3A, 0x00, 0x00, 0x00, 0x0D, 0x00, 0x00, 0x00, 0x06,
  0x00, 0x00, 0x00, 0x06, 0x00, 0x00, 0x00, 0x0D, 0x00, 0x00, 0x00, 0x00,
  0x00, 0x00, 0x00, 0x00, 0x00, 0x00, 0x00, 0x41, 0x00, 0x00, 0x00, 0x11,
  0x00, 0x00, 0x00, 0x10, 0x00, 0x00, 0x00, 0x10, 0x00, 0x00, 0x00, 0x11,
  0x00, 0x00, 0x00, 0x00, 0x00, 0x00, 0x00, 0x00, 0x00, 0x00, 0x00, 0x42,
  0x00, 0x00, 0x00, 0x11, 0x00, 0x00, 0x00, 0x0F, 0x00, 0x00, 0x00, 0x0F,
  0x00, 0x00, 0x00, 0x11, 0x00, 0x00, 0x00, 0x00, 0x00, 0x00, 0x00, 0x00,
  0x00, 0x00, 0x00, 0x43, 0x00, 0x00, 0x00, 0x11, 0x00, 0x00, 0x00, 0x10,
  0x00, 0x00, 0x00, 0x10, 0x00, 0x00, 0x00, 0x11, 0x00, 0x00, 0x00, 0x00,
  0x00, 0x00, 0x00, 0x00, 0x00, 0x00, 0x00, 0x44, 0x00, 0x00, 0x00, 0x11,
  0x00, 0x00, 0x00, 0x10, 0x00, 0x00, 0x00, 0x10, 0x00, 0x00, 0x00, 0x11,
  0x00, 0x00, 0x00, 0x00, 0x00, 0x00, 0x00, 0x00, 0x00, 0x00, 0x00, 0x45,
  0x00, 0x00, 0x00, 0x11, 0x00, 0x00, 0x00, 0x0E, 0x00, 0x00, 0x00, 0x0E,
  0x00, 0x00, 0x00, 0x11, 0x00, 0x00, 0x00, 0x00, 0x00, 0x00, 0x00, 0x00,
  0x00, 0x00, 0x00, 0x46, 0x00, 0x00, 0x00, 0x11, 0x00, 0x00, 0x00, 0x0D,
  0x00, 0x00, 0x00, 0x0D, 0x00, 0x00, 0x00, 0x11, 0x00, 0x00, 0x00, 0x00,
  0x00, 0x00, 0x00, 0x00, 0x00, 0x00, 0x00, 0x47, 0x00, 0x00, 0x00, 0x11,
  0x00, 0x00, 0x00, 0x10, 0x00, 0x00, 0x00, 0x10, 0x00, 0x00, 0x00, 0x11,
  0x00, 0x00, 0x00, 0x00, 0x00, 0x00, 0x00, 0x00, 0x00, 0x00, 0x00, 0x48,
  0x00, 0x00, 0x00, 0x11, 0x00, 0x00, 0x00, 0x11, 0x00, 0x00, 0x00, 0x11,
  0x00, 0x00, 0x00, 0x11, 0x00, 0x00, 0x00, 0x00, 0x00, 0x00, 0x00, 0x00,
  0x00, 0x00, 0x00, 0x49, 0x00, 0x00, 0x00, 0x11, 0x00, 0x00, 0x00, 0x07,
  0x00, 0x00, 0x00, 0x07, 0x00, 0x00, 0x00, 0x11, 0x00, 0x00, 0x00, 0x00,
  0x00, 0x00, 0x00, 0x00, 0x00, 0x00, 0x00, 0x4A, 0x00, 0x00, 0x00, 0x11,
  0x00, 0x00, 0x00, 0x0D, 0x00, 0x00, 0x00, 0x0D, 0x00, 0x00, 0x00, 0x11,
  0x00, 0x00, 0x00, 0x00, 0x00, 0x00, 0x00, 0x00, 0x00, 0x00, 0x00, 0x4B,
  0x00, 0x00, 0x00, 0x11, 0x00, 0x00, 0x00, 0x10, 0x00, 0x00, 0x00, 0x0F,
  0x00, 0x00, 0x00, 0x11, 0x00, 0x00, 0x00, 0x00, 0x00, 0x00, 0x00, 0x00,
  0x00, 0x00, 0x00, 0x4C, 0x00, 0x00, 0x00, 0x11, 0x00, 0x00, 0x00, 0x0D,
  0x00, 0x00, 0x00, 0x0D, 0x00, 0x00, 0x00, 0x11, 0x00, 0x00, 0x00, 0x00,
  0x00, 0x00, 0x00, 0x00, 0x00, 0x00, 0x00, 0x4D, 0x00, 0x00, 0x00, 0x11,
  0x00, 0x00, 0x00, 0x15, 0x00, 0x00, 0x00, 0x15, 0x00, 0x00, 0x00, 0x11,
  0x00, 0x00, 0x00, 0x00, 0x00, 0x00, 0x00, 0x00, 0x00, 0x00, 0x00, 0x4E,
  0x00, 0x00, 0x00, 0x11, 0x00, 0x00, 0x00, 0x11, 0x00, 0x00, 0x00, 0x11,
  0x00, 0x00, 0x00, 0x11, 0x00, 0x00, 0x00, 0x00, 0x00, 0x00, 0x00, 0x00,
  0x00, 0x00, 0x00, 0x4F, 0x00, 0x00, 0x00, 0x11, 0x00, 0x00, 0x00, 0x11,
  0x00, 0x00, 0x00, 0x11, 0x00, 0x00, 0x00, 0x11, 0x00, 0x00, 0x00, 0x00,
  0x00, 0x00, 0x00, 0x00, 0x00, 0x00, 0x00, 0x50, 0x00, 0x00, 0x00, 0x11,
  0x00, 0x00, 0x00, 0x0F, 0x00, 0x00, 0x00, 0x0F, 0x00, 0x00, 0x00, 0x11,
  0x00, 0x00, 0x00, 0x00, 0x00, 0x00, 0x00, 0x00, 0x00, 0x00, 0x00, 0x51,
  0x00, 0x00, 0x00, 0x14, 0x00, 0x00, 0x00, 0x11, 0x00, 0x00, 0x00, 0x11,
  0x00, 0x00, 0x00, 0x11, 0x00, 0x00, 0x00, 0x00, 0x00, 0x00, 0x00, 0x00,
  0x00, 0x00, 0x00, 0x52, 0x00, 0x00, 0x00, 0x11, 0x00, 0x00, 0x00, 0x0F,
  0x00, 0x00, 0x00, 0x0F, 0x00, 0x00, 0x00, 0x11, 0x00, 0x00, 0x00, 0x00,
  0x00, 0x00, 0x00, 0x00, 0x00, 0x00, 0x00, 0x53, 0x00, 0x00, 0x00, 0x11,
  0x00, 0x00, 0x00, 0x0E, 0x00, 0x00, 0x00, 0x0E, 0x00, 0x00, 0x00, 0x11,
  0x00, 0x00, 0x00, 0x00, 0x00, 0x00, 0x00, 0x00, 0x00, 0x00, 0x00, 0x54,
  0x00, 0x00, 0x00, 0x11, 0x00, 0x00, 0x00, 0x0E, 0x00, 0x00, 0x00, 0x0E,
  0x00, 0x00, 0x00, 0x11, 0x00, 0x00, 0x00, 0x00, 0x00, 0x00, 0x00, 0x00,
  0x00, 0x00, 0x00, 0x55, 0x00, 0x00, 0x00, 0x11, 0x00, 0x00, 0x00, 0x10,
  0x00, 0x00, 0x00, 0x10, 0x00, 0x00, 0x00, 0x11, 0x00, 0x00, 0x00, 0x00,
  0x00, 0x00, 0x00, 0x00, 0x00, 0x00, 0x00, 0x56, 0x00, 0x00, 0x00, 0x11,
  0x00, 0x00, 0x00, 0x0F, 0x00, 0x00, 0x00, 0x0F, 0x00, 0x00, 0x00, 0x11,
  0x00, 0x00, 0x00, 0x00, 0x00, 0x00, 0x00, 0x00, 0x00, 0x00, 0x00, 0x57,
  0x00, 0x00, 0x00, 0x11, 0x00, 0x00, 0x00, 0x15, 0x00, 0x00, 0x00, 0x15,
  0x00, 0x00, 0x00, 0x11, 0x00, 0x00, 0x00, 0x00, 0x00, 0x00, 0x00, 0x00,
  0x00, 0x00, 0x00, 0x58, 0x00, 0x00, 0x00, 0x11, 0x00, 0x00, 0x00, 0x0F,
  0x00, 0x00, 0x00, 0x0F, 0x00, 0x00, 0x00, 0x11, 0x00, 0x00, 0x00, 0x00,
  0x00, 0x00, 0x00, 0x00, 0x00, 0x00, 0x00, 0x59, 0x00, 0x00, 0x00, 0x11,
  0x00, 0x00, 0x00, 0x0F, 0x00, 0x00, 0x00, 0x0E, 0x00, 0x00, 0x00, 0x11,
  0x00, 0x00, 0x00, 0x00, 0x00, 0x00, 0x00, 0x00, 0x00, 0x00, 0x00, 0x5A,
  0x00, 0x00, 0x00, 0x11, 0x00, 0x00, 0x00, 0x0E, 0x00, 0x00, 0x00, 0x0E,
  0x00, 0x00, 0x00, 0x11, 0x00, 0x00, 0x00, 0x00, 0x00, 0x00, 0x00, 0x00,
  0x00, 0x00, 0x00, 0x5F, 0x00, 0x00, 0x00, 0x02, 0x00, 0x00, 0x00, 0x0B,
  0x00, 0x00, 0x00, 0x0B, 0x00, 0x00, 0x00, 0x00, 0x00, 0x00, 0x00, 0x00,
  0x00, 0x00, 0x00, 0x00, 0x00, 0x00, 0x00, 0x61, 0x00, 0x00, 0x00, 0x0D,
  0x00, 0x00, 0x00, 0x0D, 0x00, 0x00, 0x00, 0x0D, 0x00, 0x00, 0x00, 0x0D,
  0x00, 0x00, 0x00, 0x00, 0x00, 0x00, 0x00, 0x00, 0x00, 0x00, 0x00, 0x62,
  0x00, 0x00, 0x00, 0x12, 0x00, 0x00, 0x00, 0x0D, 0x00, 0x00, 0x00, 0x0D,
  0x00, 0x00, 0x00, 0x12, 0x00, 0x00, 0x00, 0x00, 0x00, 0x00, 0x00, 0x00,
  0x00, 0x00, 0x00, 0x63, 0x00, 0x00, 0x00, 0x0D, 0x00, 0x00, 0x00, 0x0D,
  0x00, 0x00, 0x00, 0x0D, 0x00, 0x00, 0x00, 0x0D, 0x00, 0x00, 0x00, 0x00,
  0x00, 0x00, 0x00, 0x00, 0x00, 0x00, 0x00, 0x64, 0x00, 0x00, 0x00, 0x12,
  0x00, 0x00, 0x00, 0x0E, 0x00, 0x00, 0x00, 0x0E, 0x00, 0x00, 0x00, 0x12,
  0x00, 0x00, 0x00, 0x00, 0x00, 0x00, 0x00, 0x00, 0x00, 0x00, 0x00, 0x65,
  0x00, 0x00, 0x00, 0x0D, 0x00, 0x00, 0x00, 0x0D, 0x00, 0x00, 0x00, 0x0D,
  0x00, 0x00, 0x00, 0x0D, 0x00, 0x00, 0x00, 0x00, 0x00, 0x00, 0x00, 0x00,
  0x00, 0x00, 0x00, 0x66, 0x00, 0x00, 0x00, 0x12, 0x00, 0x00, 0x00, 0x09,
  0x00, 0x00, 0x00, 0x08, 0x00, 0x00, 0x00, 0x12, 0x00, 0x00, 0x00, 0x00,
  0x00, 0x00, 0x00, 0x00, 0x00, 0x00, 0x00, 0x67, 0x00, 0x00, 0x00, 0x12,
  0x00, 0x00, 0x00, 0x0D, 0x00, 0x00, 0x00, 0x0D, 0x00, 0x00, 0x00, 0x0D,
  0x00, 0x00, 0x00, 0x00, 0x00, 0x00, 0x00, 0x00, 0x00, 0x00, 0x00, 0x68,
  0x00, 0x00, 0x00, 0x12, 0x00, 0x00, 0x00, 0x0D, 0x00, 0x00, 0x00, 0x0D,
  0x00, 0x00, 0x00, 0x12, 0x00, 0x00, 0x00, 0x00, 0x00, 0x00, 0x00, 0x00,
  0x00, 0x00, 0x00, 0x69, 0x00, 0x00, 0x00, 0x12, 0x00, 0x00, 0x00, 0x06,
  0x00, 0x00, 0x00, 0x06, 0x00, 0x00, 0x00, 0x12, 0x00, 0x00, 0x00, 0x00,
  0x00, 0x00, 0x00, 0x00, 0x00, 0x00, 0x00, 0x6A, 0x00, 0x00, 0x00, 0x17,
  0x00, 0x00, 0x00, 0x07, 0x00, 0x00, 0x00, 0x06, 0x00, 0x00, 0x00, 0x12,
  0xFF, 0xFF, 0xFF, 0xFF, 0x00, 0x00, 0x00, 0x00, 0x00, 0x00, 0x00, 0x6B,
  0x00, 0x00, 0x00, 0x12, 0x00, 0x00, 0x00, 0x0D, 0x00, 0x00, 0x00, 0x0C,
  0x00, 0x00, 0x00, 0x12, 0x00, 0x00, 0x00, 0x00, 0x00, 0x00, 0x00, 0x00,
  0x00, 0x00, 0x00, 0x6C, 0x00, 0x00, 0x00, 0x12, 0x00, 0x00, 0x00, 0x06,
  0x00, 0x00, 0x00, 0x06, 0x00, 0x00, 0x00, 0x12, 0x00, 0x00, 0x00, 0x00,
  0x00, 0x00, 0x00, 0x00, 0x00, 0x00, 0x00, 0x6D, 0x00, 0x00, 0x00, 0x0D,
  0x00, 0x00, 0x00, 0x15, 0x00, 0x00, 0x00, 0x15, 0x00, 0x00, 0x00, 0x0D,
  0x00, 0x00, 0x00, 0x00, 0x00, 0x00, 0x00, 0x00, 0x00, 0x00, 0x00, 0x6E,
  0x00, 0x00, 0x00, 0x0D, 0x00, 0x00, 0x00, 0x0D, 0x00, 0x00, 0x00, 0x0D,
  0x00, 0x00, 0x00, 0x0D, 0x00, 0x00, 0x00, 0x00, 0x00, 0x00, 0x00, 0x00,
  0x00, 0x00, 0x00, 0x6F, 0x00, 0x00, 0x00, 0x0D, 0x00, 0x00, 0x00, 0x0E,
  0x00, 0x00, 0x00, 0x0E, 0x00, 0x00, 0x00, 0x0D, 0x00, 0x00, 0x00, 0x00,
  0x00, 0x00, 0x00, 0x00, 0x00, 0x00, 0x00, 0x70, 0x00, 0x00, 0x00, 0x12,
  0x00, 0x00, 0x00, 0x0D, 0x00, 0x00, 0x00, 0x0D, 0x00, 0x00, 0x00, 0x0D,
  0x00, 0x00, 0x00, 0x00, 0x00, 0x00, 0x00, 0x00, 0x00, 0x00, 0x00, 0x71,
  0x00, 0x00, 0x00, 0x12, 0x00, 0x00, 0x00, 0x0E, 0x00, 0x00, 0x00, 0x0E,
  0x00, 0x00, 0x00, 0x0D, 0x00, 0x00, 0x00, 0x00, 0x00, 0x00, 0x00, 0x00,
  0x00, 0x00, 0x00, 0x72, 0x00, 0x00, 0x00, 0x0D, 0x00, 0x00, 0x00, 0x08,
  0x00, 0x00, 0x00, 0x08, 0x00, 0x00, 0x00, 0x0D, 0x00, 0x00, 0x00, 0x00,
  0x00, 0x00, 0x00, 0x00, 0x00, 0x00, 0x00, 0x73, 0x00, 0x00, 0x00, 0x0D,
  0x00, 0x00, 0x00, 0x0C, 0x00, 0x00, 0x00, 0x0C, 0x00, 0x00, 0x00, 0x0D,
  0x00, 0x00, 0x00, 0x00, 0x00, 0x00, 0x00, 0x00, 0x00, 0x00, 0x00, 0x74,
  0x00, 0x00, 0x00, 0x10, 0x00, 0x00, 0x00, 0x08, 0x00, 0x00, 0x00, 0x08,
  0x00, 0x00, 0x00, 0x10, 0x00, 0x00, 0x00, 0x00, 0x00, 0x00, 0x00, 0x00,
  0x00, 0x00, 0x00, 0x75, 0x00, 0x00, 0x00, 0x0D, 0x00, 0x00, 0x00, 0x0D,
  0x00, 0x00, 0x00, 0x0D, 0x00, 0x00, 0x00, 0x0D, 0x00, 0x00, 0x00, 0x00,
  0x00, 0x00, 0x00, 0x00, 0x00, 0x00, 0x00, 0x76, 0x00, 0x00, 0x00, 0x0D,
  0x00, 0x00, 0x00, 0x0C, 0x00, 0x00, 0x00, 0x0C, 0x00, 0x00, 0x00, 0x0D,
  0x00, 0x00, 0x00, 0x00, 0x00, 0x00, 0x00, 0x00, 0x00, 0x00, 0x00, 0x77,
  0x00, 0x00, 0x00, 0x0D, 0x00, 0x00, 0x00, 0x12, 0x00, 0x00, 0x00, 0x12,
  0x00, 0x00, 0x00, 0x0D, 0x00, 0x00, 0x00, 0x00, 0x00, 0x00, 0x00, 0x00,
  0x00, 0x00, 0x00, 0x78, 0x00, 0x00, 0x00, 0x0D, 0x00, 0x00, 0x00, 0x0C,
  0x00, 0x00, 0x00, 0x0C, 0x00, 0x00, 0x00, 0x0D, 0x00, 0x00, 0x00, 0x00,
  0x00, 0x00, 0x00, 0x00, 0x00, 0x00, 0x00, 0x79, 0x00, 0x00, 0x00, 0x12,
  0x00, 0x00, 0x00, 0x0C, 0x00, 0x00, 0x00, 0x0B, 0x00, 0x00, 0x00, 0x0D,
  0x00, 0x00, 0x00, 0x00, 0x00, 0x00, 0x00, 0x00, 0x00, 0x00, 0x00, 0x7A,
  0x00, 0x00, 0x00, 0x0D, 0x00, 0x00, 0x00, 0x0C, 0x00, 0x00, 0x00, 0x0C,
  0x00, 0x00, 0x00, 0x0D, 0x00, 0x00, 0x00, 0x00, 0x00, 0x00, 0x00, 0x00,
  0x00, 0x00, 0x00, 0xB0, 0x00, 0x00, 0x00, 0x11, 0x00, 0x00, 0x00, 0x09,
  0x00, 0x00, 0x00, 0x09, 0x00, 0x00, 0x00, 0x11, 0x00, 0x00, 0x00, 0x00,
  0x00, 0x00, 0x00, 0x00, 0x00, 0x00, 0x20, 0x82, 0x00, 0x00, 0x00, 0x09,
  0x00, 0x00, 0x00, 0x09, 0x00, 0x00, 0x00, 0x09, 0x00, 0x00, 0x00, 0x05,
  0x00, 0x00, 0x00, 0x00, 0x00, 0x00, 0x00, 0x00, 0x00, 0x00, 0x40, 0xCB,
  0xFB, 0xEB, 0x8E, 0x07, 0x00, 0x00, 0x00, 0x00, 0x00, 0x00, 0x00, 0x00,
  0x00, 0x00, 0x00, 0x2F, 0xF9, 0xD7, 0x71, 0x9A, 0xFF, 0xA0, 0x00, 0x00,
  0x00, 0x00, 0x03, 0x00, 0x00, 0x00, 0x00, 0x00, 0x00, 0x9C, 0xFD, 0x1E,
  0x00, 0x00, 0xA6, 0xFE, 0x16, 0x00, 0x00, 0x18, 0xDB, 0x44, 0x00, 0x00,
  0x00, 0x00, 0x00, 0xC1, 0xE0, 0x00, 0x00, 0x00, 0x6C, 0xFF, 0x39, 0x00,
  0x00, 0xAE, 0xEF, 0x18, 0x00, 0x00, 0x00, 0x00, 0x00, 0xC1, 0xDF, 0x00,
  0x00, 0x00, 0x6B, 0xFF, 0x39, 0x00, 0x55, 0xFF, 0x60, 0x00, 0x00, 0x00,
  0x00, 0x00, 0x00, 0x9D, 0xFD, 0x1E, 0x00, 0x00, 0xA2, 0xFE, 0x17, 0x13,
  0xE9, 0xB9, 0x00, 0x00, 0x00, 0x00, 0x00, 0x00, 0x00, 0x2F, 0xF9, 0xD7,
  0x70, 0x96, 0xFF, 0xA0, 0x00, 0xA2, 0xF3, 0x1F, 0x00, 0x00, 0x00, 0x00,
  0x00, 0x00, 0x00, 0x00, 0x40, 0xCB, 0xFC, 0xEC, 0x8E, 0x08, 0x4B, 0xFF,
  0x6B, 0x00, 0x00, 0x00, 0x00, 0x00, 0x00, 0x00, 0x00, 0x00, 0x00, 0x00,
  0x00, 0x00, 0x00, 0x0E, 0xE2, 0xC2, 0x02, 0x00, 0x00, 0x00, 0x00, 0x00,
  0x00, 0x00, 0x00, 0x00, 0x00, 0x00, 0x00, 0x00, 0x00, 0x98, 0xF8, 0x26,
  0x1A, 0xAB, 0xF2, 0xF6, 0xB6, 0x21, 0x00, 0x00, 0x00, 0x00, 0x00, 0x00,
  0x00, 0x00, 0x3F, 0xFF, 0x77, 0x05, 0xD3, 0xF5, 0x81, 0x7B, 0xED, 0xE0,
  0x0C, 0x00, 0x00, 0x00, 0x00, 0x00, 0x00, 0x0A, 0xDC, 0xCC, 0x04, 0x4D,
  0xFF, 0x6A, 0x00, 0x00, 0x51, 0xFF, 0x60, 0x00, 0x00, 0x00, 0x00, 0x00,
  0x00, 0x8C, 0xFB, 0x2E, 0x00, 0x71, 0xFF, 0x2F, 0x00, 0x00, 0x18, 0xFF,
  0x85, 0x00, 0x00, 0x00, 0x00, 0x00, 0x37, 0xFD, 0x82, 0x00, 0x00, 0x71,
  0xFF, 0x30, 0x00, 0x00, 0x18, 0xFF, 0x85, 0x00, 0x00, 0x00, 0x00, 0x00,
  0xC0, 0xD4, 0x06, 0x00, 0x00, 0x4D, 0xFF, 0x6A, 0x00, 0x00, 0x51, 0xFF,
  0x62, 0x00, 0x00, 0x00, 0x00, 0x00, 0x14, 0x29, 0x00, 0x00, 0x00, 0x05,
  0xD3, 0xF5, 0x83, 0x7A, 0xEC, 0xE3, 0x0C, 0x00, 0x00, 0x00, 0x00, 0x00,
  0x00, 0x00, 0x00, 0x00, 0x00, 0x00, 0x1A, 0xAA, 0xF2, 0xF7, 0xB7, 0x23,
  0x00, 0x00, 0x00, 0x00, 0x00, 0x00, 0x00, 0x00, 0x6F, 0x6E, 0x00, 0x00,
  0x00, 0x00, 0x00, 0x80, 0xFF, 0x8D, 0x00, 0x00, 0x00, 0x00, 0x59, 0xFF,
  0xAF, 0x02, 0x00, 0x00, 0x00, 0x17, 0xF0, 0xE7, 0x10, 0x00, 0x00, 0x00,
  0x00, 0x99, 0xFF, 0x66, 0x00, 0x00, 0x00, 0x00, 0x17, 0xFA, 0xEB, 0x07,
  0x00, 0x00, 0x00, 0x00, 0x73, 0xFF, 0x96, 0x00, 0x00, 0x00, 0x00, 0x00,
  0xC5, 0xFF, 0x4E, 0x00, 0x00, 0x00, 0x00, 0x0A, 0xFB, 0xFF, 0x15, 0x00,
  0x00, 0x00, 0x00, 0x34, 0xFF, 0xEC, 0x00, 0x00, 0x00, 0x00, 0x00, 0x54,
  0xFF, 0xCF, 0x00, 0x00, 0x00, 0x00, 0x00, 0x65, 0xFF, 0xC1, 0x00, 0x00,
  0x00, 0x00, 0x00, 0x6A, 0xFF, 0xBC, 0x00, 0x00, 0x00, 0x00, 0x00, 0x65,
  0xFF, 0xC1, 0x00, 0x00, 0x00, 0x00, 0x00, 0x54, 0xFF, 0xCF, 0x00, 0x00,
  0x00, 0x00, 0x00, 0x34, 0xFF, 0xEC, 0x00, 0x00, 0x00, 0x00, 0x00, 0x0A,
  0xFB, 0xFF, 0x15, 0x00, 0x00, 0x00, 0x00, 0x00, 0xC5, 0xFF, 0x4E, 0x00,
  0x00, 0x00, 0x00, 0x00, 0x73, 0xFF, 0x96, 0x00, 0x00, 0x00, 0x00, 0x00,
  0x17, 0xFA, 0xEB, 0x07, 0x00, 0x00, 0x00, 0x00, 0x00, 0x99, 0xFF, 0x64,
  0x00, 0x00, 0x00, 0x00, 0x00, 0x17, 0xF0, 0xE3, 0x0D, 0x00, 0x00, 0x00,
  0x00, 0x00, 0x59, 0xFF, 0xA3, 0x00, 0x00, 0x00, 0x00, 0x00, 0x00, 0x80,
  0xFF, 0x7F, 0x00, 0x00, 0x00, 0x00, 0x00, 0x00, 0x6F, 0x72, 0x40, 0x9A,
  0x06, 0x00, 0x00, 0x00, 0x00, 0x00, 0x4F, 0xFE, 0xB4, 0x04, 0x00, 0x00,
  0x00, 0x00, 0x00, 0x79, 0xFF, 0x90, 0x00, 0x00, 0x00, 0x00, 0x00, 0x02,
  0xC5, 0xFF, 0x40, 0x00, 0x00, 0x00, 0x00, 0x00, 0x3B, 0xFF, 0xCF, 0x01,
  0x00, 0x00, 0x00, 0x00, 0x00, 0xC6, 0xFF, 0x49, 0x00, 0x00, 0x00, 0x00,
  0x00, 0x68, 0xFF, 0xAB, 0x00, 0x00, 0x00, 0x00, 0x00, 0x1D, 0xFF, 0xF5,
  0x08, 0x00, 0x00, 0x00, 0x00, 0x00, 0xE2, 0xFF, 0x3D, 0x00, 0x00, 0x00,
  0x00, 0x00, 0xB5, 0xFF, 0x6C, 0x00, 0x00, 0x00, 0x00, 0x00, 0x9A, 0xFF,
  0x8C, 0x00, 0x00, 0x00, 0x00, 0x00, 0x8A, 0xFF, 0x9C, 0x00, 0x00, 0x00,
  0x00, 0x00, 0x84, 0xFF, 0xA2, 0x00, 0x00, 0x00, 0x00, 0x00, 0x89, 0xFF,
  0x9C, 0x00, 0x00, 0x00, 0x00, 0x00, 0x98, 0xFF, 0x8B, 0x00, 0x00, 0x00,
  0x00, 0x00, 0xB4, 0xFF, 0x6C, 0x00, 0x00, 0x00, 0x00, 0x00, 0xDD, 0xFF,
  0x3D, 0x00, 0x00, 0x00, 0x00, 0x15, 0xFF, 0xF5, 0x08, 0x00, 0x00, 0x00,
  0x00, 0x5C, 0xFF, 0xAB, 0x00, 0x00, 0x00, 0x00, 0x00, 0xB5, 0xFF, 0x49,
  0x00, 0x00, 0x00, 0x00, 0x29, 0xFE, 0xCF, 0x01, 0x00, 0x00, 0x00, 0x00,
  0xB1, 0xFF, 0x40, 0x00, 0x00, 0x00, 0x00, 0x64, 0xFF, 0x90, 0x00, 0x00,
  0x00, 0x00, 0x49, 0xFB, 0xB4, 0x05, 0x00, 0x00, 0x00, 0x00, 0x40, 0x9A,
  0x06, 0x00, 0x00, 0x00, 0x00, 0x00, 0x00, 0x00, 0x00, 0x00, 0x00, 0x50,
  0xFF, 0xDC, 0x00, 0x00, 0x00, 0x00, 0x00, 0x00, 0x00, 0x00, 0x00, 0x00,
  0x00, 0x50, 0xFF, 0xDC, 0x00, 0x00, 0x00, 0x00, 0x00, 0x00, 0x00, 0x00,
  0x00, 0x00, 0x00, 0x50, 0xFF, 0xDC, 0x00, 0x00, 0x00, 0x00, 0x00, 0x00,
  0x00, 0x00, 0x00, 0x00, 0x00, 0x50, 0xFF, 0xDC, 0x00, 0x00, 0x00, 0x00,
  0x00, 0x00, 0x01, 0x0C, 0x0C, 0x0C, 0x0C, 0x59, 0xFF, 0xDF, 0x0C, 0x0C,
  0x0C, 0x0C, 0x07, 0x00, 0x14, 0xFF, 0xFF, 0xFF, 0xFF, 0xFF, 0xFF, 0xFF,
  0xFF, 0xFF, 0xFF, 0xFF, 0x9C, 0x00, 0x14, 0xFF, 0xFF, 0xFF, 0xFF, 0xFF,
  0xFF, 0xFF, 0xFF, 0xFF, 0xFF, 0xFF, 0x9C, 0x00, 0x00, 0x00, 0x00, 0x00,
  0x00, 0x50, 0xFF, 0xDC, 0x00, 0x00, 0x00, 0x00, 0x00, 0x00, 0x00, 0x00,
  0x00, 0x00, 0x00, 0x50, 0xFF, 0xDC, 0x00, 0x00, 0x00, 0x00, 0x00, 0x00,
  0x00, 0x00, 0x00, 0x00, 0x00, 0x50, 0xFF, 0xDC, 0x00, 0x00, 0x00, 0x00,
  0x00, 0x00, 0x00, 0x00, 0x00, 0x00, 0x00, 0x50, 0xFF, 0xDC, 0x00, 0x00,
  0x00, 0x00, 0x00, 0x00, 0x00, 0x00, 0x00, 0x00, 0x00, 0x50, 0xFF, 0xDC,
  0x00, 0x00, 0x00, 0x00, 0x00, 0x00, 0x00, 0x00, 0x00, 0x00, 0x00, 0x00,
  0x00, 0x00, 0x00, 0x00, 0x00, 0x00, 0x00, 0x00, 0x00, 0x00, 0x00, 0x00,
  0x00, 0x00, 0x00, 0x00, 0x00, 0x00, 0x00, 0x00, 0x00, 0x00, 0x6D, 0xC8,
  0xC8, 0xC8, 0xC8, 0xC8, 0x22, 0x8C, 0xFF, 0xFF, 0xFF, 0xFF, 0xFF, 0x2C,
  0x00, 0x00, 0x00, 0x00, 0x00, 0x00, 0x00, 0x00, 0x00, 0x00, 0x00, 0x00,
  0x00, 0x00, 0x00, 0x00, 0x00, 0x00, 0x00, 0x00, 0x00, 0x00, 0x00, 0x00,
  0x00, 0x00, 0x00, 0x00, 0x00, 0x00, 0x00, 0x00, 0x00, 0x00, 0x00, 0x00,
  0x00, 0x00, 0x00, 0x00, 0x00, 0x00, 0x00, 0x03, 0x7C, 0x82, 0x07, 0x00,
  0x00, 0x44, 0xFF, 0xFF, 0x58, 0x00, 0x00, 0x19, 0xE1, 0xE8, 0x26, 0x00,
  0x00, 0x00, 0x00, 0x00, 0x00, 0x00, 0x01, 0xDA, 0xF4, 0x0D, 0x00, 0x00,
  0x00, 0x00, 0x00, 0x00, 0x41, 0xFF, 0x9C, 0x00, 0x00, 0x00, 0x00, 0x00,
  0x00, 0x00, 0xA6, 0xFF, 0x37, 0x00, 0x00, 0x00, 0x00, 0x00, 0x00, 0x13,
  0xF8, 0xD3, 0x00, 0x00, 0x00, 0x00, 0x00, 0x00, 0x00, 0x71, 0xFF, 0x6D,
  0x00, 0x00, 0x00, 0x00, 0x00, 0x00, 0x00, 0xD6, 0xF6, 0x10, 0x00, 0x00,
  0x00, 0x00, 0x00, 0x00, 0x3B, 0xFF, 0xA3, 0x00, 0x00, 0x00, 0x00, 0x00,
  0x00, 0x00, 0xA0, 0xFF, 0x3E, 0x00, 0x00, 0x00, 0x00, 0x00, 0x00, 0x10,
  0xF6, 0xD8, 0x01, 0x00, 0x00, 0x00, 0x00, 0x00, 0x00, 0x6B, 0xFF, 0x73,
  0x00, 0x00, 0x00, 0x00, 0x00, 0x00, 0x00, 0xD0, 0xF9, 0x15, 0x00, 0x00,
  0x00, 0x00, 0x00, 0x00, 0x35, 0xFF, 0xA9, 0x00, 0x00, 0x00, 0x00, 0x00,
  0x00, 0x00, 0x9B, 0xFF, 0x44, 0x00, 0x00, 0x00, 0x00, 0x00, 0x00, 0x0D,
  0xF4, 0xDE, 0x02, 0x00, 0x00, 0x00, 0x00, 0x00, 0x00, 0x66, 0xFF, 0x7A,
  0x00, 0x00, 0x00, 0x00, 0x00, 0x00, 0x00, 0xCB, 0xFC, 0x18, 0x00, 0x00,
  0x00, 0x00, 0x00, 0x00, 0x31, 0xFF, 0xAF, 0x00, 0x00, 0x00, 0x00, 0x00,
  0x00, 0x00, 0x96, 0xFF, 0x4B, 0x00, 0x00, 0x00, 0x00, 0x00, 0x00, 0x00,
  0x00, 0x00, 0x00, 0x21, 0x9D, 0xE4, 0xFC, 0xF1, 0xC3, 0x5F, 0x01, 0x00,
  0x00, 0x00, 0x00, 0x2C, 0xEE, 0xFF, 0xF4, 0xC9, 0xDD, 0xFF, 0xFF, 0x97,
  0x00, 0x00, 0x00, 0x00, 0xC7, 0xFF, 0xB5, 0x0D, 0x00, 0x00, 0x4F, 0xFA,
  0xFF, 0x42, 0x00, 0x00, 0x2E, 0xFF, 0xF9, 0x17, 0x00, 0x00, 0x00, 0x00,
  0x94, 0xFF, 0xA9, 0x00, 0x00, 0x70, 0xFF, 0xBF, 0x00, 0x00, 0x00, 0x00,
  0x00, 0x44, 0xFF, 0xE7, 0x00, 0x00, 0x93, 0xFF, 0x99, 0x00, 0x00, 0x00,
  0x00, 0x00, 0x1D, 0xFF, 0xFF, 0x0B, 0x00, 0xA4, 0xFF, 0x8A, 0x00, 0x00,
  0x00, 0x00, 0x00, 0x0E, 0xFF, 0xFF, 0x1C, 0x00, 0xA8, 0xFF, 0x88, 0x00,
  0x00, 0x00, 0x00, 0x00, 0x0C, 0xFF, 0xFF, 0x20, 0x00, 0xA8, 0xFF, 0x88,
  0x00, 0x00, 0x00, 0x00, 0x00, 0x0C, 0xFF, 0xFF, 0x20, 0x00, 0xA8, 0xFF,
  0x88, 0x00, 0x00, 0x00, 0x00, 0x00, 0x0C, 0xFF, 0xFF, 0x20, 0x00, 0xA2,
  0xFF, 0x8A, 0x00, 0x00, 0x00, 0x00, 0x00, 0x0F, 0xFF, 0xFF, 0x1B, 0x00,
  0x8F, 0xFF, 0x9B, 0x00, 0x00, 0x00, 0x00, 0x00, 0x20, 0xFF, 0xFF, 0x08,
  0x00, 0x69, 0xFF, 0xC6, 0x00, 0x00, 0x00, 0x00, 0x00, 0x49, 0xFF, 0xE3,
  0x00, 0x00, 0x26, 0xFF, 0xFD, 0x21, 0x00, 0x00, 0x00, 0x00, 0x9C, 0xFF,
  0xA0, 0x00, 0x00, 0x00, 0xBD, 0xFF, 0xC4, 0x15, 0x00, 0x00, 0x55, 0xFC,
  0xFF, 0x3A, 0x00, 0x00, 0x00, 0x23, 0xE8, 0xFF, 0xF8, 0xCF, 0xE0, 0xFF,
  0xFF, 0x8B, 0x00, 0x00, 0x00, 0x00, 0x00, 0x1B, 0x97, 0xDF, 0xFC, 0xF3,
  0xC4, 0x5A, 0x00, 0x00, 0x00, 0x00, 0x00, 0x00, 0x00, 0x00, 0x0A, 0x5C,
  0xBC, 0x8A, 0x00, 0x00, 0x00, 0x00, 0x00, 0x00, 0x01, 0x3C, 0x9C, 0xF2,
  0xFF, 0xFF, 0x8C, 0x00, 0x00, 0x00, 0x00, 0x00, 0x00, 0xDB, 0xFF, 0xFF,
  0xF5, 0xE9, 0xFF, 0x8C, 0x00, 0x00, 0x00, 0x00, 0x00, 0x00, 0xFD, 0xBA,
  0x5C, 0x0C, 0xA0, 0xFF, 0x8C, 0x00, 0x00, 0x00, 0x00, 0x00, 0x00, 0x19,
  0x00, 0x00, 0x00, 0xA0, 0xFF, 0x8C, 0x00, 0x00, 0x00, 0x00, 0x00, 0x00,
  0x00, 0x00, 0x00, 0x00, 0xA0, 0xFF, 0x8C, 0x00, 0x00, 0x00, 0x00, 0x00,
  0x00, 0x00, 0x00, 0x00, 0x00, 0xA0, 0xFF, 0x8C, 0x00, 0x00, 0x00, 0x00,
  0x00, 0x00, 0x00, 0x00, 0x00, 0x00, 0xA0, 0xFF, 0x8C, 0x00, 0x00, 0x00,
  0x00, 0x00, 0x00, 0x00, 0x00, 0x00, 0x00, 0xA0, 0xFF, 0x8C, 0x00, 0x00,
  0x00, 0x00, 0x00, 0x00, 0x00, 0x00, 0x00, 0x00, 0xA0, 0xFF, 0x8C, 0x00,
  0x00, 0x00, 0x00, 0x00, 0x00, 0x00, 0x00, 0x00, 0x00, 0xA0, 0xFF, 0x8C,
  0x00, 0x00, 0x00, 0x00, 0x00, 0x00, 0x00, 0x00, 0x00, 0x00, 0xA0, 0xFF,
  0x8C, 0x00, 0x00, 0x00, 0x00, 0x00, 0x00, 0x00, 0x00, 0x00, 0x00, 0xA0,
  0xFF, 0x8C, 0x00, 0x00, 0x00, 0x00, 0x00, 0x00, 0x00, 0x00, 0x00, 0x00,
  0xA0, 0xFF, 0x8C, 0x00, 0x00, 0x00, 0x00, 0x00, 0x00, 0x00, 0x00, 0x00,
  0x00, 0xA0, 0xFF, 0x8C, 0x00, 0x00, 0x00, 0x00, 0x00, 0x00, 0x00, 0x00,
  0x00, 0x00, 0xA0, 0xFF, 0x8C, 0x00, 0x00, 0x00, 0x00, 0x00, 0x00, 0x00,
  0x00, 0x00, 0x00, 0xA0, 0xFF, 0x8C, 0x00, 0x00, 0x00, 0x00, 0x00, 0x00,
  0x00, 0x3E, 0xAF, 0xE8, 0xFC, 0xF3, 0xC5, 0x63, 0x02, 0x00, 0x00, 0x00,
  0x00, 0x7B, 0xFF, 0xFF, 0xEC, 0xCC, 0xE3, 0xFF, 0xFF, 0xAE, 0x02, 0x00,
  0x00, 0x3F, 0xFF, 0xFC, 0x62, 0x02, 0x00, 0x00, 0x5A, 0xFC, 0xFF, 0x61,
  0x00, 0x00, 0xAB, 0xFF, 0x94, 0x00, 0x00, 0x00, 0x00, 0x00, 0x9D, 0xFF,
  0xB5, 0x00, 0x00, 0xDC, 0xFF, 0x4E, 0x00, 0x00, 0x00, 0x00, 0x00, 0x62,
  0xFF, 0xCC, 0x00, 0x00, 0x00, 0x00, 0x00, 0x00, 0x00, 0x00, 0x00, 0x00,
  0x75, 0xFF, 0xAB, 0x00, 0x00, 0x00, 0x00, 0x00, 0x00, 0x00, 0x00, 0x00,
  0x01, 0xCD, 0xFF, 0x59, 0x00, 0x00, 0x00, 0x00, 0x00, 0x00, 0x00, 0x00,
  0x00, 0x70, 0xFF, 0xD3, 0x03, 0x00, 0x00, 0x00, 0x00, 0x00, 0x00, 0x00,
  0x00, 0x42, 0xFB, 0xF9, 0x32, 0x00, 0x00, 0x00, 0x00, 0x00, 0x00, 0x00,
  0x00, 0x30, 0xF1, 0xFF, 0x60, 0x00, 0x00, 0x00, 0x00, 0x00, 0x00, 0x00,
  0x00, 0x23, 0xE8, 0xFF, 0x7A, 0x00, 0x00, 0x00, 0x00, 0x00, 0x00, 0x00,
  0x00, 0x18, 0xDD, 0xFF, 0x8A, 0x00, 0x00, 0x00, 0x00, 0x00, 0x00, 0x00,
  0x00, 0x0F, 0xD0, 0xFF, 0x99, 0x01, 0x00, 0x00, 0x00, 0x00, 0x00, 0x00,
  0x00, 0x09, 0xC2, 0xFF, 0xA7, 0x02, 0x00, 0x00, 0x00, 0x00, 0x00, 0x00,
  0x00, 0x04, 0xB1, 0xFF, 0xB5, 0x05, 0x00, 0x00, 0x00, 0x00, 0x00, 0x00,
  0x00, 0x00, 0x7A, 0xFF, 0xFF, 0xD0, 0xC8, 0xC8, 0xC8, 0xC8, 0xC8, 0xC8,
  0xC8, 0x77, 0x00, 0x90, 0xFF, 0xFF, 0xFF, 0xFF, 0xFF, 0xFF, 0xFF, 0xFF,
  0xFF, 0xFF, 0x98, 0x00, 0x00, 0x00, 0x2D, 0xA6, 0xE9, 0xFD, 0xEF, 0xBA,
  0x56, 0x00, 0x00, 0x00, 0x00, 0x00, 0x55, 0xFA, 0xFF, 0xED, 0xCB, 0xE2,
  0xFF, 0xFF, 0x93, 0x00, 0x00, 0x00, 0x20, 0xF6, 0xFF, 0x7D, 0x04, 0x00,
  0x00, 0x51, 0xFB, 0xFF, 0x41, 0x00, 0x00, 0x85, 0xFF, 0xBC, 0x00, 0x00,
  0x00, 0x00, 0x00, 0xA9, 0xFF, 0x90, 0x00, 0x00, 0xB8, 0xFF, 0x76, 0x00,
  0x00, 0x00, 0x00, 0x00, 0x84, 0xFF, 0xA8, 0x00, 0x00, 0x00, 0x00, 0x00,
  0x00, 0x00, 0x00, 0x00, 0x00, 0xB2, 0xFF, 0x80, 0x00, 0x00, 0x00, 0x00,
  0x00, 0x00, 0x00, 0x00, 0x05, 0x76, 0xFF, 0xE9, 0x17, 0x00, 0x00, 0x00,
  0x00, 0x00, 0x5B, 0xC8, 0xCD, 0xF1, 0xFF, 0xD2, 0x2D, 0x00, 0x00, 0x00,
  0x00, 0x00, 0x00, 0x77, 0xFF, 0xFF, 0xFF, 0xFF, 0xC2, 0x31, 0x00, 0x00,
  0x00, 0x00, 0x00, 0x00, 0x00, 0x00, 0x05, 0x2A, 0x96, 0xFF, 0xF4, 0x2B,
  0x00, 0x00, 0x00, 0x00, 0x00, 0x00, 0x00, 0x00, 0x00, 0x00, 0xA1, 0xFF,
  0xA9, 0x00, 0x00, 0x00, 0x00, 0x00, 0x00, 0x00, 0x00, 0x00, 0x00, 0x4E,
  0xFF, 0xE6, 0x00, 0x00, 0xDD, 0xFF, 0x52, 0x00, 0x00, 0x00, 0x00, 0x00,
  0x48, 0xFF, 0xE9, 0x00, 0x00, 0xAE, 0xFF, 0x9A, 0x00, 0x00, 0x00, 0x00,
  0x00, 0x82, 0xFF, 0xBE, 0x00, 0x00, 0x44, 0xFF, 0xFD, 0x67, 0x02, 0x00,
  0x00, 0x4C, 0xF4, 0xFF, 0x56, 0x00, 0x00, 0x00, 0x7B, 0xFF, 0xFF, 0xEA,
  0xCA, 0xE3, 0xFF, 0xFF, 0x93, 0x00, 0x00, 0x00, 0x00, 0x00, 0x3D, 0xAD,
  0xEA, 0xFE, 0xEE, 0xB8, 0x4E, 0x00, 0x00, 0x00, 0x00, 0x00, 0x00, 0x00,
  0x00, 0x00, 0x00, 0x1E, 0xF2, 0xFF, 0x94, 0x00, 0x00, 0x00, 0x00, 0x00,
  0x00, 0x00, 0x00, 0x00, 0xB5, 0xFF, 0xFF, 0x94, 0x00, 0x00, 0x00, 0x00,
  0x00, 0x00, 0x00, 0x00, 0x5E, 0xFF, 0xFF, 0xFF, 0x94, 0x00, 0x00, 0x00,
  0x00, 0x00, 0x00, 0x00, 0x17, 0xED, 0xF3, 0xB5, 0xFF, 0x94, 0x00, 0x00,
  0x00, 0x00, 0x00, 0x00, 0x00, 0xAB, 0xFF, 0x6D, 0x98, 0xFF, 0x94, 0x00,
  0x00, 0x00, 0x00, 0x00, 0x00, 0x52, 0xFF, 0xC5, 0x02, 0x98, 0xFF, 0x94,
  0x00, 0x00, 0x00, 0x00, 0x00, 0x11, 0xE8, 0xF9, 0x28, 0x00, 0x98, 0xFF,
  0x94, 0x00, 0x00, 0x00, 0x00, 0x00, 0xA0, 0xFF, 0x7C, 0x00, 0x00, 0x98,
  0xFF, 0x94, 0x00, 0x00, 0x00, 0x00, 0x47, 0xFF, 0xD1, 0x05, 0x00, 0x00,
  0x98, 0xFF, 0x94, 0x00, 0x00, 0x00, 0x0D, 0xE1, 0xFC, 0x34, 0x00, 0x00,
  0x00, 0x98, 0xFF, 0x94, 0x00, 0x00, 0x00, 0x95, 0xFF, 0x8B, 0x00, 0x00,
  0x00, 0x00, 0x98, 0xFF, 0x94, 0x00, 0x00, 0x37, 0xFE, 0xFF, 0xD0, 0xC8,
  0xC8, 0xC8, 0xC8, 0xEA, 0xFF, 0xE9, 0xC8, 0xBF, 0x60, 0xFF, 0xFF, 0xFF,
  0xFF, 0xFF, 0xFF, 0xFF, 0xFF, 0xFF, 0xFF, 0xFF, 0xF4, 0x00, 0x00, 0x00,
  0x00, 0x00, 0x00, 0x00, 0x00, 0x98, 0xFF, 0x94, 0x00, 0x00, 0x00, 0x00,
  0x00, 0x00, 0x00, 0x00, 0x00, 0x00, 0x98, 0xFF, 0x94, 0x00, 0x00, 0x00,
  0x00, 0x00, 0x00, 0x00, 0x00, 0x00, 0x00, 0x98, 0xFF, 0x94, 0x00, 0x00,
  0x00, 0x00, 0x00, 0x00, 0x00, 0x00, 0x00, 0x00, 0x98, 0xFF, 0x94, 0x00,
  0x00, 0x00, 0x00, 0x00, 0xC5, 0xFF, 0xFF, 0xFF, 0xFF, 0xFF, 0xFF, 0xFF,
  0xFF, 0x08, 0x00, 0x00, 0x00, 0xDE, 0xFF, 0xFF, 0xFF, 0xFF, 0xFF, 0xFF,
  0xFF, 0xFF, 0x08, 0x00, 0x00, 0x00, 0xF8, 0xFF, 0x12, 0x00, 0x00, 0x00,
  0x00, 0x00, 0x00, 0x00, 0x00, 0x00, 0x12, 0xFF, 0xF6, 0x00, 0x00, 0x00,
  0x00, 0x00, 0x00, 0x00, 0x00, 0x00, 0x00, 0x2B, 0xFF, 0xDA, 0x00, 0x00,
  0x00, 0x00, 0x00, 0x00, 0x00, 0x00, 0x00, 0x00, 0x45, 0xFF, 0xBF, 0x00,
  0x00, 0x00, 0x00, 0x00, 0x00, 0x00, 0x00, 0x00, 0x00, 0x5E, 0xFF, 0xC8,
  0xA6, 0xE9, 0xFE, 0xE7, 0xA0, 0x21, 0x00, 0x00, 0x00, 0x00, 0x78, 0xFF,
  0xFF, 0xFF, 0xF7, 0xF9, 0xFF, 0xFF, 0xF0, 0x35, 0x00, 0x00, 0x00, 0x5E,
  0xDD, 0xC2, 0x2D, 0x00, 0x03, 0x49, 0xE3, 0xFF, 0xD8, 0x03, 0x00, 0x00,
  0x00, 0x00, 0x01, 0x00, 0x00, 0x00, 0x00, 0x2F, 0xFE, 0xFF, 0x44, 0x00,
  0x00, 0x00, 0x00, 0x00, 0x00, 0x00, 0x00, 0x00, 0x00, 0xC5, 0xFF, 0x79,
  0x00, 0x00, 0x00, 0x00, 0x00, 0x00, 0x00, 0x00, 0x00, 0x00, 0xA8, 0xFF,
  0x8A, 0x00, 0x1F, 0xFF, 0xF4, 0x04, 0x00, 0x00, 0x00, 0x00, 0x00, 0xBE,
  0xFF, 0x7A, 0x00, 0x01, 0xE4, 0xFF, 0x51, 0x00, 0x00, 0x00, 0x00, 0x16,
  0xF8, 0xFF, 0x44, 0x00, 0x00, 0x74, 0xFF, 0xE6, 0x33, 0x00, 0x00, 0x17,
  0xBE, 0xFF, 0xD7, 0x03, 0x00, 0x00, 0x04, 0xB0, 0xFF, 0xFF, 0xD9, 0xCF,
  0xF9, 0xFF, 0xEE, 0x32, 0x00, 0x00, 0x00, 0x00, 0x02, 0x65, 0xC7, 0xF6,
  0xFC, 0xE0, 0x96, 0x1D, 0x00, 0x00, 0x00, 0x00, 0x00, 0x00, 0x00, 0x1C,
  0x82, 0xC8, 0xEF, 0xE9, 0x00, 0x00, 0x00, 0x00, 0x00, 0x00, 0x00, 0x67,
  0xF6, 0xFF, 0xFF, 0xF0, 0xCA, 0x00, 0x00, 0x00, 0x00, 0x00, 0x00, 0x6A,
  0xFF, 0xFE, 0x98, 0x28, 0x00, 0x00, 0x00, 0x00, 0x00, 0x00, 0x00, 0x21,
  0xF9, 0xFF, 0x59, 0x00, 0x00, 0x00, 0x00, 0x00, 0x00, 0x00, 0x00, 0x00,
  0x95, 0xFF, 0x9D, 0x00, 0x00, 0x00, 0x00, 0x00, 0x00, 0x00, 0x00, 0x00,
  0x01, 0xEA, 0xFF, 0x2B, 0x00, 0x00, 0x00, 0x00, 0x00, 0x00, 0x00, 0x00,
  0x00, 0x26, 0xFF, 0xE7, 0x29, 0xA6, 0xEA, 0xFD, 0xE4, 0x97, 0x16, 0x00,
  0x00, 0x00, 0x50, 0xFF, 0xEB, 0xF4, 0xFF, 0xD9, 0xD2, 0xFC, 0xFF, 0xE1,
  0x1A, 0x00, 0x00, 0x66, 0xFF, 0xFF, 0xD9, 0x33, 0x00, 0x00, 0x26, 0xDC,
  0xFF, 0xAA, 0x00, 0x00, 0x6F, 0xFF, 0xF4, 0x1F, 0x00, 0x00, 0x00, 0x00,
  0x3F, 0xFF, 0xFD, 0x14, 0x00, 0x6F, 0xFF, 0xC1, 0x00, 0x00, 0x00, 0x00,
  0x00, 0x00, 0xE9, 0xFF, 0x46, 0x00, 0x60, 0xFF, 0xCA, 0x00, 0x00, 0x00,
  0x00, 0x00, 0x00, 0xD2, 0xFF, 0x55, 0x00, 0x33, 0xFF, 0xF6, 0x09, 0x00,
  0x00, 0x00, 0x00, 0x00, 0xE8, 0xFF, 0x41, 0x00, 0x01, 0xDF, 0xFF, 0x6B,
  0x00, 0x00, 0x00, 0x00, 0x3D, 0xFF, 0xF8, 0x0D, 0x00, 0x00, 0x60, 0xFF,
  0xF6, 0x4E, 0x00, 0x00, 0x2A, 0xDD, 0xFF, 0x94, 0x00, 0x00, 0x00, 0x00,
  0x99, 0xFF, 0xFF, 0xE0, 0xD6, 0xFE, 0xFF, 0xCA, 0x0D, 0x00, 0x00, 0x00,
  0x00, 0x00, 0x5C, 0xC9, 0xF7, 0xFA, 0xD4, 0x7A, 0x08, 0x00, 0x00, 0x14,
  0xFF, 0xFF, 0xFF, 0xFF, 0xFF, 0xFF, 0xFF, 0xFF, 0xFF, 0xFF, 0xFF, 0x74,
  0x10, 0xC8, 0xC8, 0xC8, 0xC8, 0xC8, 0xC8, 0xC8, 0xC8, 0xC8, 0xFA, 0xFF,
  0x51, 0x00, 0x00, 0x00, 0x00, 0x00, 0x00, 0x00, 0x00, 0x00, 0x30, 0xFF,
  0xDE, 0x03, 0x00, 0x00, 0x00, 0x00, 0x00, 0x00, 0x00, 0x00, 0x00, 0xA4,
  0xFF, 0x6E, 0x00, 0x00, 0x00, 0x00, 0x00, 0x00, 0x00, 0x00, 0x00, 0x1F,
  0xFC, 0xEF, 0x0C, 0x00, 0x00, 0x00, 0x00, 0x00, 0x00, 0x00, 0x00, 0x00,
  0x91, 0xFF, 0x88, 0x00, 0x00, 0x00, 0x00, 0x00, 0x00, 0x00, 0x00, 0x00,
  0x13, 0xF5, 0xFB, 0x1B, 0x00, 0x00, 0x00, 0x00, 0x00, 0x00, 0x00, 0x00,
  0x00, 0x80, 0xFF, 0xA2, 0x00, 0x00, 0x00, 0x00, 0x00, 0x00, 0x00, 0x00,
  0x00, 0x0B, 0xED, 0xFF, 0x31, 0x00, 0x00, 0x00, 0x00, 0x00, 0x00, 0x00,
  0x00, 0x00, 0x6C, 0xFF, 0xBD, 0x00, 0x00, 0x00, 0x00, 0x00, 0x00, 0x00,
  0x00, 0x00, 0x04, 0xE0, 0xFF, 0x4A, 0x00, 0x00, 0x00, 0x00, 0x00, 0x00,
  0x00, 0x00, 0x00, 0x5B, 0xFF, 0xD5, 0x01, 0x00, 0x00, 0x00, 0x00, 0x00,
  0x00, 0x00, 0x00, 0x01, 0xD0, 0xFF, 0x65, 0x00, 0x00, 0x00, 0x00, 0x00,
  0x00, 0x00, 0x00, 0x00, 0x48, 0xFF, 0xEA, 0x08, 0x00, 0x00, 0x00, 0x00,
  0x00, 0x00, 0x00, 0x00, 0x00, 0xBF, 0xFF, 0x7F, 0x00, 0x00, 0x00, 0x00,
  0x00, 0x00, 0x00, 0x00, 0x00, 0x37, 0xFF, 0xF7, 0x16, 0x00, 0x00, 0x00,
  0x00, 0x00, 0x00, 0x00, 0x00, 0x00, 0xAB, 0xFF, 0x9B, 0x00, 0x00, 0x00,
  0x00, 0x00, 0x00, 0x00, 0x00, 0x00, 0x00, 0x23, 0x9A, 0xE2, 0xFD, 0xF3,
  0xC3, 0x62, 0x02, 0x00, 0x00, 0x00, 0x00, 0x3A, 0xF4, 0xFF, 0xF6, 0xCE,
  0xE1, 0xFF, 0xFF, 0xAB, 0x02, 0x00, 0x00, 0x02, 0xDB, 0xFF, 0xB5, 0x10,
  0x00, 0x00, 0x52, 0xFA, 0xFF, 0x5D, 0x00, 0x00, 0x2F, 0xFF, 0xFD, 0x15,
  0x00, 0x00, 0x00, 0x00, 0x97, 0xFF, 0xAE, 0x00, 0x00, 0x44, 0xFF, 0xE7,
  0x00, 0x00, 0x00, 0x00, 0x00, 0x68, 0xFF, 0xC4, 0x00, 0x00, 0x22, 0xFF,
  0xFD, 0x15, 0x00, 0x00, 0x00, 0x00, 0x92, 0xFF, 0xA1, 0x00, 0x00, 0x00,
  0xB2, 0xFF, 0xB3, 0x0E, 0x00, 0x00, 0x49, 0xF8, 0xFB, 0x33, 0x00, 0x00,
  0x00, 0x11, 0xBB, 0xFF, 0xF4, 0xC8, 0xDA, 0xFF, 0xF1, 0x54, 0x00, 0x00,
  0x00, 0x00, 0x08, 0x8D, 0xFF, 0xFF, 0xFF, 0xFF, 0xFF, 0xD4, 0x35, 0x00,
  0x00, 0x00, 0x01, 0xB5, 0xFF, 0xC2, 0x35, 0x05, 0x16, 0x75, 0xFA, 0xF7,
  0x3A, 0x00, 0x00, 0x52, 0xFF, 0xE3, 0x0B, 0x00, 0x00, 0x00, 0x00, 0x74,
  0xFF, 0xD1, 0x00, 0x00, 0x9A, 0xFF, 0x93, 0x00, 0x00, 0x00, 0x00, 0x00,
  0x14, 0xFF, 0xFF, 0x19, 0x00, 0xA6, 0xFF, 0x87, 0x00, 0x00, 0x00, 0x00,
  0x00, 0x07, 0xFF, 0xFF, 0x26, 0x00, 0x82, 0xFF, 0xC4, 0x00, 0x00, 0x00,
  0x00, 0x00, 0x44, 0xFF, 0xF9, 0x09, 0x00, 0x25, 0xFB, 0xFF, 0x82, 0x07,
  0x00, 0x00, 0x2D, 0xDC, 0xFF, 0x9F, 0x00, 0x00, 0x00, 0x63, 0xFC, 0xFF,
  0xF1, 0xCC, 0xDA, 0xFF, 0xFF, 0xCA, 0x10, 0x00, 0x00, 0x00, 0x00, 0x30,
  0xA3, 0xE3, 0xFD, 0xF4, 0xC9, 0x6F, 0x07, 0x00, 0x00, 0x00, 0x00, 0x00,
  0x32, 0xAC, 0xEB, 0xFD, 0xE9, 0xA0, 0x20, 0x00, 0x00, 0x00, 0x00, 0x00,
  0x57, 0xFB, 0xFF, 0xEE, 0xD0, 0xF7, 0xFF, 0xEE, 0x31, 0x00, 0x00, 0x00,
  0x1A, 0xF5, 0xFF, 0x85, 0x05, 0x00, 0x12, 0xB6, 0xFF, 0xDB, 0x05, 0x00,
  0x00, 0x80, 0xFF, 0xC1, 0x00, 0x00, 0x00, 0x00, 0x0C, 0xE6, 0xFF, 0x58,
  0x00, 0x00, 0xBD, 0xFF, 0x6B, 0x00, 0x00, 0x00, 0x00, 0x00, 0x86, 0xFF,
  0xA5, 0x00, 0x00, 0xD2, 0xFF, 0x55, 0x00, 0x00, 0x00, 0x00, 0x00, 0x52,
  0xFF, 0xD2, 0x00, 0x00, 0xC3, 0xFF, 0x6F, 0x00, 0x00, 0x00, 0x00, 0x00,
  0x42, 0xFF, 0xE6, 0x00, 0x00, 0x8B, 0xFF, 0xC7, 0x00, 0x00, 0x00, 0x00,
  0x00, 0x9D, 0xFF, 0xE7, 0x00, 0x00, 0x28, 0xFC, 0xFF, 0x8B, 0x05, 0x00,
  0x0D, 0x91, 0xFF, 0xFF, 0xE0, 0x00, 0x00, 0x00, 0x74, 0xFF, 0xFF, 0xEF,
  0xD4, 0xF6, 0xFE, 0xAE, 0xFF, 0xCD, 0x00, 0x00, 0x00, 0x00, 0x4E, 0xC4,
  0xF7, 0xF8, 0xC0, 0x41, 0x5D, 0xFF, 0xAF, 0x00, 0x00, 0x00, 0x00, 0x00,
  0x00, 0x00, 0x00, 0x00, 0x00, 0x8C, 0xFF, 0x7A, 0x00, 0x00, 0x00, 0x00,
  0x00, 0x00, 0x00, 0x00, 0x00, 0x07, 0xE3, 0xFF, 0x2E, 0x00, 0x00, 0x00,
  0x00, 0x00, 0x00, 0x00, 0x00, 0x01, 0x93, 0xFF, 0xBC, 0x00, 0x00, 0x00,
  0x00, 0x00, 0x00, 0x00, 0x04, 0x3D, 0xB8, 0xFF, 0xEF, 0x24, 0x00, 0x00,
  0x00, 0x00, 0x00, 0x5B, 0xDF, 0xF8, 0xFF, 0xFF, 0xDA, 0x30, 0x00, 0x00,
  0x00, 0x00, 0x00, 0x00, 0x6C, 0xF9, 0xE4, 0xB3, 0x61, 0x07, 0x00, 0x00,
  0x00, 0x00, 0x00, 0x03, 0x7C, 0x82, 0x07, 0x00, 0x00, 0x44, 0xFF, 0xFF,
  0x58, 0x00, 0x00, 0x19, 0xE1, 0xE8, 0x26, 0x00, 0x00, 0x00, 0x00, 0x00,
  0x00, 0x00, 0x00, 0x00, 0x00, 0x00, 0x00, 0x00, 0x00, 0x00, 0x00, 0x00,
  0x00, 0x00, 0x00, 0x00, 0x00, 0x00, 0x00, 0x00, 0x00, 0x00, 0x00, 0x00,
  0x00, 0x00, 0x00, 0x00, 0x00, 0x00, 0x00, 0x00, 0x00, 0x00, 0x00, 0x00,
  0x00, 0x00, 0x00, 0x03, 0x7C, 0x82, 0x07, 0x00, 0x00, 0x44, 0xFF, 0xFF,
  0x58, 0x00, 0x00, 0x19, 0xE1, 0xE8, 0x26, 0x00, 0x00, 0x00, 0x00, 0x00,
  0x00, 0x00, 0x59, 0xFF, 0xF6, 0x0F, 0x00, 0x00, 0x00, 0x00, 0x00, 0x00,
  0x00, 0x00, 0x00, 0x00, 0x00, 0x00, 0xBC, 0xFF, 0xFF, 0x68, 0x00, 0x00,
  0x00, 0x00, 0x00, 0x00, 0x00, 0x00, 0x00, 0x00, 0x00, 0x1E, 0xFE, 0xFE,
  0xFF, 0xCA, 0x00, 0x00, 0x00, 0x00, 0x00, 0x00, 0x00, 0x00, 0x00, 0x00,
  0x00, 0x80, 0xFF, 0x9B, 0xE8, 0xFF, 0x2C, 0x00, 0x00, 0x00, 0x00, 0x00,
  0x00, 0x00, 0x00, 0x00, 0x02, 0xDF, 0xFF, 0x39, 0x8C, 0xFF, 0x8E, 0x00,
  0x00, 0x00, 0x00, 0x00, 0x00, 0x00, 0x00, 0x00, 0x43, 0xFF, 0xDB, 0x01,
  0x2F, 0xFF, 0xEB, 0x05, 0x00, 0x00, 0x00, 0x00, 0x00, 0x00, 0x00, 0x00,
  0xA4, 0xFF, 0x7E, 0x00, 0x00, 0xD1, 0xFF, 0x54, 0x00, 0x00, 0x00, 0x00,
  0x00, 0x00, 0x00, 0x10, 0xF6, 0xFF, 0x21, 0x00, 0x00, 0x74, 0xFF, 0xB5,
  0x00, 0x00, 0x00, 0x00, 0x00, 0x00, 0x00, 0x68, 0xFF, 0xC4, 0x00, 0x00,
  0x00, 0x18, 0xFD, 0xFD, 0x1B, 0x00, 0x00, 0x00, 0x00, 0x00, 0x00, 0xCB,
  0xFF, 0x65, 0x00, 0x00, 0x00, 0x00, 0xB8, 0xFF, 0x7B, 0x00, 0x00, 0x00,
  0x00, 0x00, 0x2C, 0xFF, 0xF8, 0x10, 0x00, 0x00, 0x00, 0x00, 0x5A, 0xFF,
  0xDB, 0x01, 0x00, 0x00, 0x00, 0x00, 0x8E, 0xFF, 0xF9, 0xD8, 0xD8, 0xD8,
  0xD8, 0xD8, 0xE0, 0xFF, 0xFF, 0x40, 0x00, 0x00, 0x00, 0x05, 0xEB, 0xFF,
  0xFF, 0xFF, 0xFF, 0xFF, 0xFF, 0xFF, 0xFF, 0xFF, 0xFF, 0xA1, 0x00, 0x00,
  0x00, 0x52, 0xFF, 0xEB, 0x05, 0x00, 0x00, 0x00, 0x00, 0x00, 0x00, 0x40,
  0xFF, 0xF6, 0x0E, 0x00, 0x00, 0xB4, 0xFF, 0x92, 0x00, 0x00, 0x00, 0x00,
  0x00, 0x00, 0x00, 0x02, 0xE2, 0xFF, 0x66, 0x00, 0x18, 0xFC, 0xFF, 0x34,
  0x00, 0x00, 0x00, 0x00, 0x00, 0x00, 0x00, 0x00, 0x84, 0xFF, 0xC8, 0x00,
  0x78, 0xFF, 0xD7, 0x00, 0x00, 0x00, 0x00, 0x00, 0x00, 0x00, 0x00, 0x00,
  0x28, 0xFF, 0xFF, 0x2C, 0x00, 0x04, 0xFF, 0xFF, 0xFF, 0xFF, 0xFF, 0xFF,
  0xF5, 0xD3, 0x8D, 0x1A, 0x00, 0x00, 0x00, 0x00, 0x04, 0xFF, 0xFF, 0xE2,
  0xD8, 0xD8, 0xD9, 0xE9, 0xFF, 0xFF, 0xED, 0x2C, 0x00, 0x00, 0x00, 0x04,
  0xFF, 0xFF, 0x40, 0x00, 0x00, 0x00, 0x00, 0x2C, 0xD5, 0xFF, 0xC0, 0x00,
  0x00, 0x00, 0x04, 0xFF, 0xFF, 0x40, 0x00, 0x00, 0x00, 0x00, 0x00, 0x46,
  0xFF, 0xFF, 0x0E, 0x00, 0x00, 0x04, 0xFF, 0xFF, 0x40, 0x00, 0x00, 0x00,
  0x00, 0x00, 0x24, 0xFF, 0xFF, 0x20, 0x00, 0x00, 0x04, 0xFF, 0xFF, 0x40,
  0x00, 0x00, 0x00, 0x00, 0x00, 0x55, 0xFF, 0xF4, 0x07, 0x00, 0x00, 0x04,
  0xFF, 0xFF, 0x40, 0x00, 0x00, 0x00, 0x00, 0x3B, 0xE5, 0xFF, 0x80, 0x00,
  0x00, 0x00, 0x04, 0xFF, 0xFF, 0xDE, 0xE0, 0xE0, 0xE1, 0xF4, 0xFF, 0xF7,
  0x7F, 0x02, 0x00, 0x00, 0x00, 0x04, 0xFF, 0xFF, 0xFF, 0xFF, 0xFF, 0xFF,
  0xFF, 0xFF, 0xFB, 0xA3, 0x10, 0x00, 0x00, 0x00, 0x04, 0xFF, 0xFF, 0x40,
  0x00, 0x00, 0x00, 0x07, 0x37, 0xC2, 0xFF, 0xC6, 0x03, 0x00, 0x00, 0x04,
  0xFF, 0xFF, 0x40, 0x00, 0x00, 0x00, 0x00, 0x00, 0x0F, 0xF0, 0xFF, 0x51,
  0x00, 0x00, 0x04, 0xFF, 0xFF, 0x40, 0x00, 0x00, 0x00, 0x00, 0x00, 0x00,
  0xB6, 0xFF, 0x8D, 0x00, 0x00, 0x04, 0xFF, 0xFF, 0x40, 0x00, 0x00, 0x00,
  0x00, 0x00, 0x00, 0xB1, 0xFF, 0x92, 0x00, 0x00, 0x04, 0xFF, 0xFF, 0x40,
  0x00, 0x00, 0x00, 0x00, 0x00, 0x0B, 0xEC, 0xFF, 0x6A, 0x00, 0x00, 0x04,
  0xFF, 0xFF, 0x40, 0x00, 0x00, 0x00, 0x00, 0x1E, 0xB9, 0xFF, 0xF2, 0x15,
  0x00, 0x00, 0x04, 0xFF, 0xFF, 0xE2, 0xD8, 0xD8, 0xD8, 0xE1, 0xFF, 0xFF,
  0xF7, 0x4D, 0x00, 0x00, 0x00, 0x04, 0xFF, 0xFF, 0xFF, 0xFF, 0xFF, 0xFF,
  0xFA, 0xDC, 0x97, 0x25, 0x00, 0x00, 0x00, 0x00, 0x00, 0x00, 0x00, 0x0E,
  0x79, 0xCB, 0xF4, 0xFD, 0xE6, 0xAB, 0x3D, 0x00, 0x00, 0x00, 0x00, 0x00,
  0x00, 0x00, 0x34, 0xE4, 0xFF, 0xFF, 0xE9, 0xDB, 0xF8, 0xFF, 0xFF, 0x82,
  0x00, 0x00, 0x00, 0x00, 0x00, 0x20, 0xED, 0xFF, 0xC0, 0x2D, 0x00, 0x00,
  0x07, 0x70, 0xFC, 0xFF, 0x5E, 0x00, 0x00, 0x00, 0x00, 0xAE, 0xFF, 0xC9,
  0x06, 0x00, 0x00, 0x00, 0x00, 0x00, 0x7F, 0xFF, 0xE5, 0x04, 0x00, 0x00,
  0x1B, 0xFE, 0xFF, 0x3E, 0x00, 0x00, 0x00, 0x00, 0x00, 0x00, 0x12, 0xFC,
  0xFF, 0x3F, 0x00, 0x00, 0x60, 0xFF, 0xE8, 0x01, 0x00, 0x00, 0x00, 0x00,
  0x00, 0x00, 0x00, 0xCD, 0xFF, 0x76, 0x00, 0x00, 0x87, 0xFF, 0xBB, 0x00,
  0x00, 0x00, 0x00, 0x00, 0x00, 0x00, 0x00, 0x00, 0x00, 0x00, 0x00, 0x00,
  0x96, 0xFF, 0xAA, 0x00, 0x00, 0x00, 0x00, 0x00, 0x00, 0x00, 0x00, 0x00,
  0x00, 0x00, 0x00, 0x00, 0x98, 0xFF, 0xA8, 0x00, 0x00, 0x00, 0x00, 0x00,
  0x00, 0x00, 0x00, 0x00, 0x00, 0x00, 0x00, 0x00, 0x96, 0xFF, 0xAA, 0x00,
  0x00, 0x00, 0x00, 0x00, 0x00, 0x00, 0x00, 0x00, 0x00, 0x00, 0x00, 0x00,
  0x87, 0xFF, 0xBB, 0x00, 0x00, 0x00, 0x00, 0x00, 0x00, 0x00, 0x00, 0x00,
  0x00, 0x00, 0x00, 0x00, 0x60, 0xFF, 0xE9, 0x01, 0x00, 0x00, 0x00, 0x00,
  0x00, 0x00, 0x00, 0xCF, 0xFF, 0x74, 0x00, 0x00, 0x1B, 0xFE, 0xFF, 0x3C,
  0x00, 0x00, 0x00, 0x00, 0x00, 0x00, 0x16, 0xFD, 0xFF, 0x3E, 0x00, 0x00,
  0x00, 0xAE, 0xFF, 0xC5, 0x04, 0x00, 0x00, 0x00, 0x00, 0x00, 0x83, 0xFF,
  0xDE, 0x02, 0x00, 0x00, 0x00, 0x21, 0xF0, 0xFF, 0xB6, 0x21, 0x00, 0x00,
  0x0B, 0x74, 0xFD, 0xFF, 0x53, 0x00, 0x00, 0x00, 0x00, 0x00, 0x39, 0xE9,
  0xFF, 0xFF, 0xE3, 0xDE, 0xFB, 0xFF, 0xFD, 0x73, 0x00, 0x00, 0x00, 0x00,
  0x00, 0x00, 0x00, 0x13, 0x82, 0xD3, 0xF9, 0xFA, 0xE0, 0xA1, 0x30, 0x00,
  0x00, 0x00, 0x00, 0x00, 0x04, 0xFF, 0xFF, 0xFF, 0xFF, 0xFF, 0xF7, 0xD6,
  0x91, 0x27, 0x00, 0x00, 0x00, 0x00, 0x00, 0x00, 0x04, 0xFF, 0xFF, 0xE2,
  0xD8, 0xD8, 0xE3, 0xFE, 0xFF, 0xFC, 0x7F, 0x01, 0x00, 0x00, 0x00, 0x00,
  0x04, 0xFF, 0xFF, 0x40, 0x00, 0x00, 0x00, 0x14, 0x7C, 0xF9, 0xFF, 0x89,
  0x00, 0x00, 0x00, 0x00, 0x04, 0xFF, 0xFF, 0x40, 0x00, 0x00, 0x00, 0x00,
  0x00, 0x49, 0xFD, 0xFF, 0x3D, 0x00, 0x00, 0x00, 0x04, 0xFF, 0xFF, 0x40,
  0x00, 0x00, 0x00, 0x00, 0x00, 0x00, 0x9E, 0xFF, 0xB5, 0x00, 0x00, 0x00,
  0x04, 0xFF, 0xFF, 0x40, 0x00, 0x00, 0x00, 0x00, 0x00, 0x00, 0x3B, 0xFF,
  0xFA, 0x0C, 0x00, 0x00, 0x04, 0xFF, 0xFF, 0x40, 0x00, 0x00, 0x00, 0x00,
  0x00, 0x00, 0x07, 0xFD, 0xFF, 0x38, 0x00, 0x00, 0x04, 0xFF, 0xFF, 0x40,
  0x00, 0x00, 0x00, 0x00, 0x00, 0x00, 0x00, 0xEC, 0xFF, 0x4F, 0x00, 0x00,
  0x04, 0xFF, 0xFF, 0x40, 0x00, 0x00, 0x00, 0x00, 0x00, 0x00, 0x00, 0xE8,
  0xFF, 0x54, 0x00, 0x00, 0x04, 0xFF, 0xFF, 0x40, 0x00, 0x00, 0x00, 0x00,
  0x00, 0x00, 0x00, 0xEE, 0xFF, 0x50, 0x00, 0x00, 0x04, 0xFF, 0xFF, 0x40,
  0x00, 0x00, 0x00, 0x00, 0x00, 0x00, 0x0A, 0xFF, 0xFF, 0x38, 0x00, 0x00,
  0x04, 0xFF, 0xFF, 0x40, 0x00, 0x00, 0x00, 0x00, 0x00, 0x00, 0x44, 0xFF,
  0xFC, 0x0D, 0x00, 0x00, 0x04, 0xFF, 0xFF, 0x40, 0x00, 0x00, 0x00, 0x00,
  0x00, 0x00, 0xA9, 0xFF, 0xB8, 0x00, 0x00, 0x00, 0x04, 0xFF, 0xFF, 0x40,
  0x00, 0x00, 0x00, 0x00, 0x00, 0x5B, 0xFF, 0xFF, 0x3E, 0x00, 0x00, 0x00,
  0x04, 0xFF, 0xFF, 0x40, 0x00, 0x00, 0x00, 0x1E, 0x8D, 0xFD, 0xFF, 0x8A,
  0x00, 0x00, 0x00, 0x00, 0x04, 0xFF, 0xFF, 0xE2, 0xD8, 0xD9, 0xEA, 0xFF,
  0xFF, 0xFB, 0x7D, 0x01, 0x00, 0x00, 0x00, 0x00, 0x04, 0xFF, 0xFF, 0xFF,
  0xFF, 0xFF, 0xF5, 0xCF, 0x8B, 0x23, 0x00, 0x00, 0x00, 0x00, 0x00, 0x00,
  0x04, 0xFF, 0xFF, 0xFF, 0xFF, 0xFF, 0xFF, 0xFF, 0xFF, 0xFF, 0xFF, 0xB4,
  0x00, 0x00, 0x04, 0xFF, 0xFF, 0xE2, 0xD8, 0xD8, 0xD8, 0xD8, 0xD8, 0xD8,
  0xD8, 0x98, 0x00, 0x00, 0x04, 0xFF, 0xFF, 0x40, 0x00, 0x00, 0x00, 0x00,
  0x00, 0x00, 0x00, 0x00, 0x00, 0x00, 0x04, 0xFF, 0xFF, 0x40, 0x00, 0x00,
  0x00, 0x00, 0x00, 0x00, 0x00, 0x00, 0x00, 0x00, 0x04, 0xFF, 0xFF, 0x40,
  0x00, 0x00, 0x00, 0x00, 0x00, 0x00, 0x00, 0x00, 0x00, 0x00, 0x04, 0xFF,
  0xFF, 0x40, 0x00, 0x00, 0x00, 0x00, 0x00, 0x00, 0x00, 0x00, 0x00, 0x00,
  0x04, 0xFF, 0xFF, 0x40, 0x00, 0x00, 0x00, 0x00, 0x00, 0x00, 0x00, 0x00,
  0x00, 0x00, 0x04, 0xFF, 0xFF, 0xE2, 0xD8, 0xD8, 0xD8, 0xD8, 0xD8, 0xD8,
  0x87, 0x00, 0x00, 0x00, 0x04, 0xFF, 0xFF, 0xFF, 0xFF, 0xFF, 0xFF, 0xFF,
  0xFF, 0xFF, 0xA0, 0x00, 0x00, 0x00, 0x04, 0xFF, 0xFF, 0x40, 0x00, 0x00,
  0x00, 0x00, 0x00, 0x00, 0x00, 0x00, 0x00, 0x00, 0x04, 0xFF, 0xFF, 0x40,
  0x00, 0x00, 0x00, 0x00, 0x00, 0x00, 0x00, 0x00, 0x00, 0x00, 0x04, 0xFF,
  0xFF, 0x40, 0x00, 0x00, 0x00, 0x00, 0x00, 0x00, 0x00, 0x00, 0x00, 0x00,
  0x04, 0xFF, 0xFF, 0x40, 0x00, 0x00, 0x00, 0x00, 0x00, 0x00, 0x00, 0x00,
  0x00, 0x00, 0x04, 0xFF, 0xFF, 0x40, 0x00, 0x00, 0x00, 0x00, 0x00, 0x00,
  0x00, 0x00, 0x00, 0x00, 0x04, 0xFF, 0xFF, 0x40, 0x00, 0x00, 0x00, 0x00,
  0x00, 0x00, 0x00, 0x00, 0x00, 0x00, 0x04, 0xFF, 0xFF, 0xE2, 0xD8, 0xD8,
  0xD8, 0xD8, 0xD8, 0xD8, 0xD8, 0xB3, 0x00, 0x00, 0x04, 0xFF, 0xFF, 0xFF,
  0xFF, 0xFF, 0xFF, 0xFF, 0xFF, 0xFF, 0xFF, 0xD4, 0x00, 0x00, 0x04, 0xFF,
  0xFF, 0xFF, 0xFF, 0xFF, 0xFF, 0xFF, 0xFF, 0xFF, 0xFF, 0x8C, 0x00, 0x04,
  0xFF, 0xFF, 0xE2, 0xD8, 0xD8, 0xD8, 0xD8, 0xD8, 0xD8, 0xD8, 0x76, 0x00,
  0x04, 0xFF, 0xFF, 0x40, 0x00, 0x00, 0x00, 0x00, 0x00, 0x00, 0x00, 0x00,
  0x00, 0x04, 0xFF, 0xFF, 0x40, 0x00, 0x00, 0x00, 0x00, 0x00, 0x00, 0x00,
  0x00, 0x00, 0x04, 0xFF, 0xFF, 0x40, 0x00, 0x00, 0x00, 0x00, 0x00, 0x00,
  0x00, 0x00, 0x00, 0x04, 0xFF, 0xFF, 0x40, 0x00, 0x00, 0x00, 0x00, 0x00,
  0x00, 0x00, 0x00, 0x00, 0x04, 0xFF, 0xFF, 0x40, 0x00, 0x00, 0x00, 0x00,
  0x00, 0x00, 0x00, 0x00, 0x00, 0x04, 0xFF, 0xFF, 0xE5, 0xDC, 0xDC, 0xDC,
  0xDC, 0xDC, 0xDC, 0x56, 0x00, 0x00, 0x04, 0xFF, 0xFF, 0xFF, 0xFF, 0xFF,
  0xFF, 0xFF, 0xFF, 0xFF, 0x64, 0x00, 0x00, 0x04, 0xFF, 0xFF, 0x40, 0x00,
  0x00, 0x00, 0x00, 0x00, 0x00, 0x00, 0x00, 0x00, 0x04, 0xFF, 0xFF, 0x40,
  0x00, 0x00, 0x00, 0x00, 0x00, 0x00, 0x00, 0x00, 0x00, 0x04, 0xFF, 0xFF,
  0x40, 0x00, 0x00, 0x00, 0x00, 0x00, 0x00, 0x00, 0x00, 0x00, 0x04, 0xFF,
  0xFF, 0x40, 0x00, 0x00, 0x00, 0x00, 0x00, 0x00, 0x00, 0x00, 0x00, 0x04,
  0xFF, 0xFF, 0x40, 0x00, 0x00, 0x00, 0x00, 0x00, 0x00, 0x00, 0x00, 0x00,
  0x04, 0xFF, 0xFF, 0x40, 0x00, 0x00, 0x00, 0x00, 0x00, 0x00, 0x00, 0x00,
  0x00, 0x04, 0xFF, 0xFF, 0x40, 0x00, 0x00, 0x00, 0x00, 0x00, 0x00, 0x00,
  0x00, 0x00, 0x04, 0xFF, 0xFF, 0x40, 0x00, 0x00, 0x00, 0x00, 0x00, 0x00,
  0x00, 0x00, 0x00, 0x00, 0x00, 0x00, 0x14, 0x82, 0xCF, 0xF5, 0xFD, 0xEC,
  0xBB, 0x5D, 0x03, 0x00, 0x00, 0x00, 0x00, 0x00, 0x00, 0x40, 0xED, 0xFF,
  0xFF, 0xE9, 0xDC, 0xF5, 0xFF, 0xFF, 0xBF, 0x0E, 0x00, 0x00, 0x00, 0x00,
  0x26, 0xF4, 0xFF, 0xBC, 0x2B, 0x00, 0x00, 0x03, 0x54, 0xEC, 0xFF, 0xA9,
  0x00, 0x00, 0x00, 0x00, 0xB2, 0xFF, 0xC8, 0x05, 0x00, 0x00, 0x00, 0x00,
  0x00, 0x3F, 0xFF, 0xFF, 0x2E, 0x00, 0x00, 0x1A, 0xFE, 0xFF, 0x42, 0x00,
  0x00, 0x00, 0x00, 0x00, 0x00, 0x00, 0xCF, 0xFF, 0x7C, 0x00, 0x00, 0x58,
  0xFF, 0xF0, 0x02, 0x00, 0x00, 0x00, 0x00, 0x00, 0x00, 0x00, 0x00, 0x00,
  0x00, 0x00, 0x00, 0x7E, 0xFF, 0xC8, 0x00, 0x00, 0x00, 0x00, 0x00, 0x00,
  0x00, 0x00, 0x00, 0x00, 0x00, 0x00, 0x00, 0x8E, 0xFF, 0xB6, 0x00, 0x00,
  0x00, 0x00, 0x00, 0x00, 0x00, 0x00, 0x00, 0x00, 0x00, 0x00, 0x00, 0x90,
  0xFF, 0xB4, 0x00, 0x00, 0x00, 0x00, 0x81, 0xD4, 0xD4, 0xD4, 0xD4, 0xD4,
  0x7E, 0x00, 0x00, 0x8C, 0xFF, 0xB7, 0x00, 0x00, 0x00, 0x00, 0x9C, 0xFF,
  0xFF, 0xFF, 0xFF, 0xFF, 0x98, 0x00, 0x00, 0x7A, 0xFF, 0xCD, 0x00, 0x00,
  0x00, 0x00, 0x00, 0x00, 0x00, 0x00, 0xA8, 0xFF, 0x98, 0x00, 0x00, 0x4F,
  0xFF, 0xF8, 0x0A, 0x00, 0x00, 0x00, 0x00, 0x00, 0x00, 0x00, 0xA8, 0xFF,
  0x98, 0x00, 0x00, 0x0D, 0xF6, 0xFF, 0x62, 0x00, 0x00, 0x00, 0x00, 0x00,
  0x00, 0x00, 0xA8, 0xFF, 0x98, 0x00, 0x00, 0x00, 0x92, 0xFF, 0xE9, 0x1B,
  0x00, 0x00, 0x00, 0x00, 0x00, 0x00, 0xA9, 0xFF, 0x98, 0x00, 0x00, 0x00,
  0x10, 0xDB, 0xFF, 0xE2, 0x4F, 0x03, 0x00, 0x00, 0x10, 0x75, 0xF9, 0xFF,
  0x7D, 0x00, 0x00, 0x00, 0x00, 0x1D, 0xCC, 0xFF, 0xFF, 0xF4, 0xDA, 0xE3,
  0xFE, 0xFF, 0xFF, 0x9B, 0x04, 0x00, 0x00, 0x00, 0x00, 0x00, 0x04, 0x5F,
  0xBB, 0xEC, 0xFE, 0xF6, 0xD9, 0x9E, 0x3A, 0x00, 0x00, 0x00, 0x00, 0x04,
  0xFF, 0xFF, 0x40, 0x00, 0x00, 0x00, 0x00, 0x00, 0x00, 0x00, 0x28, 0xFF,
  0xFF, 0x18, 0x00, 0x00, 0x04, 0xFF, 0xFF, 0x40, 0x00, 0x00, 0x00, 0x00,
  0x00, 0x00, 0x00, 0x28, 0xFF, 0xFF, 0x18, 0x00, 0x00, 0x04, 0xFF, 0xFF,
  0x40, 0x00, 0x00, 0x00, 0x00, 0x00, 0x00, 0x00, 0x28, 0xFF, 0xFF, 0x18,
  0x00, 0x00, 0x04, 0xFF, 0xFF, 0x40, 0x00, 0x00, 0x00, 0x00, 0x00, 0x00,
  0x00, 0x28, 0xFF, 0xFF, 0x18, 0x00, 0x00, 0x04, 0xFF, 0xFF, 0x40, 0x00,
  0x00, 0x00, 0x00, 0x00, 0x00, 0x00, 0x28, 0xFF, 0xFF, 0x18, 0x00, 0x00,
  0x04, 0xFF, 0xFF, 0x40, 0x00, 0x00, 0x00, 0x00, 0x00, 0x00, 0x00, 0x28,
  0xFF, 0xFF, 0x18, 0x00, 0x00, 0x04, 0xFF, 0xFF, 0x40, 0x00, 0x00, 0x00,
  0x00, 0x00, 0x00, 0x00, 0x28, 0xFF, 0xFF, 0x18, 0x00, 0x00, 0x04, 0xFF,
  0xFF, 0xE2, 0xD8, 0xD8, 0xD8, 0xD8, 0xD8, 0xD8, 0xD8, 0xE2, 0xFF, 0xFF,
  0x18, 0x00, 0x00, 0x04, 0xFF, 0xFF, 0xFF, 0xFF, 0xFF, 0xFF, 0xFF, 0xFF,
  0xFF, 0xFF, 0xFF, 0xFF, 0xFF, 0x18, 0x00, 0x00, 0x04, 0xFF, 0xFF, 0x40,
  0x00, 0x00, 0x00, 0x00, 0x00, 0x00, 0x00, 0x28, 0xFF, 0xFF, 0x18, 0x00,
  0x00, 0x04, 0xFF, 0xFF, 0x40, 0x00, 0x00, 0x00, 0x00, 0x00, 0x00, 0x00,
  0x28, 0xFF, 0xFF, 0x18, 0x00, 0x00, 0x04, 0xFF, 0xFF, 0x40, 0x00, 0x00,
  0x00, 0x00, 0x00, 0x00, 0x00, 0x28, 0xFF, 0xFF, 0x18, 0x00, 0x00, 0x04,
  0xFF, 0xFF, 0x40, 0x00, 0x00, 0x00, 0x00, 0x00, 0x00, 0x00, 0x28, 0xFF,
  0xFF, 0x18, 0x00, 0x00, 0x04, 0xFF, 0xFF, 0x40, 0x00, 0x00, 0x00, 0x00,
  0x00, 0x00, 0x00, 0x28, 0xFF, 0xFF, 0x18, 0x00, 0x00, 0x04, 0xFF, 0xFF,
  0x40, 0x00, 0x00, 0x00, 0x00, 0x00, 0x00, 0x00, 0x28, 0xFF, 0xFF, 0x18,
  0x00, 0x00, 0x04, 0xFF, 0xFF, 0x40, 0x00, 0x00, 0x00, 0x00, 0x00, 0x00,
  0x00, 0x28, 0xFF, 0xFF, 0x18, 0x00, 0x00, 0x04, 0xFF, 0xFF, 0x40, 0x00,
  0x00, 0x00, 0x00, 0x00, 0x00, 0x00, 0x28, 0xFF, 0xFF, 0x18, 0x00, 0x00,
  0x00, 0xDC, 0xFF, 0x68, 0x00, 0x00, 0x00, 0x00, 0xDC, 0xFF, 0x68, 0x00,
  0x00, 0x00, 0x00, 0xDC, 0xFF, 0x68, 0x00, 0x00, 0x00, 0x00, 0xDC, 0xFF,
  0x68, 0x00, 0x00, 0x00, 0x00, 0xDC, 0xFF, 0x68, 0x00, 0x00, 0x00, 0x00,
  0xDC, 0xFF, 0x68, 0x00, 0x00, 0x00, 0x00, 0xDC, 0xFF, 0x68, 0x00, 0x00,
  0x00, 0x00, 0xDC, 0xFF, 0x68, 0x00, 0x00, 0x00, 0x00, 0xDC, 0xFF, 0x68,
  0x00, 0x00, 0x00, 0x00, 0xDC, 0xFF, 0x68, 0x00, 0x00, 0x00, 0x00, 0xDC,
  0xFF, 0x68, 0x00, 0x00, 0x00, 0x00, 0xDC, 0xFF, 0x68, 0x00, 0x00, 0x00,
  0x00, 0xDC, 0xFF, 0x68, 0x00, 0x00, 0x00, 0x00, 0xDC, 0xFF, 0x68, 0x00,
  0x00, 0x00, 0x00, 0xDC, 0xFF, 0x68, 0x00, 0x00, 0x00, 0x00, 0xDC, 0xFF,
  0x68, 0x00, 0x00, 0x00, 0x00, 0xDC, 0xFF, 0x68, 0x00, 0x00, 0x00, 0x00,
  0x00, 0x00, 0x00, 0x00, 0x00, 0x00, 0x00, 0xDC, 0xFF, 0x64, 0x00, 0x00,
  0x00, 0x00, 0x00, 0x00, 0x00, 0x00, 0x00, 0x00, 0xDC, 0xFF, 0x64, 0x00,
  0x00, 0x00, 0x00, 0x00, 0x00, 0x00, 0x00, 0x00, 0x00, 0xDC, 0xFF, 0x64,
  0x00, 0x00, 0x00, 0x00, 0x00, 0x00, 0x00, 0x00, 0x00, 0x00, 0xDC, 0xFF,
  0x64, 0x00, 0x00, 0x00, 0x00, 0x00, 0x00, 0x00, 0x00, 0x00, 0x00, 0xDC,
  0xFF, 0x64, 0x00, 0x00, 0x00, 0x00, 0x00, 0x00, 0x00, 0x00, 0x00, 0x00,
  0xDC, 0xFF, 0x64, 0x00, 0x00, 0x00, 0x00, 0x00, 0x00, 0x00, 0x00, 0x00,
  0x00, 0xDC, 0xFF, 0x64, 0x00, 0x00, 0x00, 0x00, 0x00, 0x00, 0x00, 0x00,
  0x00, 0x00, 0xDC, 0xFF, 0x64, 0x00, 0x00, 0x00, 0x00, 0x00, 0x00, 0x00,
  0x00, 0x00, 0x00, 0xDC, 0xFF, 0x64, 0x00, 0x00, 0x00, 0x00, 0x00, 0x00,
  0x00, 0x00, 0x00, 0x00, 0xDC, 0xFF, 0x64, 0x00, 0x00, 0x00, 0x00, 0x00,
  0x00, 0x00, 0x00, 0x00, 0x00, 0xDC, 0xFF, 0x64, 0x00, 0x00, 0x00, 0x00,
  0x00, 0x00, 0x00, 0x00, 0x00, 0x00, 0xDC, 0xFF, 0x64, 0x00, 0x59, 0xFF,
  0xED, 0x00, 0x00, 0x00, 0x00, 0x00, 0x00, 0xEA, 0xFF, 0x59, 0x00, 0x32,
  0xFF, 0xFF, 0x2C, 0x00, 0x00, 0x00, 0x00, 0x36, 0xFF, 0xFF, 0x2C, 0x00,
  0x01, 0xD4, 0xFF, 0xD0, 0x27, 0x00, 0x00, 0x2F, 0xDB, 0xFF, 0xC6, 0x00,
  0x00, 0x00, 0x2F, 0xEC, 0xFF, 0xFF, 0xE2, 0xE2, 0xFF, 0xFF, 0xE3, 0x24,
  0x00, 0x00, 0x00, 0x00, 0x19, 0x8F, 0xD8, 0xFA, 0xFA, 0xD5, 0x85, 0x12,
  0x00, 0x00, 0x00, 0x00, 0x04, 0xFF, 0xFF, 0x40, 0x00, 0x00, 0x00, 0x00,
  0x00, 0x01, 0x9F, 0xFF, 0xEF, 0x2B, 0x00, 0x00, 0x04, 0xFF, 0xFF, 0x40,
  0x00, 0x00, 0x00, 0x00, 0x00, 0x86, 0xFF, 0xF8, 0x3D, 0x00, 0x00, 0x00,
  0x04, 0xFF, 0xFF, 0x40, 0x00, 0x00, 0x00, 0x00, 0x6D, 0xFF, 0xFD, 0x51,
  0x00, 0x00, 0x00, 0x00, 0x04, 0xFF, 0xFF, 0x40, 0x00, 0x00, 0x00, 0x56,
  0xFE, 0xFF, 0x6A, 0x00, 0x00, 0x00, 0x00, 0x00, 0x04, 0xFF, 0xFF, 0x40,
  0x00, 0x00, 0x43, 0xF9, 0xFF, 0x84, 0x00, 0x00, 0x00, 0x00, 0x00, 0x00,
  0x04, 0xFF, 0xFF, 0x40, 0x00, 0x30, 0xF1, 0xFF, 0x9F, 0x01, 0x00, 0x00,
  0x00, 0x00, 0x00, 0x00, 0x04, 0xFF, 0xFF, 0x40, 0x22, 0xE7, 0xFF, 0xB6,
  0x04, 0x00, 0x00, 0x00, 0x00, 0x00, 0x00, 0x00, 0x04, 0xFF, 0xFF, 0x56,
  0xDD, 0xFF, 0xF9, 0x12, 0x00, 0x00, 0x00, 0x00, 0x00, 0x00, 0x00, 0x00,
  0x04, 0xFF, 0xFF, 0xF0, 0xFF, 0xFF, 0xFF, 0x97, 0x00, 0x00, 0x00, 0x00,
  0x00, 0x00, 0x00, 0x00, 0x04, 0xFF, 0xFF, 0xFF, 0xD7, 0x70, 0xFF, 0xFF,
  0x5A, 0x00, 0x00, 0x00, 0x00, 0x00, 0x00, 0x00, 0x04, 0xFF, 0xFF, 0xDC,
  0x1B, 0x00, 0x97, 0xFF, 0xF4, 0x29, 0x00, 0x00, 0x00, 0x00, 0x00, 0x00,
  0x04, 0xFF, 0xFF, 0x47, 0x00, 0x00, 0x07, 0xCC, 0xFF, 0xD5, 0x0B, 0x00,
  0x00, 0x00, 0x00, 0x00, 0x04, 0xFF, 0xFF, 0x40, 0x00, 0x00, 0x00, 0x21,
  0xEF, 0xFF, 0xA3, 0x00, 0x00, 0x00, 0x00, 0x00, 0x04, 0xFF, 0xFF, 0x40,
  0x00, 0x00, 0x00, 0x00, 0x4F, 0xFF, 0xFF, 0x66, 0x00, 0x00, 0x00, 0x00,
  0x04, 0xFF, 0xFF, 0x40, 0x00, 0x00, 0x00, 0x00, 0x00, 0x8B, 0xFF, 0xF8,
  0x31, 0x00, 0x00, 0x00, 0x04, 0xFF, 0xFF, 0x40, 0x00, 0x00, 0x00, 0x00,
  0x00, 0x04, 0xC3, 0xFF, 0xDD, 0x0F, 0x00, 0x00, 0x04, 0xFF, 0xFF, 0x40,
  0x00, 0x00, 0x00, 0x00, 0x00, 0x00, 0x1B, 0xEA, 0xFF, 0xAE, 0x01, 0x00,
  0x04, 0xFF, 0xFF, 0x40, 0x00, 0x00, 0x00, 0x00, 0x00, 0x00, 0x00, 0x00,
  0x00, 0x04, 0xFF, 0xFF, 0x40, 0x00, 0x00, 0x00, 0x00, 0x00, 0x00, 0x00,
  0x00, 0x00, 0x04, 0xFF, 0xFF, 0x40, 0x00, 0x00, 0x00, 0x00, 0x00, 0x00,
  0x00, 0x00, 0x00, 0x04, 0xFF, 0xFF, 0x40, 0x00, 0x00, 0x00, 0x00, 0x00,
  0x00, 0x00, 0x00, 0x00, 0x04, 0xFF, 0xFF, 0x40, 0x00, 0x00, 0x00, 0x00,
  0x00, 0x00, 0x00, 0x00, 0x00, 0x04, 0xFF, 0xFF, 0x40, 0x00, 0x00, 0x00,
  0x00, 0x00, 0x00, 0x00, 0x00, 0x00, 0x04, 0xFF, 0xFF, 0x40, 0x00, 0x00,
  0x00, 0x00, 0x00, 0x00, 0x00, 0x00, 0x00, 0x04, 0xFF, 0xFF, 0x40, 0x00,
  0x00, 0x00, 0x00, 0x00, 0x00, 0x00, 0x00, 0x00, 0x04, 0xFF, 0xFF, 0x40,
  0x00, 0x00, 0x00, 0x00, 0x00, 0x00, 0x00, 0x00, 0x00, 0x04, 0xFF, 0xFF,
  0x40, 0x00, 0x00, 0x00, 0x00, 0x00, 0x00, 0x00, 0x00, 0x00, 0x04, 0xFF,
  0xFF, 0x40, 0x00, 0x00, 0x00, 0x00, 0x00, 0x00, 0x00, 0x00, 0x00, 0x04,
  0xFF, 0xFF, 0x40, 0x00, 0x00, 0x00, 0x00, 0x00, 0x00, 0x00, 0x00, 0x00,
  0x04, 0xFF, 0xFF, 0x40, 0x00, 0x00, 0x00, 0x00, 0x00, 0x00, 0x00, 0x00,
  0x00, 0x04, 0xFF, 0xFF, 0x40, 0x00, 0x00, 0x00, 0x00, 0x00, 0x00, 0x00,
  0x00, 0x00, 0x04, 0xFF, 0xFF, 0x40, 0x00, 0x00, 0x00, 0x00, 0x00, 0x00,
  0x00, 0x00, 0x00, 0x04, 0xFF, 0xFF, 0xE2, 0xD8, 0xD8, 0xD8, 0xD8, 0xD8,
  0xD8, 0xD8, 0x47, 0x00, 0x04, 0xFF, 0xFF, 0xFF, 0xFF, 0xFF, 0xFF, 0xFF,
  0xFF, 0xFF, 0xFF, 0x54, 0x00, 0x04, 0xFF, 0xFF, 0xFC, 0x1C, 0x00, 0x00,
  0x00, 0x00, 0x00, 0x00, 0x00, 0x00, 0x00, 0x25, 0xFF, 0xFF, 0xF8, 0x00,
  0x00, 0x00, 0x04, 0xFF, 0xFF, 0xFF, 0x7E, 0x00, 0x00, 0x00, 0x00, 0x00,
  0x00, 0x00, 0x00, 0x00, 0x8B, 0xFF, 0xFF, 0xF8, 0x00, 0x00, 0x00, 0x04,
  0xFF, 0xFF, 0xFF, 0xE3, 0x03, 0x00, 0x00, 0x00, 0x00, 0x00, 0x00, 0x00,
  0x07, 0xEB, 0xFF, 0xFF, 0xF8, 0x00, 0x00, 0x00, 0x04, 0xFF, 0xFF, 0xE5,
  0xFF, 0x4E, 0x00, 0x00, 0x00, 0x00, 0x00, 0x00, 0x00, 0x59, 0xFF, 0xE6,
  0xFF, 0xF8, 0x00, 0x00, 0x00, 0x04, 0xFF, 0xFF, 0x87, 0xFF, 0xB5, 0x00,
  0x00, 0x00, 0x00, 0x00, 0x00, 0x00, 0xC0, 0xFF, 0x87, 0xFF, 0xF8, 0x00,
  0x00, 0x00, 0x04, 0xFF, 0xFF, 0x2C, 0xFA, 0xFD, 0x1F, 0x00, 0x00, 0x00,
  0x00, 0x00, 0x27, 0xFF, 0xF6, 0x32, 0xFF, 0xF8, 0x00, 0x00, 0x00, 0x04,
  0xFF, 0xFF, 0x1E, 0xA8, 0xFF, 0x84, 0x00, 0x00, 0x00, 0x00, 0x00, 0x8E,
  0xFF, 0x9C, 0x2A, 0xFF, 0xF8, 0x00, 0x00, 0x00, 0x04, 0xFF, 0xFF, 0x26,
  0x40, 0xFF, 0xE6, 0x04, 0x00, 0x00, 0x00, 0x08, 0xED, 0xFF, 0x34, 0x32,
  0xFF, 0xF8, 0x00, 0x00, 0x00, 0x04, 0xFF, 0xFF, 0x2E, 0x01, 0xD7, 0xFF,
  0x53, 0x00, 0x00, 0x00, 0x5B, 0xFF, 0xCC, 0x00, 0x3A, 0xFF, 0xF8, 0x00,
  0x00, 0x00, 0x04, 0xFF, 0xFF, 0x36, 0x00, 0x70, 0xFF, 0xBA, 0x00, 0x00,
  0x00, 0xC2, 0xFF, 0x64, 0x00, 0x42, 0xFF, 0xF8, 0x00, 0x00, 0x00, 0x04,
  0xFF, 0xFF, 0x3C, 0x00, 0x11, 0xF6, 0xFE, 0x22, 0x00, 0x2A, 0xFF, 0xF0,
  0x0B, 0x00, 0x48, 0xFF, 0xF8, 0x00, 0x00, 0x00, 0x04, 0xFF, 0xFF, 0x3C,
  0x00, 0x00, 0xA0, 0xFF, 0x87, 0x00, 0x91, 0xFF, 0x93, 0x00, 0x00, 0x48,
  0xFF, 0xF8, 0x00, 0x00, 0x00, 0x04, 0xFF, 0xFF, 0x3C, 0x00, 0x00, 0x39,
  0xFF, 0xEA, 0x10, 0xEF, 0xFF, 0x2A, 0x00, 0x00, 0x48, 0xFF, 0xF8, 0x00,
  0x00, 0x00, 0x04, 0xFF, 0xFF, 0x3C, 0x00, 0x00, 0x00, 0xD0, 0xFF, 0xB5,
  0xFF, 0xC2, 0x00, 0x00, 0x00, 0x48, 0xFF, 0xF8, 0x00, 0x00, 0x00, 0x04,
  0xFF, 0xFF, 0x3C, 0x00, 0x00, 0x00, 0x68, 0xFF, 0xFF, 0xFF, 0x59, 0x00,
  0x00, 0x00, 0x48, 0xFF, 0xF8, 0x00, 0x00, 0x00, 0x04, 0xFF, 0xFF, 0x3C,
  0x00, 0x00, 0x00, 0x0D, 0xF3, 0xFF, 0xEA, 0x07, 0x00, 0x00, 0x00, 0x48,
  0xFF, 0xF8, 0x00, 0x00, 0x00, 0x04, 0xFF, 0xFF, 0x3C, 0x00, 0x00, 0x00,
  0x00, 0x98, 0xFF, 0x87, 0x00, 0x00, 0x00, 0x00, 0x48, 0xFF, 0xF8, 0x00,
  0x00, 0x00, 0x04, 0xFF, 0xFF, 0x94, 0x00, 0x00, 0x00, 0x00, 0x00, 0x00,
  0x00, 0x20, 0xFF, 0xFF, 0x1C, 0x00, 0x00, 0x04, 0xFF, 0xFF, 0xFE, 0x3E,
  0x00, 0x00, 0x00, 0x00, 0x00, 0x00, 0x20, 0xFF, 0xFF, 0x1C, 0x00, 0x00,
  0x04, 0xFF, 0xFF, 0xFF, 0xDB, 0x0A, 0x00, 0x00, 0x00, 0x00, 0x00, 0x20,
  0xFF, 0xFF, 0x1C, 0x00, 0x00, 0x04, 0xFF, 0xFF, 0xFF, 0xFF, 0x8B, 0x00,
  0x00, 0x00, 0x00, 0x00, 0x20, 0xFF, 0xFF, 0x1C, 0x00, 0x00, 0x04, 0xFF,
  0xFF, 0x9A, 0xFF, 0xFD, 0x38, 0x00, 0x00, 0x00, 0x00, 0x20, 0xFF, 0xFF,
  0x1C, 0x00, 0x00, 0x04, 0xFF, 0xFF, 0x40, 0xB1, 0xFF, 0xD4, 0x07, 0x00,
  0x00, 0x00, 0x20, 0xFF, 0xFF, 0x1C, 0x00, 0x00, 0x04, 0xFF, 0xFF, 0x40,
  0x1B, 0xF0, 0xFF, 0x84, 0x00, 0x00, 0x00, 0x20, 0xFF, 0xFF, 0x1C, 0x00,
  0x00, 0x04, 0xFF, 0xFF, 0x40, 0x00, 0x65, 0xFF, 0xFB, 0x31, 0x00, 0x00,
  0x20, 0xFF, 0xFF, 0x1C, 0x00, 0x00, 0x04, 0xFF, 0xFF, 0x40, 0x00, 0x01,
  0xBB, 0xFF, 0xCF, 0x05, 0x00, 0x20, 0xFF, 0xFF, 0x1C, 0x00, 0x00, 0x04,
  0xFF, 0xFF, 0x40, 0x00, 0x00, 0x20, 0xF4, 0xFF, 0x7C, 0x00, 0x20, 0xFF,
  0xFF, 0x1C, 0x00, 0x00, 0x04, 0xFF, 0xFF, 0x40, 0x00, 0x00, 0x00, 0x6E,
  0xFF, 0xF9, 0x2C, 0x20, 0xFF, 0xFF, 0x1C, 0x00, 0x00, 0x04, 0xFF, 0xFF,
  0x40, 0x00, 0x00, 0x00, 0x02, 0xC3, 0xFF, 0xC8, 0x23, 0xFF, 0xFF, 0x1C,
  0x00, 0x00, 0x04, 0xFF, 0xFF, 0x40, 0x00, 0x00, 0x00, 0x00, 0x27, 0xF8,
  0xFF, 0x95, 0xFF, 0xFF, 0x1C, 0x00, 0x00, 0x04, 0xFF, 0xFF, 0x40, 0x00,
  0x00, 0x00, 0x00, 0x00, 0x75, 0xFF, 0xFE, 0xFF, 0xFF, 0x1C, 0x00, 0x00,
  0x04, 0xFF, 0xFF, 0x40, 0x00, 0x00, 0x00, 0x00, 0x00, 0x04, 0xCC, 0xFF,
  0xFF, 0xFF, 0x1C, 0x00, 0x00, 0x04, 0xFF, 0xFF, 0x40, 0x00, 0x00, 0x00,
  0x00, 0x00, 0x00, 0x2E, 0xFA, 0xFF, 0xFF, 0x1C, 0x00, 0x00, 0x04, 0xFF,
  0xFF, 0x40, 0x00, 0x00, 0x00, 0x00, 0x00, 0x00, 0x00, 0x80, 0xFF, 0xFF,
  0x1C, 0x00, 0x00, 0x00, 0x00, 0x00, 0x0A, 0x72, 0xC9, 0xF4, 0xFD, 0xE5,
  0xA8, 0x3B, 0x00, 0x00, 0x00, 0x00, 0x00, 0x00, 0x00, 0x00, 0x29, 0xDC,
  0xFF, 0xFF, 0xFA, 0xEF, 0xFF, 0xFF, 0xFF, 0x8F, 0x01, 0x00, 0x00, 0x00,
  0x00, 0x00, 0x15, 0xE4, 0xFF, 0xD3, 0x45, 0x03, 0x00, 0x16, 0x7C, 0xFA,
  0xFF, 0x83, 0x00, 0x00, 0x00, 0x00, 0x00, 0x9C, 0xFF, 0xD9, 0x0F, 0x00,
  0x00, 0x00, 0x00, 0x00, 0x58, 0xFF, 0xFC, 0x27, 0x00, 0x00, 0x00, 0x12,
  0xF9, 0xFF, 0x4E, 0x00, 0x00, 0x00, 0x00, 0x00, 0x00, 0x00, 0xC0, 0xFF,
  0x93, 0x00, 0x00, 0x00, 0x57, 0xFF, 0xEE, 0x03, 0x00, 0x00, 0x00, 0x00,
  0x00, 0x00, 0x00, 0x69, 0xFF, 0xDC, 0x00, 0x00, 0x00, 0x84, 0xFF, 0xBF,
  0x00, 0x00, 0x00, 0x00, 0x00, 0x00, 0x00, 0x00, 0x38, 0xFF, 0xFF, 0x09,
  0x00, 0x00, 0x98, 0xFF, 0xA8, 0x00, 0x00, 0x00, 0x00, 0x00, 0x00, 0x00,
  0x00, 0x24, 0xFF, 0xFF, 0x1C, 0x00, 0x00, 0x9C, 0xFF, 0xA4, 0x00, 0x00,
  0x00, 0x00, 0x00, 0x00, 0x00, 0x00, 0x20, 0xFF, 0xFF, 0x20, 0x00, 0x00,
  0x98, 0xFF, 0xA8, 0x00, 0x00, 0x00, 0x00, 0x00, 0x00, 0x00, 0x00, 0x24,
  0xFF, 0xFF, 0x1C, 0x00, 0x00, 0x84, 0xFF, 0xBF, 0x00, 0x00, 0x00, 0x00,
  0x00, 0x00, 0x00, 0x00, 0x38, 0xFF, 0xFF, 0x09, 0x00, 0x00, 0x56, 0xFF,
  0xEE, 0x03, 0x00, 0x00, 0x00, 0x00, 0x00, 0x00, 0x00, 0x69, 0xFF, 0xDD,
  0x00, 0x00, 0x00, 0x12, 0xF9, 0xFF, 0x4D, 0x00, 0x00, 0x00, 0x00, 0x00,
  0x00, 0x00, 0xBD, 0xFF, 0x96, 0x00, 0x00, 0x00, 0x00, 0x9B, 0xFF, 0xD9,
  0x0E, 0x00, 0x00, 0x00, 0x00, 0x00, 0x50, 0xFF, 0xFD, 0x2B, 0x00, 0x00,
  0x00, 0x00, 0x14, 0xE3, 0xFF, 0xD3, 0x42, 0x03, 0x00, 0x10, 0x73, 0xF8,
  0xFF, 0x8A, 0x00, 0x00, 0x00, 0x00, 0x00, 0x00, 0x25, 0xD9, 0xFF, 0xFF,
  0xF7, 0xEB, 0xFE, 0xFF, 0xFF, 0x94, 0x02, 0x00, 0x00, 0x00, 0x00, 0x00,
  0x00, 0x00, 0x09, 0x6F, 0xC7, 0xF3, 0xFD, 0xE6, 0xA8, 0x3F, 0x00, 0x00,
  0x00, 0x00, 0x00, 0x00, 0x04, 0xFF, 0xFF, 0xFF, 0xFF, 0xFF, 0xFF, 0xFD,
  0xEB, 0xBA, 0x5C, 0x02, 0x00, 0x00, 0x00, 0x04, 0xFF, 0xFF, 0xE2, 0xD8,
  0xD8, 0xD8, 0xDB, 0xF5, 0xFF, 0xFF, 0xBA, 0x0B, 0x00, 0x00, 0x04, 0xFF,
  0xFF, 0x40, 0x00, 0x00, 0x00, 0x00, 0x05, 0x5D, 0xF5, 0xFF, 0x97, 0x00,
  0x00, 0x04, 0xFF, 0xFF, 0x40, 0x00, 0x00, 0x00, 0x00, 0x00, 0x00, 0x64,
  0xFF, 0xF9, 0x0F, 0x00, 0x04, 0xFF, 0xFF, 0x40, 0x00, 0x00, 0x00, 0x00,
  0x00, 0x00, 0x0F, 0xFF, 0xFF, 0x39, 0x00, 0x04, 0xFF, 0xFF, 0x40, 0x00,
  0x00, 0x00, 0x00, 0x00, 0x00, 0x0A, 0xFF, 0xFF, 0x3D, 0x00, 0x04, 0xFF,
  0xFF, 0x40, 0x00, 0x00, 0x00, 0x00, 0x00, 0x00, 0x54, 0xFF, 0xFD, 0x14,
  0x00, 0x04, 0xFF, 0xFF, 0x40, 0x00, 0x00, 0x00, 0x00, 0x03, 0x4E, 0xEB,
  0xFF, 0xAD, 0x00, 0x00, 0x04, 0xFF, 0xFF, 0xE2, 0xD8, 0xD8, 0xD8, 0xDB,
  0xF4, 0xFF, 0xFF, 0xD1, 0x15, 0x00, 0x00, 0x04, 0xFF, 0xFF, 0xFF, 0xFF,
  0xFF, 0xFF, 0xFE, 0xEC, 0xC0, 0x6C, 0x08, 0x00, 0x00, 0x00, 0x04, 0xFF,
  0xFF, 0x40, 0x00, 0x00, 0x00, 0x00, 0x00, 0x00, 0x00, 0x00, 0x00, 0x00,
  0x00, 0x04, 0xFF, 0xFF, 0x40, 0x00, 0x00, 0x00, 0x00, 0x00, 0x00, 0x00,
  0x00, 0x00, 0x00, 0x00, 0x04, 0xFF, 0xFF, 0x40, 0x00, 0x00, 0x00, 0x00,
  0x00, 0x00, 0x00, 0x00, 0x00, 0x00, 0x00, 0x04, 0xFF, 0xFF, 0x40, 0x00,
  0x00, 0x00, 0x00, 0x00, 0x00, 0x00, 0x00, 0x00, 0x00, 0x00, 0x04, 0xFF,
  0xFF, 0x40, 0x00, 0x00, 0x00, 0x00, 0x00, 0x00, 0x00, 0x00, 0x00, 0x00,
  0x00, 0x04, 0xFF, 0xFF, 0x40, 0x00, 0x00, 0x00, 0x00, 0x00, 0x00, 0x00,
  0x00, 0x00, 0x00, 0x00, 0x04, 0xFF, 0xFF, 0x40, 0x00, 0x00, 0x00, 0x00,
  0x00, 0x00, 0x00, 0x00, 0x00, 0x00, 0x00, 0x00, 0x00, 0x00, 0x11, 0x7E,
  0xCF, 0xF5, 0xFC, 0xE0, 0x9E, 0x2F, 0x00, 0x00, 0x00, 0x00, 0x00, 0x00,
  0x00, 0x00, 0x38, 0xE7, 0xFF, 0xFF, 0xF8, 0xF1, 0xFF, 0xFF, 0xFD, 0x7B,
  0x00, 0x00, 0x00, 0x00, 0x00, 0x00, 0x24, 0xF0, 0xFF, 0xC5, 0x3B, 0x02,
  0x00, 0x1C, 0x8C, 0xFF, 0xFF, 0x6A, 0x00, 0x00, 0x00, 0x00, 0x00, 0xB7,
  0xFF, 0xC6, 0x07, 0x00, 0x00, 0x00, 0x00, 0x00, 0x73, 0xFF, 0xF5, 0x16,
  0x00, 0x00, 0x00, 0x27, 0xFF, 0xFF, 0x32, 0x00, 0x00, 0x00, 0x00, 0x00,
  0x00, 0x02, 0xD9, 0xFF, 0x79, 0x00, 0x00, 0x00, 0x70, 0xFF, 0xD5, 0x00,
  0x00, 0x00, 0x00, 0x00, 0x00, 0x00, 0x00, 0x82, 0xFF, 0xC1, 0x00, 0x00,
  0x00, 0x9C, 0xFF, 0xA2, 0x00, 0x00, 0x00, 0x00, 0x00, 0x00, 0x00, 0x00,
  0x51, 0xFF, 0xEC, 0x00, 0x00, 0x00, 0xB0, 0xFF, 0x8C, 0x00, 0x00, 0x00,
  0x00, 0x00, 0x00, 0x00, 0x00, 0x3C, 0xFF, 0xFF, 0x01, 0x00, 0x00, 0xB4,
  0xFF, 0x88, 0x00, 0x00, 0x00, 0x00, 0x00, 0x00, 0x00, 0x00, 0x38, 0xFF,
  0xFF, 0x04, 0x00, 0x00, 0xB0, 0xFF, 0x8C, 0x00, 0x00, 0x00, 0x00, 0x00,
  0x00, 0x00, 0x00, 0x3C, 0xFF, 0xFF, 0x01, 0x00, 0x00, 0x9C, 0xFF, 0xA2,
  0x00, 0x00, 0x00, 0x00, 0x00, 0x00, 0x00, 0x00, 0x50, 0xFF, 0xEC, 0x00,
  0x00, 0x00, 0x70, 0xFF, 0xD5, 0x00, 0x00, 0x00, 0x00, 0x00, 0x00, 0x00,
  0x00, 0x80, 0xFF, 0xC1, 0x00, 0x00, 0x00, 0x27, 0xFF, 0xFF, 0x32, 0x00,
  0x00, 0x00, 0x00, 0x00, 0x00, 0x01, 0xD4, 0xFF, 0x7A, 0x00, 0x00, 0x00,
  0x00, 0xB7, 0xFF, 0xC5, 0x07, 0x00, 0x00, 0x00, 0x00, 0x00, 0x6B, 0xFF,
  0xF6, 0x19, 0x00, 0x00, 0x00, 0x00, 0x22, 0xF0, 0xFF, 0xC5, 0x37, 0x01,
  0x00, 0x17, 0x84, 0xFD, 0xFF, 0x6E, 0x00, 0x00, 0x00, 0x00, 0x00, 0x00,
  0x35, 0xE5, 0xFF, 0xFF, 0xF5, 0xED, 0xFF, 0xFF, 0xFF, 0x81, 0x00, 0x00,
  0x00, 0x00, 0x00, 0x00, 0x00, 0x00, 0x0F, 0x7A, 0xCF, 0xF5, 0xFC, 0xE4,
  0xFF, 0xFF, 0xAE, 0x0A, 0x00, 0x00, 0x00, 0x00, 0x00, 0x00, 0x00, 0x00,
  0x00, 0x00, 0x00, 0x00, 0x00, 0x56, 0xF8, 0xFF, 0xCC, 0x1A, 0x00, 0x00,
  0x00, 0x00, 0x00, 0x00, 0x00, 0x00, 0x00, 0x00, 0x00, 0x00, 0x00, 0x3D,
  0xED, 0xFF, 0xCD, 0x02, 0x00, 0x00, 0x00, 0x00, 0x00, 0x00, 0x00, 0x00,
  0x00, 0x00, 0x00, 0x00, 0x00, 0x27, 0xC4, 0x28, 0x00, 0x00, 0x00, 0x04,
  0xFF, 0xFF, 0xFF, 0xFF, 0xFF, 0xFF, 0xF5, 0xD2, 0x8F, 0x20, 0x00, 0x00,
  0x00, 0x00, 0x04, 0xFF, 0xFF, 0xE2, 0xD8, 0xD8, 0xD9, 0xE8, 0xFF, 0xFF,
  0xF5, 0x49, 0x00, 0x00, 0x00, 0x04, 0xFF, 0xFF, 0x40, 0x00, 0x00, 0x00,
  0x00, 0x27, 0xBF, 0xFF, 0xF0, 0x14, 0x00, 0x00, 0x04, 0xFF, 0xFF, 0x40,
  0x00, 0x00, 0x00, 0x00, 0x00, 0x0E, 0xEE, 0xFF, 0x68, 0x00, 0x00, 0x04,
  0xFF, 0xFF, 0x40, 0x00, 0x00, 0x00, 0x00, 0x00, 0x00, 0xB1, 0xFF, 0x93,
  0x00, 0x00, 0x04, 0xFF, 0xFF, 0x40, 0x00, 0x00, 0x00, 0x00, 0x00, 0x00,
  0xB0, 0xFF, 0x94, 0x00, 0x00, 0x04, 0xFF, 0xFF, 0x40, 0x00, 0x00, 0x00,
  0x00, 0x00, 0x13, 0xF1, 0xFF, 0x60, 0x00, 0x00, 0x04, 0xFF, 0xFF, 0x40,
  0x00, 0x00, 0x00, 0x00, 0x2A, 0xC9, 0xFF, 0xE0, 0x0A, 0x00, 0x00, 0x04,
  0xFF, 0xFF, 0xDF, 0xD4, 0xD4, 0xD4, 0xE5, 0xFF, 0xFF, 0xE1, 0x2D, 0x00,
  0x00, 0x00, 0x04, 0xFF, 0xFF, 0xFF, 0xFF, 0xFF, 0xFF, 0xFF, 0xFF, 0xAB,
  0x0D, 0x00, 0x00, 0x00, 0x00, 0x04, 0xFF, 0xFF, 0x40, 0x00, 0x00, 0x00,
  0x7E, 0xFF, 0xDC, 0x06, 0x00, 0x00, 0x00, 0x00, 0x04, 0xFF, 0xFF, 0x40,
  0x00, 0x00, 0x00, 0x0C, 0xEA, 0xFF, 0x6E, 0x00, 0x00, 0x00, 0x00, 0x04,
  0xFF, 0xFF, 0x40, 0x00, 0x00, 0x00, 0x00, 0x6E, 0xFF, 0xEC, 0x0F, 0x00,
  0x00, 0x00, 0x04, 0xFF, 0xFF, 0x40, 0x00, 0x00, 0x00, 0x00, 0x06, 0xE1,
  0xFF, 0x87, 0x00, 0x00, 0x00, 0x04, 0xFF, 0xFF, 0x40, 0x00, 0x00, 0x00,
  0x00, 0x00, 0x60, 0xFF, 0xF7, 0x1E, 0x00, 0x00, 0x04, 0xFF, 0xFF, 0x40,
  0x00, 0x00, 0x00, 0x00, 0x00, 0x03, 0xD5, 0xFF, 0xA1, 0x00, 0x00, 0x04,
  0xFF, 0xFF, 0x40, 0x00, 0x00, 0x00, 0x00, 0x00, 0x00, 0x4F, 0xFF, 0xFE,
  0x2E, 0x00, 0x00, 0x00, 0x13, 0x7F, 0xCE, 0xF5, 0xFD, 0xE9, 0xB2, 0x4C,
  0x00, 0x00, 0x00, 0x00, 0x00, 0x38, 0xEA, 0xFF, 0xFF, 0xE6, 0xDB, 0xF5,
  0xFF, 0xFF, 0xA6, 0x04, 0x00, 0x00, 0x0E, 0xE9, 0xFF, 0xB8, 0x23, 0x00,
  0x00, 0x03, 0x53, 0xEE, 0xFF, 0x86, 0x00, 0x00, 0x62, 0xFF, 0xEE, 0x0B,
  0x00, 0x00, 0x00, 0x00, 0x00, 0x51, 0xFF, 0xF8, 0x0F, 0x00, 0x82, 0xFF,
  0xC7, 0x00, 0x00, 0x00, 0x00, 0x00, 0x00, 0x05, 0xFB, 0xFF, 0x40, 0x00,
  0x62, 0xFF, 0xF3, 0x18, 0x00, 0x00, 0x00, 0x00, 0x00, 0x00, 0x00, 0x00,
  0x00, 0x00, 0x0C, 0xE1, 0xFF, 0xDC, 0x4A, 0x01, 0x00, 0x00, 0x00, 0x00,
  0x00, 0x00, 0x00, 0x00, 0x00, 0x29, 0xDA, 0xFF, 0xFF, 0xE0, 0x92, 0x47,
  0x05, 0x00, 0x00, 0x00, 0x00, 0x00, 0x00, 0x00, 0x09, 0x70, 0xDA, 0xFF,
  0xFF, 0xFF, 0xEB, 0x80, 0x0C, 0x00, 0x00, 0x00, 0x00, 0x00, 0x00, 0x00,
  0x01, 0x32, 0x82, 0xD5, 0xFF, 0xFF, 0xDC, 0x23, 0x00, 0x00, 0x00, 0x00,
  0x00, 0x00, 0x00, 0x00, 0x00, 0x00, 0x42, 0xDC, 0xFF, 0xD1, 0x02, 0x00,
  0x00, 0x00, 0x00, 0x00, 0x00, 0x00, 0x00, 0x00, 0x00, 0x27, 0xFF, 0xFF,
  0x38, 0x06, 0xFE, 0xFF, 0x40, 0x00, 0x00, 0x00, 0x00, 0x00, 0x00, 0x00,
  0xF1, 0xFF, 0x55, 0x00, 0xC9, 0xFF, 0x9E, 0x00, 0x00, 0x00, 0x00, 0x00,
  0x00, 0x24, 0xFF, 0xFF, 0x3B, 0x00, 0x42, 0xFD, 0xFF, 0x99, 0x22, 0x00,
  0x00, 0x01, 0x3A, 0xD5, 0xFF, 0xD6, 0x03, 0x00, 0x00, 0x55, 0xF1, 0xFF,
  0xFF, 0xEA, 0xDA, 0xEF, 0xFF, 0xFF, 0xE1, 0x29, 0x00, 0x00, 0x00, 0x00,
  0x15, 0x7C, 0xC8, 0xF3, 0xFE, 0xEF, 0xC3, 0x74, 0x0D, 0x00, 0x00, 0x68,
  0xFF, 0xFF, 0xFF, 0xFF, 0xFF, 0xFF, 0xFF, 0xFF, 0xFF, 0xFF, 0xFF, 0xFF,
  0xC4, 0x58, 0xD8, 0xD8, 0xD8, 0xD8, 0xD8, 0xFF, 0xFF, 0xE4, 0xD8, 0xD8,
  0xD8, 0xD8, 0xA5, 0x00, 0x00, 0x00, 0x00, 0x00, 0x00, 0xF0, 0xFF, 0x48,
  0x00, 0x00, 0x00, 0x00, 0x00, 0x00, 0x00, 0x00, 0x00, 0x00, 0x00, 0xF0,
  0xFF, 0x48, 0x00, 0x00, 0x00, 0x00, 0x00, 0x00, 0x00, 0x00, 0x00, 0x00,
  0x00, 0xF0, 0xFF, 0x48, 0x00, 0x00, 0x00, 0x00, 0x00, 0x00, 0x00, 0x00,
  0x00, 0x00, 0x00, 0xF0, 0xFF, 0x48, 0x00, 0x00, 0x00, 0x00, 0x00, 0x00,
  0x00, 0x00, 0x00, 0x00, 0x00, 0xF0, 0xFF, 0x48, 0x00, 0x00, 0x00, 0x00,
  0x00, 0x00, 0x00, 0x00, 0x00, 0x00, 0x00, 0xF0, 0xFF, 0x48, 0x00, 0x00,
  0x00, 0x00, 0x00, 0x00, 0x00, 0x00, 0x00, 0x00, 0x00, 0xF0, 0xFF, 0x48,
  0x00, 0x00, 0x00, 0x00, 0x00, 0x00, 0x00, 0x00, 0x00, 0x00, 0x00, 0xF0,
  0xFF, 0x48, 0x00, 0x00, 0x00, 0x00, 0x00, 0x00, 0x00, 0x00, 0x00, 0x00,
  0x00, 0xF0, 0xFF, 0x48, 0x00, 0x00, 0x00, 0x00, 0x00, 0x00, 0x00, 0x00,
  0x00, 0x00, 0x00, 0xF0, 0xFF, 0x48, 0x00, 0x00, 0x00, 0x00, 0x00, 0x00,
  0x00, 0x00, 0x00, 0x00, 0x00, 0xF0, 0xFF, 0x48, 0x00, 0x00, 0x00, 0x00,
  0x00, 0x00, 0x00, 0x00, 0x00, 0x00, 0x00, 0xF0, 0xFF, 0x48, 0x00, 0x00,
  0x00, 0x00, 0x00, 0x00, 0x00, 0x00, 0x00, 0x00, 0x00, 0xF0, 0xFF, 0x48,
  0x00, 0x00, 0x00, 0x00, 0x00, 0x00, 0x00, 0x00, 0x00, 0x00, 0x00, 0xF0,
  0xFF, 0x48, 0x00, 0x00, 0x00, 0x00, 0x00, 0x00, 0x00, 0x00, 0x00, 0x00,
  0x00, 0xF0, 0xFF, 0x48, 0x00, 0x00, 0x00, 0x00, 0x00, 0x00, 0x5C, 0xFF,
  0xE0, 0x00, 0x00, 0x00, 0x00, 0x00, 0x00, 0x00, 0x40, 0xFF, 0xFF, 0x00,
  0x00, 0x00, 0x5C, 0xFF, 0xE0, 0x00, 0x00, 0x00, 0x00, 0x00, 0x00, 0x00,
  0x40, 0xFF, 0xFF, 0x00, 0x00, 0x00, 0x5C, 0xFF, 0xE0, 0x00, 0x00, 0x00,
  0x00, 0x00, 0x00, 0x00, 0x40, 0xFF, 0xFF, 0x00, 0x00, 0x00, 0x5C, 0xFF,
  0xE0, 0x00, 0x00, 0x00, 0x00, 0x00, 0x00, 0x00, 0x40, 0xFF, 0xFF, 0x00,
  0x00, 0x00, 0x5C, 0xFF, 0xE0, 0x00, 0x00, 0x00, 0x00, 0x00, 0x00, 0x00,
  0x40, 0xFF, 0xFF, 0x00, 0x00, 0x00, 0x5C, 0xFF, 0xE0, 0x00, 0x00, 0x00,
  0x00, 0x00, 0x00, 0x00, 0x40, 0xFF, 0xFF, 0x00, 0x00, 0x00, 0x5C, 0xFF,
  0xE0, 0x00, 0x00, 0x00, 0x00, 0x00, 0x00, 0x00, 0x40, 0xFF, 0xFF, 0x00,
  0x00, 0x00, 0x5C, 0xFF, 0xE0, 0x00, 0x00, 0x00, 0x00, 0x00, 0x00, 0x00,
  0x40, 0xFF, 0xFF, 0x00, 0x00, 0x00, 0x5C, 0xFF, 0xE0, 0x00, 0x00, 0x00,
  0x00, 0x00, 0x00, 0x00, 0x40, 0xFF, 0xFF, 0x00, 0x00, 0x00, 0x5C, 0xFF,
  0xE0, 0x00, 0x00, 0x00, 0x00, 0x00, 0x00, 0x00, 0x40, 0xFF, 0xFF, 0x00,
  0x00, 0x00, 0x5C, 0xFF, 0xE0, 0x00, 0x00, 0x00, 0x00, 0x00, 0x00, 0x00,
  0x40, 0xFF, 0xFF, 0x00, 0x00, 0x00, 0x59, 0xFF, 0xE3, 0x00, 0x00, 0x00,
  0x00, 0x00, 0x00, 0x00, 0x43, 0xFF, 0xFD, 0x00, 0x00, 0x00, 0x41, 0xFF,
  0xFA, 0x09, 0x00, 0x00, 0x00, 0x00, 0x00, 0x00, 0x64, 0xFF, 0xE5, 0x00,
  0x00, 0x00, 0x0D, 0xF6, 0xFF, 0x68, 0x00, 0x00, 0x00, 0x00, 0x00, 0x02,
  0xC6, 0xFF, 0xA1, 0x00, 0x00, 0x00, 0x00, 0x84, 0xFF, 0xF8, 0x6A, 0x09,
  0x00, 0x00, 0x1F, 0xAB, 0xFF, 0xF5, 0x26, 0x00, 0x00, 0x00, 0x00, 0x04,
  0xA0, 0xFF, 0xFF, 0xF9, 0xDD, 0xE5, 0xFF, 0xFF, 0xEF, 0x46, 0x00, 0x00,
  0x00, 0x00, 0x00, 0x00, 0x00, 0x47, 0xAA, 0xE4, 0xFD, 0xF5, 0xCF, 0x83,
  0x17, 0x00, 0x00, 0x00, 0x00, 0x78, 0xFF, 0xF1, 0x07, 0x00, 0x00, 0x00,
  0x00, 0x00, 0x00, 0x00, 0x00, 0xA9, 0xFF, 0xC8, 0x1C, 0xFE, 0xFF, 0x50,
  0x00, 0x00, 0x00, 0x00, 0x00, 0x00, 0x00, 0x0C, 0xF6, 0xFF, 0x69, 0x00,
  0xBC, 0xFF, 0xA8, 0x00, 0x00, 0x00, 0x00, 0x00, 0x00, 0x00, 0x5B, 0xFF,
  0xF9, 0x12, 0x00, 0x5C, 0xFF, 0xF5, 0x0B, 0x00, 0x00, 0x00, 0x00, 0x00,
  0x00, 0xB5, 0xFF, 0xAC, 0x00, 0x00, 0x0A, 0xF2, 0xFF, 0x58, 0x00, 0x00,
  0x00, 0x00, 0x00, 0x13, 0xFB, 0xFF, 0x4C, 0x00, 0x00, 0x00, 0x9F, 0xFF,
  0xB2, 0x00, 0x00, 0x00, 0x00, 0x00, 0x68, 0xFF, 0xE8, 0x04, 0x00, 0x00,
  0x00, 0x40, 0xFF, 0xF9, 0x10, 0x00, 0x00, 0x00, 0x00, 0xC1, 0xFF, 0x8E,
  0x00, 0x00, 0x00, 0x00, 0x01, 0xDF, 0xFF, 0x62, 0x00, 0x00, 0x00, 0x1C,
  0xFE, 0xFF, 0x2F, 0x00, 0x00, 0x00, 0x00, 0x00, 0x83, 0xFF, 0xBA, 0x00,
  0x00, 0x00, 0x73, 0xFF, 0xD0, 0x00, 0x00, 0x00, 0x00, 0x00, 0x00, 0x25,
  0xFF, 0xFC, 0x16, 0x00, 0x00, 0xCD, 0xFF, 0x70, 0x00, 0x00, 0x00, 0x00,
  0x00, 0x00, 0x00, 0xC4, 0xFF, 0x6A, 0x00, 0x26, 0xFF, 0xFC, 0x16, 0x00,
  0x00, 0x00, 0x00, 0x00, 0x00, 0x00, 0x64, 0xFF, 0xC2, 0x00, 0x7F, 0xFF,
  0xB4, 0x00, 0x00, 0x00, 0x00, 0x00, 0x00, 0x00, 0x00, 0x10, 0xF8, 0xFE,
  0x1C, 0xD8, 0xFF, 0x54, 0x00, 0x00, 0x00, 0x00, 0x00, 0x00, 0x00, 0x00,
  0x00, 0xA8, 0xFF, 0xA5, 0xFF, 0xED, 0x07, 0x00, 0x00, 0x00, 0x00, 0x00,
  0x00, 0x00, 0x00, 0x00, 0x48, 0xFF, 0xFF, 0xFF, 0x94, 0x00, 0x00, 0x00,
  0x00, 0x00, 0x00, 0x00, 0x00, 0x00, 0x00, 0x03, 0xE8, 0xFF, 0xFF, 0x38,
  0x00, 0x00, 0x00, 0x00, 0x00, 0x00, 0x00, 0x00, 0x00, 0x00, 0x00, 0x8C,
  0xFF, 0xD8, 0x00, 0x00, 0x00, 0x00, 0x00, 0x00, 0x29, 0xFF, 0xFF, 0x16,
  0x00, 0x00, 0x00, 0x00, 0x00, 0x48, 0xFF, 0xE3, 0x00, 0x00, 0x00, 0x00,
  0x00, 0x00, 0x9A, 0xFF, 0xA8, 0x01, 0xEB, 0xFF, 0x51, 0x00, 0x00, 0x00,
  0x00, 0x00, 0x92, 0xFF, 0xFF, 0x2A, 0x00, 0x00, 0x00, 0x00, 0x00, 0xD3,
  0xFF, 0x6C, 0x00, 0xAC, 0xFF, 0x8C, 0x00, 0x00, 0x00, 0x00, 0x00, 0xDB,
  0xFF, 0xFF, 0x71, 0x00, 0x00, 0x00, 0x00, 0x10, 0xFE, 0xFF, 0x2C, 0x00,
  0x6E, 0xFF, 0xC6, 0x00, 0x00, 0x00, 0x00, 0x24, 0xFF, 0xE7, 0xFF, 0xB9,
  0x00, 0x00, 0x00, 0x00, 0x47, 0xFF, 0xEE, 0x01, 0x00, 0x30, 0xFF, 0xFA,
  0x08, 0x00, 0x00, 0x00, 0x6E, 0xFF, 0x91, 0xEC, 0xF6, 0x08, 0x00, 0x00,
  0x00, 0x82, 0xFF, 0xB0, 0x00, 0x00, 0x02, 0xEE, 0xFF, 0x3E, 0x00, 0x00,
  0x00, 0xB7, 0xFF, 0x49, 0xA8, 0xFF, 0x46, 0x00, 0x00, 0x00, 0xBC, 0xFF,
  0x72, 0x00, 0x00, 0x00, 0xB4, 0xFF, 0x79, 0x00, 0x00, 0x09, 0xF7, 0xF5,
  0x08, 0x5E, 0xFF, 0x8C, 0x00, 0x00, 0x03, 0xF3, 0xFF, 0x34, 0x00, 0x00,
  0x00, 0x74, 0xFF, 0xB3, 0x00, 0x00, 0x49, 0xFF, 0xB3, 0x00, 0x17, 0xFF,
  0xD3, 0x00, 0x00, 0x31, 0xFF, 0xF3, 0x03, 0x00, 0x00, 0x00, 0x36, 0xFF,
  0xEE, 0x01, 0x00, 0x92, 0xFF, 0x67, 0x00, 0x00, 0xCE, 0xFF, 0x1A, 0x00,
  0x6A, 0xFF, 0xB7, 0x00, 0x00, 0x00, 0x00, 0x04, 0xF3, 0xFF, 0x2B, 0x00,
  0xDC, 0xFF, 0x1D, 0x00, 0x00, 0x85, 0xFF, 0x61, 0x00, 0xA5, 0xFF, 0x7B,
  0x00, 0x00, 0x00, 0x00, 0x00, 0xBA, 0xFF, 0x65, 0x24, 0xFF, 0xD1, 0x00,
  0x00, 0x00, 0x3C, 0xFF, 0xA8, 0x00, 0xDF, 0xFF, 0x3C, 0x00, 0x00, 0x00,
  0x00, 0x00, 0x7C, 0xFF, 0x9F, 0x6E, 0xFF, 0x85, 0x00, 0x00, 0x00, 0x04,
  0xF0, 0xEC, 0x1A, 0xFF, 0xF7, 0x06, 0x00, 0x00, 0x00, 0x00, 0x00, 0x3C,
  0xFF, 0xCA, 0xAE, 0xFF, 0x3B, 0x00, 0x00, 0x00, 0x00, 0xAB, 0xFF, 0x71,
  0xFF, 0xC0, 0x00, 0x00, 0x00, 0x00, 0x00, 0x00, 0x07, 0xF8, 0xF0, 0xE9,
  0xEC, 0x03, 0x00, 0x00, 0x00, 0x00, 0x62, 0xFF, 0xD6, 0xFF, 0x81, 0x00,
  0x00, 0x00, 0x00, 0x00, 0x00, 0x00, 0xC0, 0xFF, 0xFF, 0xA4, 0x00, 0x00,
  0x00, 0x00, 0x00, 0x1A, 0xFF, 0xFF, 0xFF, 0x44, 0x00, 0x00, 0x00, 0x00,
  0x00, 0x00, 0x00, 0x81, 0xFF, 0xFF, 0x59, 0x00, 0x00, 0x00, 0x00, 0x00,
  0x00, 0xD1, 0xFF, 0xFA, 0x0A, 0x00, 0x00, 0x00, 0x00, 0x00, 0x00, 0x00,
  0x44, 0xFF, 0xFC, 0x11, 0x00, 0x00, 0x00, 0x00, 0x00, 0x00, 0x87, 0xFF,
  0xC7, 0x00, 0x00, 0x00, 0x00, 0x07, 0xD8, 0xFF, 0xC3, 0x01, 0x00, 0x00,
  0x00, 0x00, 0x00, 0x00, 0xA8, 0xFF, 0xE7, 0x10, 0x00, 0x3B, 0xFE, 0xFF,
  0x65, 0x00, 0x00, 0x00, 0x00, 0x00, 0x4A, 0xFF, 0xFF, 0x52, 0x00, 0x00,
  0x00, 0x97, 0xFF, 0xEF, 0x18, 0x00, 0x00, 0x00, 0x0B, 0xE1, 0xFF, 0xAE,
  0x00, 0x00, 0x00, 0x00, 0x0E, 0xE4, 0xFF, 0xA8, 0x00, 0x00, 0x00, 0x8E,
  0xFF, 0xF0, 0x1A, 0x00, 0x00, 0x00, 0x00, 0x00, 0x4F, 0xFF, 0xFF, 0x48,
  0x00, 0x33, 0xFC, 0xFF, 0x67, 0x00, 0x00, 0x00, 0x00, 0x00, 0x00, 0x00,
  0xAB, 0xFF, 0xDE, 0x0D, 0xCD, 0xFF, 0xC2, 0x01, 0x00, 0x00, 0x00, 0x00,
  0x00, 0x00, 0x00, 0x18, 0xEF, 0xFF, 0xD5, 0xFF, 0xF8, 0x27, 0x00, 0x00,
  0x00, 0x00, 0x00, 0x00, 0x00, 0x00, 0x00, 0x62, 0xFF, 0xFF, 0xFF, 0x7C,
  0x00, 0x00, 0x00, 0x00, 0x00, 0x00, 0x00, 0x00, 0x00, 0x00, 0x07, 0xEF,
  0xFF, 0xFB, 0x13, 0x00, 0x00, 0x00, 0x00, 0x00, 0x00, 0x00, 0x00, 0x00,
  0x00, 0x7E, 0xFF, 0xFF, 0xFF, 0x96, 0x00, 0x00, 0x00, 0x00, 0x00, 0x00,
  0x00, 0x00, 0x00, 0x29, 0xF9, 0xFF, 0xBE, 0xFF, 0xFE, 0x3E, 0x00, 0x00,
  0x00, 0x00, 0x00, 0x00, 0x00, 0x02, 0xC5, 0xFF, 0xD0, 0x04, 0xBC, 0xFF,
  0xD9, 0x07, 0x00, 0x00, 0x00, 0x00, 0x00, 0x00, 0x6B, 0xFF, 0xFD, 0x33,
  0x00, 0x23, 0xF6, 0xFF, 0x84, 0x00, 0x00, 0x00, 0x00, 0x00, 0x1E, 0xF3,
  0xFF, 0x90, 0x00, 0x00, 0x00, 0x78, 0xFF, 0xFB, 0x2F, 0x00, 0x00, 0x00,
  0x00, 0xB4, 0xFF, 0xE1, 0x0B, 0x00, 0x00, 0x00, 0x05, 0xD0, 0xFF, 0xCC,
  0x03, 0x00, 0x00, 0x59, 0xFF, 0xFF, 0x4B, 0x00, 0x00, 0x00, 0x00, 0x00,
  0x35, 0xFD, 0xFF, 0x74, 0x00, 0x14, 0xEA, 0xFF, 0xA8, 0x00, 0x00, 0x00,
  0x00, 0x00, 0x00, 0x00, 0x91, 0xFF, 0xF6, 0x23, 0x8D, 0xFF, 0xF2, 0x14,
  0x00, 0x00, 0x00, 0x00, 0x00, 0x00, 0x00, 0x9F, 0xFF, 0xE4, 0x0A, 0x11,
  0xEE, 0xFF, 0x8C, 0x00, 0x00, 0x00, 0x00, 0x00, 0x00, 0x27, 0xFC, 0xFF,
  0x60, 0x00, 0x00, 0x72, 0xFF, 0xF7, 0x19, 0x00, 0x00, 0x00, 0x00, 0x00,
  0xA9, 0xFF, 0xD0, 0x02, 0x00, 0x00, 0x06, 0xDE, 0xFF, 0x97, 0x00, 0x00,
  0x00, 0x00, 0x30, 0xFE, 0xFF, 0x45, 0x00, 0x00, 0x00, 0x00, 0x56, 0xFF,
  0xFA, 0x21, 0x00, 0x00, 0x00, 0xB3, 0xFF, 0xB9, 0x00, 0x00, 0x00, 0x00,
  0x00, 0x01, 0xC8, 0xFF, 0xA1, 0x00, 0x00, 0x39, 0xFF, 0xFD, 0x2D, 0x00,
  0x00, 0x00, 0x00, 0x00, 0x00, 0x3B, 0xFF, 0xFD, 0x28, 0x00, 0xBE, 0xFF,
  0x9E, 0x00, 0x00, 0x00, 0x00, 0x00, 0x00, 0x00, 0x00, 0xAE, 0xFF, 0xAA,
  0x42, 0xFF, 0xF6, 0x1A, 0x00, 0x00, 0x00, 0x00, 0x00, 0x00, 0x00, 0x00,
  0x24, 0xFB, 0xFF, 0xDD, 0xFF, 0x82, 0x00, 0x00, 0x00, 0x00, 0x00, 0x00,
  0x00, 0x00, 0x00, 0x00, 0x92, 0xFF, 0xFF, 0xE9, 0x0D, 0x00, 0x00, 0x00,
  0x00, 0x00, 0x00, 0x00, 0x00, 0x00, 0x00, 0x13, 0xF9, 0xFF, 0x70, 0x00,
  0x00, 0x00, 0x00, 0x00, 0x00, 0x00, 0x00, 0x00, 0x00, 0x00, 0x00, 0xF0,
  0xFF, 0x54, 0x00, 0x00, 0x00, 0x00, 0x00, 0x00, 0x00, 0x00, 0x00, 0x00,
  0x00, 0x00, 0xF0, 0xFF, 0x54, 0x00, 0x00, 0x00, 0x00, 0x00, 0x00, 0x00,
  0x00, 0x00, 0x00, 0x00, 0x00, 0xF0, 0xFF, 0x54, 0x00, 0x00, 0x00, 0x00,
  0x00, 0x00, 0x00, 0x00, 0x00, 0x00, 0x00, 0x00, 0xF0, 0xFF, 0x54, 0x00,
  0x00, 0x00, 0x00, 0x00, 0x00, 0x00, 0x00, 0x00, 0x00, 0x00, 0x00, 0xF0,
  0xFF, 0x54, 0x00, 0x00, 0x00, 0x00, 0x00, 0x00, 0x00, 0x00, 0x00, 0x00,
  0x00, 0x00, 0xF0, 0xFF, 0x54, 0x00, 0x00, 0x00, 0x00, 0x00, 0x00, 0x00,
  0xD4, 0xFF, 0xFF, 0xFF, 0xFF, 0xFF, 0xFF, 0xFF, 0xFF, 0xFF, 0xFF, 0xFF,
  0x10, 0x00, 0xB3, 0xD8, 0xD8, 0xD8, 0xD8, 0xD8, 0xD8, 0xD8, 0xD8, 0xF5,
  0xFF, 0xFA, 0x0B, 0x00, 0x00, 0x00, 0x00, 0x00, 0x00, 0x00, 0x00, 0x00,
  0x22, 0xF3, 0xFF, 0x78, 0x00, 0x00, 0x00, 0x00, 0x00, 0x00, 0x00, 0x00,
  0x00, 0x03, 0xC4, 0xFF, 0xC3, 0x03, 0x00, 0x00, 0x00, 0x00, 0x00, 0x00,
  0x00, 0x00, 0x00, 0x79, 0xFF, 0xF3, 0x22, 0x00, 0x00, 0x00, 0x00, 0x00,
  0x00, 0x00, 0x00, 0x00, 0x30, 0xFA, 0xFF, 0x64, 0x00, 0x00, 0x00, 0x00,
  0x00, 0x00, 0x00, 0x00, 0x00, 0x08, 0xD3, 0xFF, 0xB2, 0x00, 0x00, 0x00,
  0x00, 0x00, 0x00, 0x00, 0x00, 0x00, 0x00, 0x8E, 0xFF, 0xEA, 0x17, 0x00,
  0x00, 0x00, 0x00, 0x00, 0x00, 0x00, 0x00, 0x00, 0x42, 0xFE, 0xFF, 0x50,
  0x00, 0x00, 0x00, 0x00, 0x00, 0x00, 0x00, 0x00, 0x00, 0x10, 0xE2, 0xFF,
  0x9E, 0x00, 0x00, 0x00, 0x00, 0x00, 0x00, 0x00, 0x00, 0x00, 0x00, 0xA5,
  0xFF, 0xE0, 0x0E, 0x00, 0x00, 0x00, 0x00, 0x00, 0x00, 0x00, 0x00, 0x00,
  0x56, 0xFF, 0xFE, 0x3D, 0x00, 0x00, 0x00, 0x00, 0x00, 0x00, 0x00, 0x00,
  0x00, 0x1B, 0xED, 0xFF, 0x89, 0x00, 0x00, 0x00, 0x00, 0x00, 0x00, 0x00,
  0x00, 0x00, 0x01, 0xB8, 0xFF, 0xD3, 0x07, 0x00, 0x00, 0x00, 0x00, 0x00,
  0x00, 0x00, 0x00, 0x00, 0x6B, 0xFF, 0xF9, 0x2D, 0x00, 0x00, 0x00, 0x00,
  0x00, 0x00, 0x00, 0x00, 0x00, 0x00, 0xF4, 0xFF, 0xF7, 0xD8, 0xD8, 0xD8,
  0xD8, 0xD8, 0xD8, 0xD8, 0xD8, 0xD8, 0x5F, 0x00, 0xFC, 0xFF, 0xFF, 0xFF,
  0xFF, 0xFF, 0xFF, 0xFF, 0xFF, 0xFF, 0xFF, 0xFF, 0x70, 0xF4, 0xFF, 0xFF,
  0xFF, 0xFF, 0xFF, 0xFF, 0xFF, 0xFF, 0xFF, 0xCC, 0xBF, 0xC8, 0xC8, 0xC8,
  0xC8, 0xC8, 0xC8, 0xC8, 0xC8, 0xC8, 0x9F, 0x00, 0x00, 0x00, 0x38, 0xAA,
  0xE9, 0xFD, 0xEE, 0xB8, 0x43, 0x00, 0x00, 0x00, 0x00, 0x00, 0x6A, 0xFD,
  0xFF, 0xE2, 0xC3, 0xE6, 0xFF, 0xFF, 0x61, 0x00, 0x00, 0x00, 0x25, 0xFC,
  0xFE, 0x60, 0x01, 0x00, 0x02, 0x87, 0xFF, 0xF0, 0x09, 0x00, 0x00, 0x50,
  0xC0, 0x97, 0x00, 0x00, 0x00, 0x00, 0x05, 0xF4, 0xFF, 0x3C, 0x00, 0x00,
  0x00, 0x00, 0x00, 0x00, 0x00, 0x00, 0x00, 0x00, 0xE0, 0xFF, 0x4B, 0x00,
  0x00, 0x00, 0x00, 0x4D, 0xAF, 0xE3, 0xFC, 0xFF, 0xFF, 0xFF, 0xFF, 0x4C,
  0x00, 0x00, 0x02, 0xA3, 0xFF, 0xFB, 0xB9, 0x8F, 0x85, 0x84, 0xF1, 0xFF,
  0x4C, 0x00, 0x00, 0x5B, 0xFF, 0xE6, 0x25, 0x00, 0x00, 0x00, 0x00, 0xE0,
  0xFF, 0x4C, 0x00, 0x00, 0xA8, 0xFF, 0x82, 0x00, 0x00, 0x00, 0x00, 0x00,
  0xE1, 0xFF, 0x4C, 0x00, 0x00, 0xB1, 0xFF, 0x8C, 0x00, 0x00, 0x00, 0x00,
  0x22, 0xFF, 0xFF, 0x4C, 0x00, 0x00, 0x79, 0xFF, 0xF1, 0x41, 0x00, 0x02,
  0x48, 0xE1, 0xFF, 0xFF, 0x4F, 0x00, 0x00, 0x0E, 0xD6, 0xFF, 0xFF, 0xF0,
  0xF6, 0xFF, 0xE6, 0xE8, 0xFF, 0x68, 0x00, 0x00, 0x00, 0x12, 0x91, 0xE4,
  0xFD, 0xE8, 0x96, 0x17, 0xAB, 0xFF, 0xA3, 0x00, 0x00, 0x5C, 0xFF, 0xD4,
  0x00, 0x00, 0x00, 0x00, 0x00, 0x00, 0x00, 0x00, 0x00, 0x00, 0x5C, 0xFF,
  0xD4, 0x00, 0x00, 0x00, 0x00, 0x00, 0x00, 0x00, 0x00, 0x00, 0x00, 0x5C,
  0xFF, 0xD4, 0x00, 0x00, 0x00, 0x00, 0x00, 0x00, 0x00, 0x00, 0x00, 0x00,
  0x5C, 0xFF, 0xD4, 0x00, 0x00, 0x00, 0x00, 0x00, 0x00, 0x00, 0x00, 0x00,
  0x00, 0x5C, 0xFF, 0xD4, 0x00, 0x00, 0x00, 0x00, 0x00, 0x00, 0x00, 0x00,
  0x00, 0x00, 0x5C, 0xFF, 0xD4, 0x20, 0xA3, 0xEA, 0xFD, 0xE1, 0x8C, 0x0E,
  0x00, 0x00, 0x00, 0x5C, 0xFF, 0xEB, 0xEC, 0xFD, 0xDC, 0xE4, 0xFF, 0xFF,
  0xD1, 0x0D, 0x00, 0x00, 0x5C, 0xFF, 0xFF, 0xC4, 0x20, 0x00, 0x00, 0x41,
  0xED, 0xFF, 0x8D, 0x00, 0x00, 0x5C, 0xFF, 0xF6, 0x12, 0x00, 0x00, 0x00,
  0x00, 0x62, 0xFF, 0xF2, 0x06, 0x00, 0x5C, 0xFF, 0xD4, 0x00, 0x00, 0x00,
  0x00, 0x00, 0x0B, 0xFA, 0xFF, 0x37, 0x00, 0x5C, 0xFF, 0xD4, 0x00, 0x00,
  0x00, 0x00, 0x00, 0x00, 0xDA, 0xFF, 0x59, 0x00, 0x5C, 0xFF, 0xD4, 0x00,
  0x00, 0x00, 0x00, 0x00, 0x00, 0xCE, 0xFF, 0x63, 0x00, 0x5C, 0xFF, 0xD4,
  0x00, 0x00, 0x00, 0x00, 0x00, 0x00, 0xDC, 0xFF, 0x59, 0x00, 0x5C, 0xFF,
  0xD4, 0x00, 0x00, 0x00, 0x00, 0x00, 0x0D, 0xFB, 0xFF, 0x35, 0x00, 0x5C,
  0xFF, 0xF9, 0x16, 0x00, 0x00, 0x00, 0x00, 0x66, 0xFF, 0xED, 0x05, 0x00,
  0x5C, 0xFF, 0xFF, 0xCC, 0x25, 0x00, 0x00, 0x45, 0xF0, 0xFF, 0x84, 0x00,
  0x00, 0x5C, 0xFF, 0xDC, 0xED, 0xFF, 0xE0, 0xE7, 0xFF, 0xFF, 0xC8, 0x09,
  0x00, 0x00, 0x5C, 0xFF, 0xAE, 0x20, 0xA2, 0xEA, 0xFD, 0xE2, 0x88, 0x0B,
  0x00, 0x00, 0x00, 0x00, 0x00, 0x1F, 0x99, 0xE2, 0xFC, 0xF0, 0xB4, 0x3A,
  0x00, 0x00, 0x00, 0x00, 0x00, 0x3B, 0xF0, 0xFF, 0xF4, 0xCD, 0xE6, 0xFF,
  0xFD, 0x5D, 0x00, 0x00, 0x00, 0x0D, 0xE5, 0xFF, 0x9C, 0x0B, 0x00, 0x02,
  0x74, 0xFF, 0xF8, 0x1F, 0x00, 0x00, 0x6D, 0xFF, 0xD7, 0x03, 0x00, 0x00,
  0x00, 0x00, 0xAF, 0xFF, 0x84, 0x00, 0x00, 0xB7, 0xFF, 0x7B, 0x00, 0x00,
  0x00, 0x00, 0x00, 0x5C, 0xFF, 0xBA, 0x00, 0x00, 0xDD, 0xFF, 0x50, 0x00,
  0x00, 0x00, 0x00, 0x00, 0x00, 0x00, 0x00, 0x00, 0x00, 0xE8, 0xFF, 0x44,
  0x00, 0x00, 0x00, 0x00, 0x00, 0x00, 0x00, 0x00, 0x00, 0x00, 0xDD, 0xFF,
  0x50, 0x00, 0x00, 0x00, 0x00, 0x00, 0x00, 0x00, 0x00, 0x00, 0x00, 0xB8,
  0xFF, 0x7B, 0x00, 0x00, 0x00, 0x00, 0x00, 0x00, 0x00, 0x00, 0x00, 0x00,
  0x6D, 0xFF, 0xD5, 0x03, 0x00, 0x00, 0x00, 0x00, 0x6C, 0xFF, 0xB2, 0x00,
  0x00, 0x0D, 0xE5, 0xFF, 0x99, 0x09, 0x00, 0x00, 0x48, 0xEF, 0xFF, 0x50,
  0x00, 0x00, 0x00, 0x3B, 0xF0, 0xFF, 0xF3, 0xCC, 0xE0, 0xFF, 0xFF, 0x86,
  0x00, 0x00, 0x00, 0x00, 0x00, 0x1F, 0x99, 0xE3, 0xFD, 0xF1, 0xB7, 0x44,
  0x00, 0x00, 0x00, 0x00, 0x00, 0x00, 0x00, 0x00, 0x00, 0x00, 0x00, 0x00,
  0x5C, 0xFF, 0xD4, 0x00, 0x00, 0x00, 0x00, 0x00, 0x00, 0x00, 0x00, 0x00,
  0x00, 0x00, 0x5C, 0xFF, 0xD4, 0x00, 0x00, 0x00, 0x00, 0x00, 0x00, 0x00,
  0x00, 0x00, 0x00, 0x00, 0x5C, 0xFF, 0xD4, 0x00, 0x00, 0x00, 0x00, 0x00,
  0x00, 0x00, 0x00, 0x00, 0x00, 0x00, 0x5C, 0xFF, 0xD4, 0x00, 0x00, 0x00,
  0x00, 0x00, 0x00, 0x00, 0x00, 0x00, 0x00, 0x00, 0x5C, 0xFF, 0xD4, 0x00,
  0x00, 0x00, 0x00, 0x00, 0x32, 0xB5, 0xF2, 0xFB, 0xD3, 0x6D, 0x5E, 0xFF,
  0xD4, 0x00, 0x00, 0x00, 0x00, 0x48, 0xF9, 0xFF, 0xFA, 0xD9, 0xED, 0xFF,
  0xE3, 0xFF, 0xD4, 0x00, 0x00, 0x00, 0x0F, 0xEC, 0xFF, 0xAF, 0x12, 0x00,
  0x02, 0x5B, 0xF7, 0xFF, 0xD4, 0x00, 0x00, 0x00, 0x6E, 0xFF, 0xE6, 0x0A,
  0x00, 0x00, 0x00, 0x00, 0x81, 0xFF, 0xD4, 0x00, 0x00, 0x00, 0xB5, 0xFF,
  0x8B, 0x00, 0x00, 0x00, 0x00, 0x00, 0x5C, 0xFF, 0xD4, 0x00, 0x00, 0x00,
  0xD9, 0xFF, 0x5C, 0x00, 0x00, 0x00, 0x00, 0x00, 0x5C, 0xFF, 0xD4, 0x00,
  0x00, 0x00, 0xE4, 0xFF, 0x4E, 0x00, 0x00, 0x00, 0x00, 0x00, 0x5C, 0xFF,
  0xD4, 0x00, 0x00, 0x00, 0xD8, 0xFF, 0x5C, 0x00, 0x00, 0x00, 0x00, 0x00,
  0x5C, 0xFF, 0xD4, 0x00, 0x00, 0x00, 0xB1, 0xFF, 0x8A, 0x00, 0x00, 0x00,
  0x00, 0x00, 0x5C, 0xFF, 0xD4, 0x00, 0x00, 0x00, 0x6A, 0xFF, 0xE4, 0x09,
  0x00, 0x00, 0x00, 0x00, 0x86, 0xFF, 0xD4, 0x00, 0x00, 0x00, 0x0C, 0xE8,
  0xFF, 0xAE, 0x12, 0x00, 0x03, 0x61, 0xFA, 0xFF, 0xD4, 0x00, 0x00, 0x00,
  0x00, 0x42, 0xF7, 0xFF, 0xFA, 0xDC, 0xF0, 0xFF, 0xD7, 0xFF, 0xD4, 0x00,
  0x00, 0x00, 0x00, 0x00, 0x2E, 0xB3, 0xF2, 0xFB, 0xD2, 0x6D, 0x38, 0xFF,
  0xD4, 0x00, 0x00, 0x00, 0x00, 0x00, 0x0F, 0x86, 0xDC, 0xFC, 0xF0, 0xB8,
  0x41, 0x00, 0x00, 0x00, 0x00, 0x00, 0x20, 0xDD, 0xFF, 0xF5, 0xCD, 0xE4,
  0xFF, 0xFE, 0x63, 0x00, 0x00, 0x00, 0x04, 0xD0, 0xFF, 0xAA, 0x0E, 0x00,
  0x01, 0x67, 0xFF, 0xF7, 0x1D, 0x00, 0x00, 0x59, 0xFF, 0xE1, 0x08, 0x00,
  0x00, 0x00, 0x00, 0xB2, 0xFF, 0x7C, 0x00, 0x00, 0xAE, 0xFF, 0x84, 0x00,
  0x00, 0x00, 0x00, 0x00, 0x64, 0xFF, 0xB8, 0x00, 0x00, 0xDB, 0xFF, 0xDB,
  0xC4, 0xC4, 0xC4, 0xC4, 0xC4, 0xD7, 0xFF, 0xD2, 0x00, 0x00, 0xE7, 0xFF,
  0xFF, 0xFF, 0xFF, 0xFF, 0xFF, 0xFF, 0xFF, 0xFF, 0xD8, 0x00, 0x00, 0xE1,
  0xFF, 0x4D, 0x00, 0x00, 0x00, 0x00, 0x00, 0x00, 0x00, 0x00, 0x00, 0x00,
  0xBD, 0xFF, 0x81, 0x00, 0x00, 0x00, 0x00, 0x00, 0x00, 0x00, 0x00, 0x00,
  0x00, 0x71, 0xFF, 0xE6, 0x0E, 0x00, 0x00, 0x00, 0x00, 0x00, 0x43, 0x00,
  0x00, 0x00, 0x0C, 0xE1, 0xFF, 0xC2, 0x1E, 0x00, 0x00, 0x10, 0x9B, 0xFF,
  0x6C, 0x00, 0x00, 0x00, 0x2F, 0xE8, 0xFF, 0xFC, 0xD0, 0xCC, 0xF7, 0xFF,
  0xCD, 0x11, 0x00, 0x00, 0x00, 0x00, 0x14, 0x89, 0xD9, 0xFB, 0xF9, 0xD2,
  0x77, 0x08, 0x00, 0x00, 0x00, 0x00, 0x00, 0x01, 0x69, 0xD2, 0xFA, 0xF4,
  0x4B, 0x00, 0x00, 0x00, 0x82, 0xFF, 0xFF, 0xEF, 0xE1, 0x46, 0x00, 0x00,
  0x0D, 0xF8, 0xFF, 0x83, 0x02, 0x00, 0x00, 0x00, 0x00, 0x3C, 0xFF, 0xF5,
  0x04, 0x00, 0x00, 0x00, 0x00, 0x00, 0x48, 0xFF, 0xE4, 0x00, 0x00, 0x00,
  0x00, 0x48, 0xFF, 0xFF, 0xFF, 0xFF, 0xFF, 0xFF, 0x94, 0x00, 0x30, 0xAC,
  0xC5, 0xFF, 0xF9, 0xAC, 0xAC, 0x63, 0x00, 0x00, 0x00, 0x48, 0xFF, 0xE4,
  0x00, 0x00, 0x00, 0x00, 0x00, 0x00, 0x48, 0xFF, 0xE4, 0x00, 0x00, 0x00,
  0x00, 0x00, 0x00, 0x48, 0xFF, 0xE4, 0x00, 0x00, 0x00, 0x00, 0x00, 0x00,
  0x48, 0xFF, 0xE4, 0x00, 0x00, 0x00, 0x00, 0x00, 0x00, 0x48, 0xFF, 0xE4,
  0x00, 0x00, 0x00, 0x00, 0x00, 0x00, 0x48, 0xFF, 0xE4, 0x00, 0x00, 0x00,
  0x00, 0x00, 0x00, 0x48, 0xFF, 0xE4, 0x00, 0x00, 0x00, 0x00, 0x00, 0x00,
  0x48, 0xFF, 0xE4, 0x00, 0x00, 0x00, 0x00, 0x00, 0x00, 0x48, 0xFF, 0xE4,
  0x00, 0x00, 0x00, 0x00, 0x00, 0x00, 0x48, 0xFF, 0xE4, 0x00, 0x00, 0x00,
  0x00, 0x00, 0x00, 0x48, 0xFF, 0xE4, 0x00, 0x00, 0x00, 0x00, 0x00, 0x00,
  0x00, 0x36, 0xB6, 0xF2, 0xFB, 0xD4, 0x6D, 0x2C, 0xFF, 0xD8, 0x00, 0x00,
  0x00, 0x4B, 0xFB, 0xFF, 0xFA, 0xD9, 0xED, 0xFF, 0xD0, 0xFF, 0xD8, 0x00,
  0x00, 0x0F, 0xEC, 0xFF, 0xAF, 0x12, 0x00, 0x02, 0x5B, 0xF7, 0xFF, 0xD8,
  0x00, 0x00, 0x6A, 0xFF, 0xE6, 0x0A, 0x00, 0x00, 0x00, 0x00, 0x7B, 0xFF,
  0xD8, 0x00, 0x00, 0xAE, 0xFF, 0x8D, 0x00, 0x00, 0x00, 0x00, 0x00, 0x54,
  0xFF, 0xD8, 0x00, 0x00, 0xD1, 0xFF, 0x60, 0x00, 0x00, 0x00, 0x00, 0x00,
  0x54, 0xFF, 0xD8, 0x00, 0x00, 0xDC, 0xFF, 0x52, 0x00, 0x00, 0x00, 0x00,
  0x00, 0x54, 0xFF, 0xD8, 0x00, 0x00, 0xD1, 0xFF, 0x5F, 0x00, 0x00, 0x00,
  0x00, 0x00, 0x54, 0xFF, 0xD8, 0x00, 0x00, 0xAC, 0xFF, 0x8D, 0x00, 0x00,
  0x00, 0x00, 0x00, 0x54, 0xFF, 0xD8, 0x00, 0x00, 0x65, 0xFF, 0xE5, 0x09,
  0x00, 0x00, 0x00, 0x00, 0x82, 0xFF, 0xD8, 0x00, 0x00, 0x0C, 0xE8, 0xFF,
  0xAE, 0x12, 0x00, 0x03, 0x61, 0xFA, 0xFF, 0xD8, 0x00, 0x00, 0x00, 0x44,
  0xF8, 0xFF, 0xFA, 0xDC, 0xF0, 0xFF, 0xE0, 0xFF, 0xD8, 0x00, 0x00, 0x00,
  0x00, 0x30, 0xB3, 0xF2, 0xFB, 0xD3, 0x6D, 0x57, 0xFF, 0xD7, 0x00, 0x00,
  0x00, 0x00, 0x00, 0x00, 0x00, 0x00, 0x00, 0x00, 0x64, 0xFF, 0xC7, 0x00,
  0x00, 0x00, 0x24, 0x11, 0x00, 0x00, 0x00, 0x00, 0x00, 0xAF, 0xFF, 0x95,
  0x00, 0x00, 0x10, 0xE0, 0xD3, 0x35, 0x00, 0x00, 0x05, 0x77, 0xFF, 0xFC,
  0x2E, 0x00, 0x00, 0x01, 0x96, 0xFF, 0xFF, 0xE1, 0xCC, 0xF0, 0xFF, 0xFE,
  0x6C, 0x00, 0x00, 0x00, 0x00, 0x00, 0x42, 0xAC, 0xE5, 0xFD, 0xEA, 0xAD,
  0x3B, 0x00, 0x00, 0x00, 0x00, 0x58, 0xFF, 0xD4, 0x00, 0x00, 0x00, 0x00,
  0x00, 0x00, 0x00, 0x00, 0x00, 0x00, 0x58, 0xFF, 0xD4, 0x00, 0x00, 0x00,
  0x00, 0x00, 0x00, 0x00, 0x00, 0x00, 0x00, 0x58, 0xFF, 0xD4, 0x00, 0x00,
  0x00, 0x00, 0x00, 0x00, 0x00, 0x00, 0x00, 0x00, 0x58, 0xFF, 0xD4, 0x00,
  0x00, 0x00, 0x00, 0x00, 0x00, 0x00, 0x00, 0x00, 0x00, 0x58, 0xFF, 0xD4,
  0x00, 0x00, 0x00, 0x00, 0x00, 0x00, 0x00, 0x00, 0x00, 0x00, 0x58, 0xFF,
  0xD4, 0x0E, 0x8C, 0xE1, 0xFD, 0xE8, 0xA2, 0x19, 0x00, 0x00, 0x00, 0x58,
  0xFF, 0xE3, 0xD8, 0xFF, 0xDE, 0xE3, 0xFF, 0xFF, 0xD6, 0x06, 0x00, 0x00,
  0x58, 0xFF, 0xFF, 0xD5, 0x2D, 0x00, 0x00, 0x46, 0xFA, 0xFF, 0x54, 0x00,
  0x00, 0x58, 0xFF, 0xFA, 0x1C, 0x00, 0x00, 0x00, 0x00, 0xAF, 0xFF, 0x8B,
  0x00, 0x00, 0x58, 0xFF, 0xD4, 0x00, 0x00, 0x00, 0x00, 0x00, 0x8E, 0xFF,
  0x9E, 0x00, 0x00, 0x58, 0xFF, 0xD4, 0x00, 0x00, 0x00, 0x00, 0x00, 0x8C,
  0xFF, 0xA0, 0x00, 0x00, 0x58, 0xFF, 0xD4, 0x00, 0x00, 0x00, 0x00, 0x00,
  0x8C, 0xFF, 0xA0, 0x00, 0x00, 0x58, 0xFF, 0xD4, 0x00, 0x00, 0x00, 0x00,
  0x00, 0x8C, 0xFF, 0xA0, 0x00, 0x00, 0x58, 0xFF, 0xD4, 0x00, 0x00, 0x00,
  0x00, 0x00, 0x8C, 0xFF, 0xA0, 0x00, 0x00, 0x58, 0xFF, 0xD4, 0x00, 0x00,
  0x00, 0x00, 0x00, 0x8C, 0xFF, 0xA0, 0x00, 0x00, 0x58, 0xFF, 0xD4, 0x00,
  0x00, 0x00, 0x00, 0x00, 0x8C, 0xFF, 0xA0, 0x00, 0x00, 0x58, 0xFF, 0xD4,
  0x00, 0x00, 0x00, 0x00, 0x00, 0x8C, 0xFF, 0xA0, 0x00, 0x00, 0x58, 0xFF,
  0xD4, 0x00, 0x00, 0x00, 0x00, 0x00, 0x8C, 0xFF, 0xA0, 0x00, 0x00, 0x01,
  0x5F, 0x53, 0x00, 0x00, 0x00, 0x45, 0xFF, 0xFF, 0x2B, 0x00, 0x00, 0x20,
  0xE7, 0xDB, 0x11, 0x00, 0x00, 0x00, 0x00, 0x00, 0x00, 0x00, 0x00, 0x00,
  0x00, 0x00, 0x00, 0x00, 0x00, 0x2C, 0xFF, 0xFF, 0x04, 0x00, 0x00, 0x2C,
  0xFF, 0xFF, 0x04, 0x00, 0x00, 0x2C, 0xFF, 0xFF, 0x04, 0x00, 0x00, 0x2C,
  0xFF, 0xFF, 0x04, 0x00, 0x00, 0x2C, 0xFF, 0xFF, 0x04, 0x00, 0x00, 0x2C,
  0xFF, 0xFF, 0x04, 0x00, 0x00, 0x2C, 0xFF, 0xFF, 0x04, 0x00, 0x00, 0x2C,
  0xFF, 0xFF, 0x04, 0x00, 0x00, 0x2C, 0xFF, 0xFF, 0x04, 0x00, 0x00, 0x2C,
  0xFF, 0xFF, 0x04, 0x00, 0x00, 0x2C, 0xFF, 0xFF, 0x04, 0x00, 0x00, 0x2C,
  0xFF, 0xFF, 0x04, 0x00, 0x00, 0x2C, 0xFF, 0xFF, 0x04, 0x00, 0x00, 0x00,
  0x0A, 0x6A, 0x3F, 0x00, 0x00, 0x00, 0x00, 0x73, 0xFF, 0xF8, 0x07, 0x00,
  0x00, 0x00, 0x42, 0xF3, 0xC2, 0x01, 0x00, 0x00, 0x00, 0x00, 0x00, 0x00,
  0x00, 0x00, 0x00, 0x00, 0x00, 0x00, 0x00, 0x00, 0x00, 0x00, 0x00, 0x48,
  0xFF, 0xE4, 0x00, 0x00, 0x00, 0x00, 0x48, 0xFF, 0xE4, 0x00, 0x00, 0x00,
  0x00, 0x48, 0xFF, 0xE4, 0x00, 0x00, 0x00, 0x00, 0x48, 0xFF, 0xE4, 0x00,
  0x00, 0x00, 0x00, 0x48, 0xFF, 0xE4, 0x00, 0x00, 0x00, 0x00, 0x48, 0xFF,
  0xE4, 0x00, 0x00, 0x00, 0x00, 0x48, 0xFF, 0xE4, 0x00, 0x00, 0x00, 0x00,
  0x48, 0xFF, 0xE4, 0x00, 0x00, 0x00, 0x00, 0x48, 0xFF, 0xE4, 0x00, 0x00,
  0x00, 0x00, 0x48, 0xFF, 0xE4, 0x00, 0x00, 0x00, 0x00, 0x48, 0xFF, 0xE4,
  0x00, 0x00, 0x00, 0x00, 0x48, 0xFF, 0xE4, 0x00, 0x00, 0x00, 0x00, 0x48,
  0xFF, 0xE4, 0x00, 0x00, 0x00, 0x00, 0x48, 0xFF, 0xE4, 0x00, 0x00, 0x00,
  0x00, 0x4B, 0xFF, 0xE1, 0x00, 0x00, 0x00, 0x00, 0x8F, 0xFF, 0xC6, 0x00,
  0x00, 0xB0, 0xE3, 0xFF, 0xFF, 0x6B, 0x00, 0x00, 0xB0, 0xFC, 0xE7, 0x80,
  0x02, 0x00, 0x00, 0x00, 0x58, 0xFF, 0xD4, 0x00, 0x00, 0x00, 0x00, 0x00,
  0x00, 0x00, 0x00, 0x00, 0x00, 0x58, 0xFF, 0xD4, 0x00, 0x00, 0x00, 0x00,
  0x00, 0x00, 0x00, 0x00, 0x00, 0x00, 0x58, 0xFF, 0xD4, 0x00, 0x00, 0x00,
  0x00, 0x00, 0x00, 0x00, 0x00, 0x00, 0x00, 0x58, 0xFF, 0xD4, 0x00, 0x00,
  0x00, 0x00, 0x00, 0x00, 0x00, 0x00, 0x00, 0x00, 0x58, 0xFF, 0xD4, 0x00,
  0x00, 0x00, 0x00, 0x00, 0x00, 0x00, 0x00, 0x00, 0x00, 0x58, 0xFF, 0xD4,
  0x00, 0x00, 0x00, 0x00, 0x86, 0xFF, 0xF0, 0x2F, 0x00, 0x00, 0x58, 0xFF,
  0xD4, 0x00, 0x00, 0x00, 0x71, 0xFF, 0xF8, 0x3E, 0x00, 0x00, 0x00, 0x58,
  0xFF, 0xD4, 0x00, 0x00, 0x5D, 0xFF, 0xFC, 0x4F, 0x00, 0x00, 0x00, 0x00,
  0x58, 0xFF, 0xD4, 0x00, 0x4C, 0xFC, 0xFF, 0x63, 0x00, 0x00, 0x00, 0x00,
  0x00, 0x58, 0xFF, 0xD4, 0x36, 0xF7, 0xFF, 0x79, 0x00, 0x00, 0x00, 0x00,
  0x00, 0x00, 0x58, 0xFF, 0xE5, 0xE5, 0xFF, 0xDB, 0x01, 0x00, 0x00, 0x00,
  0x00, 0x00, 0x00, 0x58, 0xFF, 0xFF, 0xFF, 0xFF, 0xFF, 0x6E, 0x00, 0x00,
  0x00, 0x00, 0x00, 0x00, 0x58, 0xFF, 0xFF, 0xAF, 0x6F, 0xFF, 0xF9, 0x2E,
  0x00, 0x00, 0x00, 0x00, 0x00, 0x58, 0xFF, 0xE7, 0x07, 0x00, 0xAE, 0xFF,
  0xD8, 0x0B, 0x00, 0x00, 0x00, 0x00, 0x58, 0xFF, 0xD4, 0x00, 0x00, 0x12,
  0xE3, 0xFF, 0x9D, 0x00, 0x00, 0x00, 0x00, 0x58, 0xFF, 0xD4, 0x00, 0x00,
  0x00, 0x3D, 0xFD, 0xFF, 0x55, 0x00, 0x00, 0x00, 0x58, 0xFF, 0xD4, 0x00,
  0x00, 0x00, 0x00, 0x80, 0xFF, 0xF1, 0x21, 0x00, 0x00, 0x58, 0xFF, 0xD4,
  0x00, 0x00, 0x00, 0x00, 0x03, 0xC1, 0xFF, 0xC7, 0x04, 0x00, 0x2C, 0xFF,
  0xFF, 0x04, 0x00, 0x00, 0x2C, 0xFF, 0xFF, 0x04, 0x00, 0x00, 0x2C, 0xFF,
  0xFF, 0x04, 0x00, 0x00, 0x2C, 0xFF, 0xFF, 0x04, 0x00, 0x00, 0x2C, 0xFF,
  0xFF, 0x04, 0x00, 0x00, 0x2C, 0xFF, 0xFF, 0x04, 0x00, 0x00, 0x2C, 0xFF,
  0xFF, 0x04, 0x00, 0x00, 0x2C, 0xFF, 0xFF, 0x04, 0x00, 0x00, 0x2C, 0xFF,
  0xFF, 0x04, 0x00, 0x00, 0x2C, 0xFF, 0xFF, 0x04, 0x00, 0x00, 0x2C, 0xFF,
  0xFF, 0x04, 0x00, 0x00, 0x2C, 0xFF, 0xFF, 0x04, 0x00, 0x00, 0x2C, 0xFF,
  0xFF, 0x04, 0x00, 0x00, 0x2C, 0xFF, 0xFF, 0x04, 0x00, 0x00, 0x2C, 0xFF,
  0xFF, 0x04, 0x00, 0x00, 0x2C, 0xFF, 0xFF, 0x04, 0x00, 0x00, 0x2C, 0xFF,
  0xFF, 0x04, 0x00, 0x00, 0x2C, 0xFF, 0xFF, 0x04, 0x00, 0x00, 0x60, 0xFF,
  0xB6, 0x21, 0xA1, 0xE9, 0xFC, 0xE4, 0x97, 0x11, 0x00, 0x45, 0xBC, 0xF3,
  0xFC, 0xDA, 0x7B, 0x05, 0x00, 0x00, 0x00, 0x60, 0xFF, 0xE1, 0xEF, 0xF8,
  0xD8, 0xE9, 0xFF, 0xFF, 0xCA, 0x6C, 0xFF, 0xF7, 0xDA, 0xF0, 0xFF, 0xFF,
  0x9C, 0x00, 0x00, 0x00, 0x60, 0xFF, 0xFF, 0xA8, 0x10, 0x00, 0x01, 0x5B,
  0xFE, 0xFF, 0xFF, 0xA2, 0x0D, 0x00, 0x03, 0x77, 0xFF, 0xFF, 0x1F, 0x00,
  0x00, 0x60, 0xFF, 0xED, 0x06, 0x00, 0x00, 0x00, 0x00, 0xB8, 0xFF, 0xE1,
  0x05, 0x00, 0x00, 0x00, 0x01, 0xE3, 0xFF, 0x57, 0x00, 0x00, 0x60, 0xFF,
  0xD0, 0x00, 0x00, 0x00, 0x00, 0x00, 0x93, 0xFF, 0xB7, 0x00, 0x00, 0x00,
  0x00, 0x00, 0xC6, 0xFF, 0x6B, 0x00, 0x00, 0x60, 0xFF, 0xD0, 0x00, 0x00,
  0x00, 0x00, 0x00, 0x90, 0xFF, 0x9C, 0x00, 0x00, 0x00, 0x00, 0x00, 0xC4,
  0xFF, 0x6C, 0x00, 0x00, 0x60, 0xFF, 0xD0, 0x00, 0x00, 0x00, 0x00, 0x00,
  0x90, 0xFF, 0x9C, 0x00, 0x00, 0x00, 0x00, 0x00, 0xC4, 0xFF, 0x6C, 0x00,
  0x00, 0x60, 0xFF, 0xD0, 0x00, 0x00, 0x00, 0x00, 0x00, 0x90, 0xFF, 0x9C,
  0x00, 0x00, 0x00, 0x00, 0x00, 0xC4, 0xFF, 0x6C, 0x00, 0x00, 0x60, 0xFF,
  0xD0, 0x00, 0x00, 0x00, 0x00, 0x00, 0x90, 0xFF, 0x9C, 0x00, 0x00, 0x00,
  0x00, 0x00, 0xC4, 0xFF, 0x6C, 0x00, 0x00, 0x60, 0xFF, 0xD0, 0x00, 0x00,
  0x00, 0x00, 0x00, 0x90, 0xFF, 0x9C, 0x00, 0x00, 0x00, 0x00, 0x00, 0xC4,
  0xFF, 0x6C, 0x00, 0x00, 0x60, 0xFF, 0xD0, 0x00, 0x00, 0x00, 0x00, 0x00,
  0x90, 0xFF, 0x9C, 0x00, 0x00, 0x00, 0x00, 0x00, 0xC4, 0xFF, 0x6C, 0x00,
  0x00, 0x60, 0xFF, 0xD0, 0x00, 0x00, 0x00, 0x00, 0x00, 0x90, 0xFF, 0x9C,
  0x00, 0x00, 0x00, 0x00, 0x00, 0xC4, 0xFF, 0x6C, 0x00, 0x00, 0x60, 0xFF,
  0xD0, 0x00, 0x00, 0x00, 0x00, 0x00, 0x90, 0xFF, 0x9C, 0x00, 0x00, 0x00,
  0x00, 0x00, 0xC4, 0xFF, 0x6C, 0x00, 0x00, 0x58, 0xFF, 0xBA, 0x0E, 0x8C,
  0xE1, 0xFD, 0xE8, 0xA2, 0x19, 0x00, 0x00, 0x00, 0x58, 0xFF, 0xD7, 0xD8,
  0xFF, 0xDE, 0xE3, 0xFF, 0xFF, 0xD6, 0x06, 0x00, 0x00, 0x58, 0xFF, 0xFF,
  0xD5, 0x2D, 0x00, 0x00, 0x46, 0xFA, 0xFF, 0x54, 0x00, 0x00, 0x58, 0xFF,
  0xFA, 0x1C, 0x00, 0x00, 0x00, 0x00, 0xAF, 0xFF, 0x8B, 0x00, 0x00, 0x58,
  0xFF, 0xD4, 0x00, 0x00, 0x00, 0x00, 0x00, 0x8E, 0xFF, 0x9E, 0x00, 0x00,
  0x58, 0xFF, 0xD4, 0x00, 0x00, 0x00, 0x00, 0x00, 0x8C, 0xFF, 0xA0, 0x00,
  0x00, 0x58, 0xFF, 0xD4, 0x00, 0x00, 0x00, 0x00, 0x00, 0x8C, 0xFF, 0xA0,
  0x00, 0x00, 0x58, 0xFF, 0xD4, 0x00, 0x00, 0x00, 0x00, 0x00, 0x8C, 0xFF,
  0xA0, 0x00, 0x00, 0x58, 0xFF, 0xD4, 0x00, 0x00, 0x00, 0x00, 0x00, 0x8C,
  0xFF, 0xA0, 0x00, 0x00, 0x58, 0xFF, 0xD4, 0x00, 0x00, 0x00, 0x00, 0x00,
  0x8C, 0xFF, 0xA0, 0x00, 0x00, 0x58, 0xFF, 0xD4, 0x00, 0x00, 0x00, 0x00,
  0x00, 0x8C, 0xFF, 0xA0, 0x00, 0x00, 0x58, 0xFF, 0xD4, 0x00, 0x00, 0x00,
  0x00, 0x00, 0x8C, 0xFF, 0xA0, 0x00, 0x00, 0x58, 0xFF, 0xD4, 0x00, 0x00,
  0x00, 0x00, 0x00, 0x8C, 0xFF, 0xA0, 0x00, 0x00, 0x00, 0x00, 0x10, 0x85,
  0xDA, 0xFB, 0xF4, 0xC5, 0x60, 0x02, 0x00, 0x00, 0x00, 0x00, 0x00, 0x25,
  0xE3, 0xFF, 0xF9, 0xCF, 0xDB, 0xFF, 0xFF, 0xB3, 0x07, 0x00, 0x00, 0x00,
  0x06, 0xD7, 0xFF, 0xB9, 0x15, 0x00, 0x00, 0x3C, 0xE8, 0xFF, 0x90, 0x00,
  0x00, 0x00, 0x62, 0xFF, 0xE7, 0x0D, 0x00, 0x00, 0x00, 0x00, 0x46, 0xFF,
  0xFB, 0x1B, 0x00, 0x00, 0xB3, 0xFF, 0x86, 0x00, 0x00, 0x00, 0x00, 0x00,
  0x00, 0xD8, 0xFF, 0x67, 0x00, 0x00, 0xDF, 0xFF, 0x52, 0x00, 0x00, 0x00,
  0x00, 0x00, 0x00, 0xA2, 0xFF, 0x93, 0x00, 0x00, 0xEA, 0xFF, 0x42, 0x00,
  0x00, 0x00, 0x00, 0x00, 0x00, 0x92, 0xFF, 0x9E, 0x00, 0x00, 0xDF, 0xFF,
  0x51, 0x00, 0x00, 0x00, 0x00, 0x00, 0x00, 0xA2, 0xFF, 0x93, 0x00, 0x00,
  0xB4, 0xFF, 0x85, 0x00, 0x00, 0x00, 0x00, 0x00, 0x00, 0xD7, 0xFF, 0x67,
  0x00, 0x00, 0x62, 0xFF, 0xE4, 0x0B, 0x00, 0x00, 0x00, 0x00, 0x44, 0xFF,
  0xFB, 0x1B, 0x00, 0x00, 0x06, 0xD6, 0xFF, 0xB8, 0x17, 0x00, 0x00, 0x37,
  0xE6, 0xFF, 0x90, 0x00, 0x00, 0x00, 0x00, 0x25, 0xE1, 0xFF, 0xF9, 0xD0,
  0xD9, 0xFF, 0xFF, 0xB3, 0x07, 0x00, 0x00, 0x00, 0x00, 0x00, 0x10, 0x84,
  0xDA, 0xFB, 0xF6, 0xC5, 0x61, 0x02, 0x00, 0x00, 0x00, 0x00, 0x5C, 0xFF,
  0xAE, 0x25, 0xA7, 0xEB, 0xFC, 0xE1, 0x89, 0x0C, 0x00, 0x00, 0x00, 0x5C,
  0xFF, 0xE0, 0xF0, 0xFB, 0xD8, 0xE8, 0xFF, 0xFF, 0xCD, 0x0B, 0x00, 0x00,
  0x5C, 0xFF, 0xFF, 0xB0, 0x16, 0x00, 0x01, 0x57, 0xF8, 0xFF, 0x88, 0x00,
  0x00, 0x5C, 0xFF, 0xED, 0x07, 0x00, 0x00, 0x00, 0x00, 0x7A, 0xFF, 0xEE,
  0x04, 0x00, 0x5C, 0xFF, 0xD4, 0x00, 0x00, 0x00, 0x00, 0x00, 0x15, 0xFE,
  0xFF, 0x32, 0x00, 0x5C, 0xFF, 0xD4, 0x00, 0x00, 0x00, 0x00, 0x00, 0x00,
  0xE2, 0xFF, 0x51, 0x00, 0x5C, 0xFF, 0xD4, 0x00, 0x00, 0x00, 0x00, 0x00,
  0x00, 0xD2, 0xFF, 0x5B, 0x00, 0x5C, 0xFF, 0xD4, 0x00, 0x00, 0x00, 0x00,
  0x00, 0x00, 0xE0, 0xFF, 0x51, 0x00, 0x5C, 0xFF, 0xD4, 0x00, 0x00, 0x00,
  0x00, 0x00, 0x12, 0xFE, 0xFF, 0x2D, 0x00, 0x5C, 0xFF, 0xEA, 0x04, 0x00,
  0x00, 0x00, 0x00, 0x73, 0xFF, 0xE8, 0x03, 0x00, 0x5C, 0xFF, 0xFF, 0xA3,
  0x0D, 0x00, 0x00, 0x4C, 0xF6, 0xFF, 0x7F, 0x00, 0x00, 0x5C, 0xFF, 0xF1,
  0xF6, 0xF5, 0xCD, 0xDD, 0xFF, 0xFF, 0xC6, 0x08, 0x00, 0x00, 0x5C, 0xFF,
  0xD4, 0x2C, 0xAB, 0xEC, 0xFD, 0xE0, 0x86, 0x0A, 0x00, 0x00, 0x00, 0x5C,
  0xFF, 0xD4, 0x00, 0x00, 0x00, 0x00, 0x00, 0x00, 0x00, 0x00, 0x00, 0x00,
  0x5C, 0xFF, 0xD4, 0x00, 0x00, 0x00, 0x00, 0x00, 0x00, 0x00, 0x00, 0x00,
  0x00, 0x5C, 0xFF, 0xD4, 0x00, 0x00, 0x00, 0x00, 0x00, 0x00, 0x00, 0x00,
  0x00, 0x00, 0x5C, 0xFF, 0xD4, 0x00, 0x00, 0x00, 0x00, 0x00, 0x00, 0x00,
  0x00, 0x00, 0x00, 0x5C, 0xFF, 0xD4, 0x00, 0x00, 0x00, 0x00, 0x00, 0x00,
  0x00, 0x00, 0x00, 0x00, 0x00, 0x00, 0x37, 0xB7, 0xF2, 0xFB, 0xD6, 0x73,
  0x3A, 0xFF, 0xD0, 0x00, 0x00, 0x00, 0x00, 0x51, 0xFB, 0xFF, 0xF5, 0xCD,
  0xE0, 0xFF, 0xDE, 0xFF, 0xD0, 0x00, 0x00, 0x00, 0x13, 0xF0, 0xFF, 0xAE,
  0x0F, 0x00, 0x00, 0x49, 0xF0, 0xFF, 0xD0, 0x00, 0x00, 0x00, 0x72, 0xFF,
  0xE5, 0x0A, 0x00, 0x00, 0x00, 0x00, 0x74, 0xFF, 0xD0, 0x00, 0x00, 0x00,
  0xB6, 0xFF, 0x8B, 0x00, 0x00, 0x00, 0x00, 0x00, 0x5C, 0xFF, 0xD0, 0x00,
  0x00, 0x00, 0xD9, 0xFF, 0x5C, 0x00, 0x00, 0x00, 0x00, 0x00, 0x5C, 0xFF,
  0xD0, 0x00, 0x00, 0x00, 0xE4, 0xFF, 0x4E, 0x00, 0x00, 0x00, 0x00, 0x00,
  0x5C, 0xFF, 0xD0, 0x00, 0x00, 0x00, 0xD9, 0xFF, 0x5C, 0x00, 0x00, 0x00,
  0x00, 0x00, 0x5C, 0xFF, 0xD0, 0x00, 0x00, 0x00, 0xB2, 0xFF, 0x88, 0x00,
  0x00, 0x00, 0x00, 0x00, 0x5C, 0xFF, 0xD0, 0x00, 0x00, 0x00, 0x6B, 0xFF,
  0xE3, 0x09, 0x00, 0x00, 0x00, 0x00, 0x77, 0xFF, 0xD0, 0x00, 0x00, 0x00,
  0x0E, 0xEA, 0xFF, 0xAC, 0x0E, 0x00, 0x00, 0x48, 0xF1, 0xFF, 0xD0, 0x00,
  0x00, 0x00, 0x00, 0x47, 0xF9, 0xFF, 0xF5, 0xCD, 0xE1, 0xFF, 0xED, 0xFF,
  0xD0, 0x00, 0x00, 0x00, 0x00, 0x00, 0x32, 0xB6, 0xF2, 0xFB, 0xD6, 0x74,
  0x61, 0xFF, 0xD0, 0x00, 0x00, 0x00, 0x00, 0x00, 0x00, 0x00, 0x00, 0x00,
  0x00, 0x00, 0x5C, 0xFF, 0xD0, 0x00, 0x00, 0x00, 0x00, 0x00, 0x00, 0x00,
  0x00, 0x00, 0x00, 0x00, 0x5C, 0xFF, 0xD0, 0x00, 0x00, 0x00, 0x00, 0x00,
  0x00, 0x00, 0x00, 0x00, 0x00, 0x00, 0x5C, 0xFF, 0xD0, 0x00, 0x00, 0x00,
  0x00, 0x00, 0x00, 0x00, 0x00, 0x00, 0x00, 0x00, 0x5C, 0xFF, 0xD0, 0x00,
  0x00, 0x00, 0x00, 0x00, 0x00, 0x00, 0x00, 0x00, 0x00, 0x00, 0x5C, 0xFF,
  0xD0, 0x00, 0x00, 0x00, 0x58, 0xFF, 0xC8, 0x31, 0xC1, 0xF9, 0xBA, 0x00,
  0x58, 0xFF, 0xE6, 0xF0, 0xFF, 0xFF, 0xC5, 0x00, 0x58, 0xFF, 0xFF, 0xDA,
  0x51, 0x1E, 0x1B, 0x00, 0x58, 0xFF, 0xFB, 0x1B, 0x00, 0x00, 0x00, 0x00,
  0x58, 0xFF, 0xD4, 0x00, 0x00, 0x00, 0x00, 0x00, 0x58, 0xFF, 0xD4, 0x00,
  0x00, 0x00, 0x00, 0x00, 0x58, 0xFF, 0xD4, 0x00, 0x00, 0x00, 0x00, 0x00,
  0x58, 0xFF, 0xD4, 0x00, 0x00, 0x00, 0x00, 0x00, 0x58, 0xFF, 0xD4, 0x00,
  0x00, 0x00, 0x00, 0x00, 0x58, 0xFF, 0xD4, 0x00, 0x00, 0x00, 0x00, 0x00,
  0x58, 0xFF, 0xD4, 0x00, 0x00, 0x00, 0x00, 0x00, 0x58, 0xFF, 0xD4, 0x00,
  0x00, 0x00, 0x00, 0x00, 0x58, 0xFF, 0xD4, 0x00, 0x00, 0x00, 0x00, 0x00,
  0x00, 0x00, 0x54, 0xC0, 0xF3, 0xFD, 0xE2, 0x98, 0x1D, 0x00, 0x00, 0x00,
  0x00, 0x90, 0xFF, 0xFF, 0xDA, 0xCD, 0xF7, 0xFF, 0xED, 0x2C, 0x00, 0x00,
  0x36, 0xFF, 0xFB, 0x43, 0x00, 0x00, 0x14, 0xC1, 0xFF, 0xC2, 0x00, 0x00,
  0x6F, 0xFF, 0xC5, 0x00, 0x00, 0x00, 0x00, 0x2F, 0xF8, 0xF6, 0x09, 0x00,
  0x53, 0xFF, 0xF1, 0x2F, 0x00, 0x00, 0x00, 0x00, 0x00, 0x00, 0x00, 0x00,
  0x04, 0xBE, 0xFF, 0xFE, 0xC1, 0x7C, 0x3C, 0x03, 0x00, 0x00, 0x00, 0x00,
  0x00, 0x06, 0x71, 0xD6, 0xFF, 0xFF, 0xFF, 0xE8, 0x75, 0x04, 0x00, 0x00,
  0x00, 0x00, 0x00, 0x00, 0x1E, 0x5A, 0xA5, 0xFB, 0xFF, 0xA0, 0x00, 0x00,
  0x23, 0x28, 0x0C, 0x00, 0x00, 0x00, 0x00, 0x46, 0xFF, 0xFF, 0x1A, 0x00,
  0xD0, 0xFF, 0x6E, 0x00, 0x00, 0x00, 0x00, 0x02, 0xFE, 0xFF, 0x2F, 0x00,
  0x78, 0xFF, 0xE9, 0x38, 0x00, 0x00, 0x03, 0x7A, 0xFF, 0xF0, 0x08, 0x00,
  0x06, 0xB6, 0xFF, 0xFF, 0xE1, 0xCC, 0xEC, 0xFF, 0xFC, 0x59, 0x00, 0x00,
  0x00, 0x03, 0x65, 0xC6, 0xF3, 0xFE, 0xE7, 0xA6, 0x32, 0x00, 0x00, 0x00,
  0x00, 0x94, 0xFF, 0x98, 0x00, 0x00, 0x00, 0x00, 0x00, 0x94, 0xFF, 0x98,
  0x00, 0x00, 0x00, 0x00, 0x00, 0x94, 0xFF, 0x98, 0x00, 0x00, 0x00, 0xE4,
  0xFF, 0xFF, 0xFF, 0xFF, 0xFF, 0xF8, 0x00, 0x99, 0xAC, 0xE0, 0xFF, 0xE1,
  0xAC, 0xA7, 0x00, 0x00, 0x00, 0x94, 0xFF, 0x98, 0x00, 0x00, 0x00, 0x00,
  0x00, 0x94, 0xFF, 0x98, 0x00, 0x00, 0x00, 0x00, 0x00, 0x94, 0xFF, 0x98,
  0x00, 0x00, 0x00, 0x00, 0x00, 0x94, 0xFF, 0x98, 0x00, 0x00, 0x00, 0x00,
  0x00, 0x94, 0xFF, 0x98, 0x00, 0x00, 0x00, 0x00, 0x00, 0x94, 0xFF, 0x98,
  0x00, 0x00, 0x00, 0x00, 0x00, 0x94, 0xFF, 0x98, 0x00, 0x00, 0x00, 0x00,
  0x00, 0x93, 0xFF, 0x99, 0x00, 0x00, 0x00, 0x00, 0x00, 0x82, 0xFF, 0xCA,
  0x05, 0x00, 0x00, 0x00, 0x00, 0x37, 0xFF, 0xFF, 0xEE, 0xEA, 0x04, 0x00,
  0x00, 0x00, 0x66, 0xE2, 0xFD, 0xE2, 0x03, 0x00, 0x64, 0xFF, 0xC8, 0x00,
  0x00, 0x00, 0x00, 0x00, 0x98, 0xFF, 0x98, 0x00, 0x00, 0x64, 0xFF, 0xC8,
  0x00, 0x00, 0x00, 0x00, 0x00, 0x98, 0xFF, 0x98, 0x00, 0x00, 0x64, 0xFF,
  0xC8, 0x00, 0x00, 0x00, 0x00, 0x00, 0x98, 0xFF, 0x98, 0x00, 0x00, 0x64,
  0xFF, 0xC8, 0x00, 0x00, 0x00, 0x00, 0x00, 0x98, 0xFF, 0x98, 0x00, 0x00,
  0x64, 0xFF, 0xC8, 0x00, 0x00, 0x00, 0x00, 0x00, 0x98, 0xFF, 0x98, 0x00,
  0x00, 0x64, 0xFF, 0xC8, 0x00, 0x00, 0x00, 0x00, 0x00, 0x98, 0xFF, 0x98,
  0x00, 0x00, 0x64, 0xFF, 0xC8, 0x00, 0x00, 0x00, 0x00, 0x00, 0x98, 0xFF,
  0x98, 0x00, 0x00, 0x64, 0xFF, 0xC8, 0x00, 0x00, 0x00, 0x00, 0x00, 0x98,
  0xFF, 0x98, 0x00, 0x00, 0x62, 0xFF, 0xCB, 0x00, 0x00, 0x00, 0x00, 0x00,
  0x98, 0xFF, 0x98, 0x00, 0x00, 0x4C, 0xFF, 0xEC, 0x03, 0x00, 0x00, 0x00,
  0x00, 0xC1, 0xFF, 0x98, 0x00, 0x00, 0x13, 0xFB, 0xFF, 0x7F, 0x02, 0x00,
  0x0E, 0x8E, 0xFF, 0xFF, 0x98, 0x00, 0x00, 0x00, 0x8A, 0xFF, 0xFF, 0xEC,
  0xDE, 0xFB, 0xFF, 0xE4, 0xFF, 0x98, 0x00, 0x00, 0x00, 0x02, 0x70, 0xD6,
  0xFD, 0xF4, 0xC2, 0x52, 0x81, 0xFF, 0x98, 0x00, 0x6E, 0xFF, 0xC6, 0x00,
  0x00, 0x00, 0x00, 0x00, 0x2E, 0xFF, 0xF6, 0x0D, 0x18, 0xFD, 0xFE, 0x1A,
  0x00, 0x00, 0x00, 0x00, 0x7E, 0xFF, 0xAA, 0x00, 0x00, 0xBB, 0xFF, 0x6B,
  0x00, 0x00, 0x00, 0x00, 0xCE, 0xFF, 0x50, 0x00, 0x00, 0x5F, 0xFF, 0xBE,
  0x00, 0x00, 0x00, 0x1F, 0xFF, 0xF0, 0x07, 0x00, 0x00, 0x0E, 0xF7, 0xFC,
  0x15, 0x00, 0x00, 0x6E, 0xFF, 0x9D, 0x00, 0x00, 0x00, 0x00, 0xAA, 0xFF,
  0x64, 0x00, 0x00, 0xC1, 0xFF, 0x43, 0x00, 0x00, 0x00, 0x00, 0x51, 0xFF,
  0xB6, 0x00, 0x15, 0xFD, 0xE7, 0x03, 0x00, 0x00, 0x00, 0x00, 0x07, 0xEF,
  0xFA, 0x10, 0x62, 0xFF, 0x90, 0x00, 0x00, 0x00, 0x00, 0x00, 0x00, 0x9B,
  0xFF, 0x5D, 0xB2, 0xFF, 0x37, 0x00, 0x00, 0x00, 0x00, 0x00, 0x00, 0x41,
  0xFF, 0xBA, 0xF7, 0xDD, 0x01, 0x00, 0x00, 0x00, 0x00, 0x00, 0x00, 0x02,
  0xE4, 0xFF, 0xFF, 0x84, 0x00, 0x00, 0x00, 0x00, 0x00, 0x00, 0x00, 0x00,
  0x8B, 0xFF, 0xFF, 0x2A, 0x00, 0x00, 0x00, 0x00, 0x00, 0x00, 0x00, 0x00,
  0x32, 0xFF, 0xD2, 0x00, 0x00, 0x00, 0x00, 0x00, 0x5C, 0xFF, 0xCC, 0x00,
  0x00, 0x00, 0x00, 0x0D, 0xFA, 0xF9, 0x0D, 0x00, 0x00, 0x00, 0x00, 0xD0,
  0xFF, 0x54, 0x16, 0xFE, 0xFE, 0x12, 0x00, 0x00, 0x00, 0x56, 0xFF, 0xFF,
  0x55, 0x00, 0x00, 0x00, 0x12, 0xFE, 0xFC, 0x10, 0x00, 0xCB, 0xFF, 0x50,
  0x00, 0x00, 0x00, 0xA5, 0xFF, 0xFF, 0xA1, 0x00, 0x00, 0x00, 0x4C, 0xFF,
  0xC3, 0x00, 0x00, 0x82, 0xFF, 0x93, 0x00, 0x00, 0x04, 0xEE, 0xDC, 0xEE,
  0xEC, 0x03, 0x00, 0x00, 0x8C, 0xFF, 0x7A, 0x00, 0x00, 0x3A, 0xFF, 0xD4,
  0x00, 0x00, 0x40, 0xFF, 0x8B, 0xA1, 0xFF, 0x3E, 0x00, 0x00, 0xCC, 0xFF,
  0x32, 0x00, 0x00, 0x03, 0xED, 0xFF, 0x17, 0x00, 0x8E, 0xFF, 0x3E, 0x52,
  0xFF, 0x8B, 0x00, 0x0F, 0xFD, 0xE9, 0x01, 0x00, 0x00, 0x00, 0xA8, 0xFF,
  0x57, 0x00, 0xDD, 0xEB, 0x03, 0x0B, 0xF7, 0xD9, 0x00, 0x49, 0xFF, 0xA2,
  0x00, 0x00, 0x00, 0x00, 0x60, 0xFF, 0x9B, 0x2A, 0xFF, 0xA1, 0x00, 0x00,
  0xB1, 0xFF, 0x26, 0x89, 0xFF, 0x59, 0x00, 0x00, 0x00, 0x00, 0x18, 0xFF,
  0xDC, 0x7A, 0xFF, 0x52, 0x00, 0x00, 0x61, 0xFF, 0x73, 0xC7, 0xFE, 0x14,
  0x00, 0x00, 0x00, 0x00, 0x00, 0xCE, 0xFF, 0xDF, 0xF9, 0x0D, 0x00, 0x00,
  0x15, 0xFD, 0xCC, 0xFB, 0xC9, 0x00, 0x00, 0x00, 0x00, 0x00, 0x00, 0x86,
  0xFF, 0xFF, 0xB6, 0x00, 0x00, 0x00, 0x00, 0xC2, 0xFF, 0xFF, 0x80, 0x00,
  0x00, 0x00, 0x00, 0x00, 0x00, 0x3D, 0xFF, 0xFF, 0x6A, 0x00, 0x00, 0x00,
  0x00, 0x71, 0xFF, 0xFF, 0x39, 0x00, 0x00, 0x00, 0x00, 0x00, 0x00, 0x04,
  0xF0, 0xFF, 0x1B, 0x00, 0x00, 0x00, 0x00, 0x21, 0xFF, 0xED, 0x03, 0x00,
  0x00, 0x00, 0x1D, 0xF2, 0xFF, 0x6B, 0x00, 0x00, 0x00, 0x00, 0x98, 0xFF,
  0xE1, 0x0D, 0x00, 0x69, 0xFF, 0xED, 0x13, 0x00, 0x00, 0x32, 0xFD, 0xFF,
  0x48, 0x00, 0x00, 0x01, 0xC2, 0xFF, 0x96, 0x00, 0x01, 0xC7, 0xFF, 0xA3,
  0x00, 0x00, 0x00, 0x00, 0x27, 0xF8, 0xFD, 0x2F, 0x60, 0xFF, 0xEA, 0x14,
  0x00, 0x00, 0x00, 0x00, 0x00, 0x79, 0xFF, 0xC7, 0xE9, 0xFF, 0x59, 0x00,
  0x00, 0x00, 0x00, 0x00, 0x00, 0x05, 0xD0, 0xFF, 0xFF, 0xB4, 0x00, 0x00,
  0x00, 0x00, 0x00, 0x00, 0x00, 0x00, 0x65, 0xFF, 0xFF, 0x46, 0x00, 0x00,
  0x00, 0x00, 0x00, 0x00, 0x00, 0x0D, 0xE2, 0xFF, 0xFF, 0xCC, 0x03, 0x00,
  0x00, 0x00, 0x00, 0x00, 0x00, 0x95, 0xFF, 0xB9, 0xD2, 0xFF, 0x75, 0x00,
  0x00, 0x00, 0x00, 0x00, 0x3E, 0xFE, 0xF9, 0x25, 0x3C, 0xFF, 0xF6, 0x24,
  0x00, 0x00, 0x00, 0x08, 0xD9, 0xFF, 0x84, 0x00, 0x00, 0xA2, 0xFF, 0xC0,
  0x01, 0x00, 0x00, 0x87, 0xFF, 0xE0, 0x0A, 0x00, 0x00, 0x17, 0xF1, 0xFF,
  0x67, 0x00, 0x32, 0xFC, 0xFF, 0x51, 0x00, 0x00, 0x00, 0x00, 0x6E, 0xFF,
  0xF2, 0x1B, 0x8E, 0xFF, 0xCB, 0x00, 0x00, 0x00, 0x00, 0x00, 0x66, 0xFF,
  0xE3, 0x01, 0x33, 0xFF, 0xFF, 0x20, 0x00, 0x00, 0x00, 0x00, 0xB6, 0xFF,
  0x8C, 0x00, 0x00, 0xD8, 0xFF, 0x73, 0x00, 0x00, 0x00, 0x0D, 0xF9, 0xFF,
  0x34, 0x00, 0x00, 0x7D, 0xFF, 0xC8, 0x00, 0x00, 0x00, 0x52, 0xFF, 0xDC,
  0x00, 0x00, 0x00, 0x23, 0xFF, 0xFF, 0x1E, 0x00, 0x00, 0xA2, 0xFF, 0x84,
  0x00, 0x00, 0x00, 0x00, 0xC7, 0xFF, 0x73, 0x00, 0x04, 0xED, 0xFF, 0x2C,
  0x00, 0x00, 0x00, 0x00, 0x6B, 0xFF, 0xC7, 0x00, 0x3E, 0xFF, 0xD4, 0x00,
  0x00, 0x00, 0x00, 0x00, 0x15, 0xFC, 0xFF, 0x1D, 0x8E, 0xFF, 0x7E, 0x00,
  0x00, 0x00, 0x00, 0x00, 0x00, 0xB6, 0xFF, 0x71, 0xDC, 0xFF, 0x26, 0x00,
  0x00, 0x00, 0x00, 0x00, 0x00, 0x5A, 0xFF, 0xE3, 0xFF, 0xCE, 0x00, 0x00,
  0x00, 0x00, 0x00, 0x00, 0x00, 0x0B, 0xF4, 0xFF, 0xFF, 0x76, 0x00, 0x00,
  0x00, 0x00, 0x00, 0x00, 0x00, 0x00, 0xA4, 0xFF, 0xFF, 0x1F, 0x00, 0x00,
  0x00, 0x00, 0x00, 0x00, 0x00, 0x00, 0x52, 0xFF, 0xC6, 0x00, 0x00, 0x00,
  0x00, 0x00, 0x00, 0x00, 0x00, 0x00, 0x81, 0xFF, 0x6E, 0x00, 0x00, 0x00,
  0x00, 0x00, 0x00, 0x00, 0x00, 0x04, 0xDF, 0xFD, 0x19, 0x00, 0x00, 0x00,
  0x00, 0x00, 0x00, 0x00, 0x0B, 0x92, 0xFF, 0xAC, 0x00, 0x00, 0x00, 0x00,
  0x00, 0x00, 0x04, 0xEC, 0xFC, 0xFF, 0xF0, 0x22, 0x00, 0x00, 0x00, 0x00,
  0x00, 0x00, 0x00, 0xE9, 0xFB, 0xC2, 0x2F, 0x00, 0x00, 0x00, 0x00, 0x00,
  0x00, 0x00, 0x00, 0xDC, 0xFF, 0xFF, 0xFF, 0xFF, 0xFF, 0xFF, 0xFF, 0xFF,
  0xC4, 0x00, 0x00, 0xAF, 0xCC, 0xCC, 0xCC, 0xCC, 0xCC, 0xCD, 0xFF, 0xFF,
  0xB0, 0x00, 0x00, 0x00, 0x00, 0x00, 0x00, 0x00, 0x00, 0x74, 0xFF, 0xF1,
  0x21, 0x00, 0x00, 0x00, 0x00, 0x00, 0x00, 0x00, 0x34, 0xFA, 0xFF, 0x55,
  0x00, 0x00, 0x00, 0x00, 0x00, 0x00, 0x00, 0x0E, 0xDD, 0xFF, 0x9A, 0x00,
  0x00, 0x00, 0x00, 0x00, 0x00, 0x00, 0x00, 0xA5, 0xFF, 0xD5, 0x09, 0x00,
  0x00, 0x00, 0x00, 0x00, 0x00, 0x00, 0x5E, 0xFF, 0xF7, 0x2C, 0x00, 0x00,
  0x00, 0x00, 0x00, 0x00, 0x00, 0x26, 0xF4, 0xFF, 0x66, 0x00, 0x00, 0x00,
  0x00, 0x00, 0x00, 0x00, 0x07, 0xCE, 0xFF, 0xAB, 0x00, 0x00, 0x00, 0x00,
  0x00, 0x00, 0x00, 0x00, 0x8F, 0xFF, 0xE0, 0x11, 0x00, 0x00, 0x00, 0x00,
  0x00, 0x00, 0x00, 0x4C, 0xFF, 0xFC, 0x39, 0x00, 0x00, 0x00, 0x00, 0x00,
  0x00, 0x00, 0x00, 0xE4, 0xFF, 0xF3, 0xC8, 0xC8, 0xC8, 0xC8, 0xC8, 0xC8,
  0xC8, 0x13, 0x00, 0xF4, 0xFF, 0xFF, 0xFF, 0xFF, 0xFF, 0xFF, 0xFF, 0xFF,
  0xFF, 0x18, 0x00, 0x00, 0x35, 0xC9, 0xFB, 0xCF, 0x39, 0x00, 0x00, 0x00,
  0x16, 0xEF, 0xDA, 0x89, 0xD6, 0xF2, 0x19, 0x00, 0x00, 0x67, 0xFF, 0x1C,
  0x00, 0x1B, 0xFF, 0x67, 0x00, 0x00, 0x6A, 0xFF, 0x1A, 0x00, 0x1A, 0xFF,
  0x6A, 0x00, 0x00, 0x19, 0xF2, 0xD9, 0x88, 0xD6, 0xF4, 0x1B, 0x00, 0x00,
  0x00, 0x38, 0xCD, 0xFC, 0xD1, 0x3D, 0x00, 0x00, 0x00, 0x00, 0x00, 0x00,
  0x00, 0x00, 0x00, 0x00, 0x00, 0x00, 0x00, 0x00, 0x00, 0x00, 0x00, 0x00,
  0x00, 0x00, 0x00, 0x00, 0x00, 0x00, 0x00, 0x00, 0x00, 0x00, 0x00, 0x00,
  0x00, 0x00, 0x00, 0x00, 0x00, 0x00, 0x00, 0x00, 0x00, 0x00, 0x00, 0x00,
  0x00, 0x00, 0x00, 0x00, 0x00, 0x00, 0x00, 0x00, 0x00, 0x00, 0x00, 0x00,
  0x00, 0x00, 0x00, 0x00, 0x00, 0x00, 0x00, 0x00, 0x00, 0x00, 0x00, 0x00,
  0x00, 0x00, 0x00, 0x00, 0x00, 0x00, 0x00, 0x00, 0x00, 0x00, 0x00, 0x00,
  0x00, 0x00, 0x00, 0x00, 0x00, 0x00, 0x00, 0x00, 0x00, 0x00, 0x00, 0x00,
  0x00, 0x00, 0x00, 0x00, 0x00, 0x00, 0x00, 0x00, 0x00, 0x00, 0x00, 0x00,
  0x11, 0x9C, 0xED, 0xFC, 0xDB, 0x70, 0x01, 0x00, 0x00, 0xC0, 0xFF, 0xAF,
  0x86, 0xDF, 0xFF, 0x5E, 0x00, 0x26, 0xFF, 0xBF, 0x00, 0x00, 0x47, 0xFF,
  0x9F, 0x00, 0x03, 0x10, 0x0A, 0x00, 0x00, 0x85, 0xFF, 0x72, 0x00, 0x00,
  0x00, 0x00, 0x00, 0x62, 0xFE, 0xC7, 0x07, 0x00, 0x00, 0x00, 0x00, 0x7D,
  0xFF, 0xC0, 0x0F, 0x00, 0x00, 0x00, 0x03, 0x99, 0xFF, 0x94, 0x06, 0x00,
  0x00, 0x00, 0x00, 0xB2, 0xFF, 0xD5, 0x80, 0x80, 0x80, 0x80, 0x00, 0x00,
  0xFF, 0xFF, 0xFF, 0xFF, 0xFF, 0xFF, 0xFF, 0x00, 0x11, 0x52, 0x6F, 0x62,
  0x6F, 0x74, 0x6F, 0x5F, 0x52, 0x65, 0x67, 0x75, 0x6C, 0x61, 0x72, 0x5F,
  0x32, 0x34, 0x00, 0x0E, 0x52, 0x6F, 0x62, 0x6F, 0x74, 0x6F, 0x2D, 0x52,
  0x65, 0x67, 0x75, 0x6C, 0x61, 0x72, 0x00, 0x01,
};
