#pragma once
#include <Arduino.h>

const uint8_t Roboto_Bold_24[] PROGMEM = {
  0x00, 0x00, 0x00, 0x4A, 0x00, 0x00, 0x00, 0x0B, 0x00, 0x00, 0x00, 0x18,
  0x00, 0x00, 0x00, 0x00, 0x00, 0x00, 0x00, 0x12, 0x00, 0x00, 0x00, 0x05,
  0x00, 0x00, 0x00, 0x20, 0x00, 0x00, 0x00, 0x00, 0x00, 0x00, 0x00, 0x00,
  0x00, 0x00, 0x00, 0x06, 0x00, 0x00, 0x00, 0x00, 0x00, 0x00, 0x00, 0x00,
  0x00, 0x00, 0x00, 0x00, 0x00, 0x00, 0x00, 0x25, 0x00, 0x00, 0x00, 0x11,
  0x00, 0x00, 0x00, 0x12, 0x00, 0x00, 0x00, 0x12, 0x00, 0x00, 0x00, 0x11,
  0x00, 0x00, 0x00, 0x00, 0x00, 0x00, 0x00, 0x00, 0x00, 0x00, 0x00, 0x28,
  0x00, 0x00, 0x00, 0x18, 0x00, 0x00, 0x00, 0x08, 0x00, 0x00, 0x00, 0x08,
  0x00, 0x00, 0x00, 0x13, 0x00, 0x00, 0x00, 0x00, 0x00, 0x00, 0x00, 0x00,
  0x00, 0x00, 0x00, 0x29, 0x00, 0x00, 0x00, 0x18, 0x00, 0x00, 0x00, 0x08,
  0x00, 0x00, 0x00, 0x08, 0x00, 0x00, 0x00, 0x13, 0x00, 0x00, 0x00, 0x00,
  0x00, 0x00, 0x00, 0x00, 0x00, 0x00, 0x00, 0x2B, 0x00, 0x00, 0x00, 0x0F,
  0x00, 0x00, 0x00, 0x0D, 0x00, 0x00, 0x00, 0x0D, 0x00, 0x00, 0x00, 0x0F,
  0x00, 0x00, 0x00, 0x00, 0x00, 0x00, 0x00, 0x00, 0x00, 0x00, 0x00, 0x2D,
  0x00, 0x00, 0x00, 0x09, 0x00, 0x00, 0x00, 0x09, 0x00, 0x00, 0x00, 0x09,
  0x00, 0x00, 0x00, 0x09, 0x00, 0x00, 0x00, 0x00, 0x00, 0x00, 0x00, 0x00,
  0x00, 0x00, 0x00, 0x2E, 0x00, 0x00, 0x00, 0x04, 0x00, 0x00, 0x00, 0x07,
  0x00, 0x00, 0x00, 0x07, 0x00, 0x00, 0x00, 0x04, 0x00, 0x00, 0x00, 0x00,
  0x00, 0x00, 0x00, 0x00, 0x00, 0x00, 0x00, 0x2F, 0x00, 0x00, 0x00, 0x12,
  0x00, 0x00, 0x00, 0x0A, 0x00, 0x00, 0x00, 0x09, 0x00, 0x00, 0x00, 0x11,
  0xFF, 0xFF, 0xFF, 0xFF, 0x00, 0x00, 0x00, 0x00, 0x00, 0x00, 0x00, 0x30,
  0x00, 0x00, 0x00, 0x11, 0x00, 0x00, 0x00, 0x0E, 0x00, 0x00, 0x00, 0x0E,
  0x00, 0x00, 0x00, 0x11, 0x00, 0x00, 0x00, 0x00, 0x00, 0x00, 0x00, 0x00,
  0x00, 0x00, 0x00, 0x31, 0x00, 0x00, 0x00, 0x11, 0x00, 0x00, 0x00, 0x0E,
  0x00, 0x00, 0x00, 0x0E, 0x00, 0x00, 0x00, 0x11, 0x00, 0x00, 0x00, 0x00,
  0x00, 0x00, 0x00, 0x00, 0x00, 0x00, 0x00, 0x32, 0x00, 0x00, 0x00, 0x11,
  0x00, 0x00, 0x00, 0x0E, 0x00, 0x00, 0x00, 0x0E, 0x00, 0x00, 0x00, 0x11,
  0x00, 0x00, 0x00, 0x00, 0x00, 0x00, 0x00, 0x00, 0x00, 0x00, 0x00, 0x33,
  0x00, 0x00, 0x00, 0x11, 0x00, 0x00, 0x00, 0x0E, 0x00, 0x00, 0x00, 0x0E,
  0x00, 0x00, 0x00, 0x11, 0x00, 0x00, 0x00, 0x00, 0x00, 0x00, 0x00, 0x00,
  0x00, 0x00, 0x00, 0x34, 0x00, 0x00, 0x00, 0x11, 0x00, 0x00, 0x00, 0x0E,
  0x00, 0x00, 0x00, 0x0E, 0x00, 0x00, 0x00, 0x11, 0x00, 0x00, 0x00, 0x00,
  0x00, 0x00, 0x00, 0x00, 0x00, 0x00, 0x00, 0x35, 0x00, 0x00, 0x00, 0x11,
  0x00, 0x00, 0x00, 0x0E, 0x00, 0x00, 0x00, 0x0E, 0x00, 0x00, 0x00, 0x11,
  0x00, 0x00, 0x00, 0x00, 0x00, 0x00, 0x00, 0x00, 0x00, 0x00, 0x00, 0x36,
  0x00, 0x00, 0x00, 0x11, 0x00, 0x00, 0x00, 0x0E, 0x00, 0x00, 0x00, 0x0E,
  0x00, 0x00, 0x00, 0x11, 0x00, 0x00, 0x00, 0x00, 0x00, 0x00, 0x00, 0x00,
  0x00, 0x00, 0x00, 0x37, 0x00, 0x00, 0x00, 0x11, 0x00, 0x00, 0x00, 0x0E,
  0x00, 0x00, 0x00, 0x0E, 0x00, 0x00, 0x00, 0x11, 0x00, 0x00, 0x00, 0x00,
  0x00, 0x00, 0x00, 0x00, 0x00, 0x00, 0x00, 0x38, 0x00, 0x00, 0x00, 0x11,
  0x00, 0x00, 0x00, 0x0E, 0x00, 0x00, 0x00, 0x0E, 0x00, 0x00, 0x00, 0x11,
  0x00, 0x00, 0x00, 0x00, 0x00, 0x00, 0x00, 0x00, 0x00, 0x00, 0x00, 0x39,
  0x00, 0x00, 0x00, 0x11, 0x00, 0x00, 0x00, 0x0E, 0x00, 0x00, 0x00, 0x0E,
  0x00, 0x00, 0x00, 0x11, 0x00, 0x00, 0x00, 0x00, 0x00, 0x00, 0x00, 0x00,
  0x00, 0x00, 0x00, 0x3A, 0x00, 0x00, 0x00, 0x0E, 0x00, 0x00, 0x00, 0x07,
  0x00, 0x00, 0x00, 0x07, 0x00, 0x00, 0x00, 0x0E, 0x00, 0x00, 0x00, 0x00,
  0x00, 0x00, 0x00, 0x00, 0x00, 0x00, 0x00, 0x41, 0x00, 0x00, 0x00, 0x11,
  0x00, 0x00, 0x00, 0x11, 0x00, 0x00, 0x00, 0x10, 0x00, 0x00, 0x00, 0x11,
  0x00, 0x00, 0x00, 0x00, 0x00, 0x00, 0x00, 0x00, 0x00, 0x00, 0x00, 0x42,
  0x00, 0x00, 0x00, 0x11, 0x00, 0x00, 0x00, 0x0F, 0x00, 0x00, 0x00, 0x0F,
  0x00, 0x00, 0x00, 0x11, 0x00, 0x00, 0x00, 0x00, 0x00, 0x00, 0x00, 0x00,
  0x00, 0x00, 0x00, 0x43, 0x00, 0x00, 0x00, 0x11, 0x00, 0x00, 0x00, 0x10,
  0x00, 0x00, 0x00, 0x10, 0x00, 0x00, 0x00, 0x11, 0x00, 0x00, 0x00, 0x00,
  0x00, 0x00, 0x00, 0x00, 0x00, 0x00, 0x00, 0x44, 0x00, 0x00, 0x00, 0x11,
  0x00, 0x00, 0x00, 0x10, 0x00, 0x00, 0x00, 0x10, 0x00, 0x00, 0x00, 0x11,
  0x00, 0x00, 0x00, 0x00, 0x00, 0x00, 0x00, 0x00, 0x00, 0x00, 0x00, 0x45,
  0x00, 0x00, 0x00, 0x11, 0x00, 0x00, 0x00, 0x0E, 0x00, 0x00, 0x00, 0x0E,
  0x00, 0x00, 0x00, 0x11, 0x00, 0x00, 0x00, 0x00, 0x00, 0x00, 0x00, 0x00,
  0x00, 0x00, 0x00, 0x46, 0x00, 0x00, 0x00, 0x11, 0x00, 0x00, 0x00, 0x0D,
  0x00, 0x00, 0x00, 0x0D, 0x00, 0x00, 0x00, 0x11, 0x00, 0x00, 0x00, 0x00,
  0x00, 0x00, 0x00, 0x00, 0x00, 0x00, 0x00, 0x47, 0x00, 0x00, 0x00, 0x11,
  0x00, 0x00, 0x00, 0x10, 0x00, 0x00, 0x00, 0x10, 0x00, 0x00, 0x00, 0x11,
  0x00, 0x00, 0x00, 0x00, 0x00, 0x00, 0x00, 0x00, 0x00, 0x00, 0x00, 0x48,
  0x00, 0x00, 0x00, 0x11, 0x00, 0x00, 0x00, 0x11, 0x00, 0x00, 0x00, 0x11,
  0x00, 0x00, 0x00, 0x11, 0x00, 0x00, 0x00, 0x00, 0x00, 0x00, 0x00, 0x00,
  0x00, 0x00, 0x00, 0x49, 0x00, 0x00, 0x00, 0x11, 0x00, 0x00, 0x00, 0x07,
  0x00, 0x00, 0x00, 0x07, 0x00, 0x00, 0x00, 0x11, 0x00, 0x00, 0x00, 0x00,
  0x00, 0x00, 0x00, 0x00, 0x00, 0x00, 0x00, 0x4A, 0x00, 0x00, 0x00, 0x11,
  0x00, 0x00, 0x00, 0x0D, 0x00, 0x00, 0x00, 0x0D, 0x00, 0x00, 0x00, 0x11,
  0x00, 0x00, 0x00, 0x00, 0x00, 0x00, 0x00, 0x00, 0x00, 0x00, 0x00, 0x4B,
  0x00, 0x00, 0x00, 0x11, 0x00, 0x00, 0x00, 0x10, 0x00, 0x00, 0x00, 0x0F,
  0x00, 0x00, 0x00, 0x11, 0x00, 0x00, 0x00, 0x00, 0x00, 0x00, 0x00, 0x00,
  0x00, 0x00, 0x00, 0x4C, 0x00, 0x00, 0x00, 0x11, 0x00, 0x00, 0x00, 0x0D,
  0x00, 0x00, 0x00, 0x0D, 0x00, 0x00, 0x00, 0x11, 0x00, 0x00, 0x00, 0x00,
  0x00, 0x00, 0x00, 0x00, 0x00, 0x00, 0x00, 0x4D, 0x00, 0x00, 0x00, 0x11,
  0x00, 0x00, 0x00, 0x15, 0x00, 0x00, 0x00, 0x15, 0x00, 0x00, 0x00, 0x11,
  0x00, 0x00, 0x00, 0x00, 0x00, 0x00, 0x00, 0x00, 0x00, 0x00, 0x00, 0x4E,
  0x00, 0x00, 0x00, 0x11, 0x00, 0x00, 0x00, 0x11, 0x00, 0x00, 0x00, 0x11,
  0x00, 0x00, 0x00, 0x11, 0x00, 0x00, 0x00, 0x00, 0x00, 0x00, 0x00, 0x00,
  0x00, 0x00, 0x00, 0x4F, 0x00, 0x00, 0x00, 0x11, 0x00, 0x00, 0x00, 0x11,
  0x00, 0x00, 0x00, 0x11, 0x00, 0x00, 0x00, 0x11, 0x00, 0x00, 0x00, 0x00,
  0x00, 0x00, 0x00, 0x00, 0x00, 0x00, 0x00, 0x50, 0x00, 0x00, 0x00, 0x11,
  0x00, 0x00, 0x00, 0x0F, 0x00, 0x00, 0x00, 0x0F, 0x00, 0x00, 0x00, 0x11,
  0x00, 0x00, 0x00, 0x00, 0x00, 0x00, 0x00, 0x00, 0x00, 0x00, 0x00, 0x51,
  0x00, 0x00, 0x00, 0x14, 0x00, 0x00, 0x00, 0x11, 0x00, 0x00, 0x00, 0x11,
  0x00, 0x00, 0x00, 0x11, 0x00, 0x00, 0x00, 0x00, 0x00, 0x00, 0x00, 0x00,
  0x00, 0x00, 0x00, 0x52, 0x00, 0x00, 0x00, 0x11, 0x00, 0x00, 0x00, 0x0F,
  0x00, 0x00, 0x00, 0x0F, 0x00, 0x00, 0x00, 0x11, 0x00, 0x00, 0x00, 0x00,
  0x00, 0x00, 0x00, 0x00, 0x00, 0x00, 0x00, 0x53, 0x00, 0x00, 0x00, 0x11,
  0x00, 0x00, 0x00, 0x0F, 0x00, 0x00, 0x00, 0x0F, 0x00, 0x00, 0x00, 0x11,
  0x00, 0x00, 0x00, 0x00, 0x00, 0x00, 0x00, 0x00, 0x00, 0x00, 0x00, 0x54,
  0x00, 0x00, 0x00, 0x11, 0x00, 0x00, 0x00, 0x0F, 0x00, 0x00, 0x00, 0x0F,
  0x00, 0x00, 0x00, 0x11, 0x00, 0x00, 0x00, 0x00, 0x00, 0x00, 0x00, 0x00,
  0x00, 0x00, 0x00, 0x55, 0x00, 0x00, 0x00, 0x11, 0x00, 0x00, 0x00, 0x10,
  0x00, 0x00, 0x00, 0x10, 0x00, 0x00, 0x00, 0x11, 0x00, 0x00, 0x00, 0x00,
  0x00, 0x00, 0x00, 0x00, 0x00, 0x00, 0x00, 0x56, 0x00, 0x00, 0x00, 0x11,
  0x00, 0x00, 0x00, 0x10, 0x00, 0x00, 0x00, 0x10, 0x00, 0x00, 0x00, 0x11,
  0x00, 0x00, 0x00, 0x00, 0x00, 0x00, 0x00, 0x00, 0x00, 0x00, 0x00, 0x57,
  0x00, 0x00, 0x00, 0x11, 0x00, 0x00, 0x00, 0x15, 0x00, 0x00, 0x00, 0x15,
  0x00, 0x00, 0x00, 0x11, 0x00, 0x00, 0x00, 0x00, 0x00, 0x00, 0x00, 0x00,
  0x00, 0x00, 0x00, 0x58, 0x00, 0x00, 0x00, 0x11, 0x00, 0x00, 0x00, 0x0F,
  0x00, 0x00, 0x00, 0x0F, 0x00, 0x00, 0x00, 0x11, 0x00, 0x00, 0x00, 0x00,
  0x00, 0x00, 0x00, 0x00, 0x00, 0x00, 0x00, 0x59, 0x00, 0x00, 0x00, 0x11,
  0x00, 0x00, 0x00, 0x0F, 0x00, 0x00, 0x00, 0x0F, 0x00, 0x00, 0x00, 0x11,
  0x00, 0x00, 0x00, 0x00, 0x00, 0x00, 0x00, 0x00, 0x00, 0x00, 0x00, 0x5A,
  0x00, 0x00, 0x00, 0x11, 0x00, 0x00, 0x00, 0x0F, 0x00, 0x00, 0x00, 0x0F,
  0x00, 0x00, 0x00, 0x11, 0x00, 0x00, 0x00, 0x00, 0x00, 0x00, 0x00, 0x00,
  0x00, 0x00, 0x00, 0x5F, 0x00, 0x00, 0x00, 0x03, 0x00, 0x00, 0x00, 0x0B,
  0x00, 0x00, 0x00, 0x0B, 0x00, 0x00, 0x00, 0x00, 0x00, 0x00, 0x00, 0x00,
  0x00, 0x00, 0x00, 0x00, 0x00, 0x00, 0x00, 0x61, 0x00, 0x00, 0x00, 0x0D,
  0x00, 0x00, 0x00, 0x0D, 0x00, 0x00, 0x00, 0x0D, 0x00, 0x00, 0x00, 0x0D,
  0x00, 0x00, 0x00, 0x00, 0x00, 0x00, 0x00, 0x00, 0x00, 0x00, 0x00, 0x62,
  0x00, 0x00, 0x00, 0x12, 0x00, 0x00, 0x00, 0x0E, 0x00, 0x00, 0x00, 0x0E,
  0x00, 0x00, 0x00, 0x12, 0x00, 0x00, 0x00, 0x00, 0x00, 0x00, 0x00, 0x00,
  0x00, 0x00, 0x00, 0x63, 0x00, 0x00, 0x00, 0x0D, 0x00, 0x00, 0x00, 0x0D,
  0x00, 0x00, 0x00, 0x0D, 0x00, 0x00, 0x00, 0x0D, 0x00, 0x00, 0x00, 0x00,
  0x00, 0x00, 0x00, 0x00, 0x00, 0x00, 0x00, 0x64, 0x00, 0x00, 0x00, 0x12,
  0x00, 0x00, 0x00, 0x0E, 0x00, 0x00, 0x00, 0x0E, 0x00, 0x00, 0x00, 0x12,
  0x00, 0x00, 0x00, 0x00, 0x00, 0x00, 0x00, 0x00, 0x00, 0x00, 0x00, 0x65,
  0x00, 0x00, 0x00, 0x0D, 0x00, 0x00, 0x00, 0x0D, 0x00, 0x00, 0x00, 0x0D,
  0x00, 0x00, 0x00, 0x0D, 0x00, 0x00, 0x00, 0x00, 0x00, 0x00, 0x00, 0x00,
  0x00, 0x00, 0x00, 0x66, 0x00, 0x00, 0x00, 0x12, 0x00, 0x00, 0x00, 0x09,
  0x00, 0x00, 0x00, 0x09, 0x00, 0x00, 0x00, 0x12, 0x00, 0x00, 0x00, 0x00,
  0x00, 0x00, 0x00, 0x00, 0x00, 0x00, 0x00, 0x67, 0x00, 0x00, 0x00, 0x12,
  0x00, 0x00, 0x00, 0x0E, 0x00, 0x00, 0x00, 0x0E, 0x00, 0x00, 0x00, 0x0D,
  0x00, 0x00, 0x00, 0x00, 0x00, 0x00, 0x00, 0x00, 0x00, 0x00, 0x00, 0x68,
  0x00, 0x00, 0x00, 0x12, 0x00, 0x00, 0x00, 0x0D, 0x00, 0x00, 0x00, 0x0D,
  0x00, 0x00, 0x00, 0x12, 0x00, 0x00, 0x00, 0x00, 0x00, 0x00, 0x00, 0x00,
  0x00, 0x00, 0x00, 0x69, 0x00, 0x00, 0x00, 0x13, 0x00, 0x00, 0x00, 0x06,
  0x00, 0x00, 0x00, 0x06, 0x00, 0x00, 0x00, 0x13, 0x00, 0x00, 0x00, 0x00,
  0x00, 0x00, 0x00, 0x00, 0x00, 0x00, 0x00, 0x6A, 0x00, 0x00, 0x00, 0x18,
  0x00, 0x00, 0x00, 0x08, 0x00, 0x00, 0x00, 0x06, 0x00, 0x00, 0x00, 0x13,
  0xFF, 0xFF, 0xFF, 0xFE, 0x00, 0x00, 0x00, 0x00, 0x00, 0x00, 0x00, 0x6B,
  0x00, 0x00, 0x00, 0x12, 0x00, 0x00, 0x00, 0x0E, 0x00, 0x00, 0x00, 0x0D,
  0x00, 0x00, 0x00, 0x12, 0x00, 0x00, 0x00, 0x00, 0x00, 0x00, 0x00, 0x00,
  0x00, 0x00, 0x00, 0x6C, 0x00, 0x00, 0x00, 0x12, 0x00, 0x00, 0x00, 0x06,
  0x00, 0x00, 0x00, 0x06, 0x00, 0x00, 0x00, 0x12, 0x00, 0x00, 0x00, 0x00,
  0x00, 0x00, 0x00, 0x00, 0x00, 0x00, 0x00, 0x6D, 0x00, 0x00, 0x00, 0x0D,
  0x00, 0x00, 0x00, 0x15, 0x00, 0x00, 0x00, 0x15, 0x00, 0x00, 0x00, 0x0D,
  0x00, 0x00, 0x00, 0x00, 0x00, 0x00, 0x00, 0x00, 0x00, 0x00, 0x00, 0x6E,
  0x00, 0x00, 0x00, 0x0D, 0x00, 0x00, 0x00, 0x0D, 0x00, 0x00, 0x00, 0x0D,
  0x00, 0x00, 0x00, 0x0D, 0x00, 0x00, 0x00, 0x00, 0x00, 0x00, 0x00, 0x00,
  0x00, 0x00, 0x00, 0x6F, 0x00, 0x00, 0x00, 0x0D, 0x00, 0x00, 0x00, 0x0E,
  0x00, 0x00, 0x00, 0x0E, 0x00, 0x00, 0x00, 0x0D, 0x00, 0x00, 0x00, 0x00,
  0x00, 0x00, 0x00, 0x00, 0x00, 0x00, 0x00, 0x70, 0x00, 0x00, 0x00, 0x12,
  0x00, 0x00, 0x00, 0x0E, 0x00, 0x00, 0x00, 0x0E, 0x00, 0x00, 0x00, 0x0D,
  0x00, 0x00, 0x00, 0x00, 0x00, 0x00, 0x00, 0x00, 0x00, 0x00, 0x00, 0x71,
  0x00, 0x00, 0x00, 0x12, 0x00, 0x00, 0x00, 0x0E, 0x00, 0x00, 0x00, 0x0E,
  0x00, 0x00, 0x00, 0x0D, 0x00, 0x00, 0x00, 0x00, 0x00, 0x00, 0x00, 0x00,
  0x00, 0x00, 0x00, 0x72, 0x00, 0x00, 0x00, 0x0D, 0x00, 0x00, 0x00, 0x09,
  0x00, 0x00, 0x00, 0x09, 0x00, 0x00, 0x00, 0x0D, 0x00, 0x00, 0x00, 0x00,
  0x00, 0x00, 0x00, 0x00, 0x00, 0x00, 0x00, 0x73, 0x00, 0x00, 0x00, 0x0D,
  0x00, 0x00, 0x00, 0x0C, 0x00, 0x00, 0x00, 0x0C, 0x00, 0x00, 0x00, 0x0D,
  0x00, 0x00, 0x00, 0x00, 0x00, 0x00, 0x00, 0x00, 0x00, 0x00, 0x00, 0x74,
  0x00, 0x00, 0x00, 0x10, 0x00, 0x00, 0x00, 0x08, 0x00, 0x00, 0x00, 0x08,
  0x00, 0x00, 0x00, 0x10, 0x00, 0x00, 0x00, 0x00, 0x00, 0x00, 0x00, 0x00,
  0x00, 0x00, 0x00, 0x75, 0x00, 0x00, 0x00, 0x0D, 0x00, 0x00, 0x00, 0x0D,
  0x00, 0x00, 0x00, 0x0D, 0x00, 0x00, 0x00, 0x0D, 0x00, 0x00, 0x00, 0x00,
  0x00, 0x00, 0x00, 0x00, 0x00, 0x00, 0x00, 0x76, 0x00, 0x00, 0x00, 0x0D,
  0x00, 0x00, 0x00, 0x0C, 0x00, 0x00, 0x00, 0x0C, 0x00, 0x00, 0x00, 0x0D,
  0x00, 0x00, 0x00, 0x00, 0x00, 0x00, 0x00, 0x00, 0x00, 0x00, 0x00, 0x77,
  0x00, 0x00, 0x00, 0x0D, 0x00, 0x00, 0x00, 0x12, 0x00, 0x00, 0x00, 0x12,
  0x00, 0x00, 0x00, 0x0D, 0x00, 0x00, 0x00, 0x00, 0x00, 0x00, 0x00, 0x00,
  0x00, 0x00, 0x00, 0x78, 0x00, 0x00, 0x00, 0x0D, 0x00, 0x00, 0x00, 0x0D,
  0x00, 0x00, 0x00, 0x0C, 0x00, 0x00, 0x00, 0x0D, 0x00, 0x00, 0x00, 0x00,
  0x00, 0x00, 0x00, 0x00, 0x00, 0x00, 0x00, 0x79, 0x00, 0x00, 0x00, 0x12,
  0x00, 0x00, 0x00, 0x0D, 0x00, 0x00, 0x00, 0x0C, 0x00, 0x00, 0x00, 0x0D,
  0x00, 0x00, 0x00, 0x00, 0x00, 0x00, 0x00, 0x00, 0x00, 0x00, 0x00, 0x7A,
  0x00, 0x00, 0x00, 0x0D, 0x00, 0x00, 0x00, 0x0C, 0x00, 0x00, 0x00, 0x0C,
  0x00, 0x00, 0x00, 0x0D, 0x00, 0x00, 0x00, 0x00, 0x00, 0x00, 0x00, 0x00,
  0x00, 0x00, 0x00, 0xB0, 0x00, 0x00, 0x00, 0x11, 0x00, 0x00, 0x00, 0x09,
  0x00, 0x00, 0x00, 0x09, 0x00, 0x00, 0x00, 0x11, 0x00, 0x00, 0x00, 0x00,
  0x00, 0x00, 0x00, 0x00, 0x00, 0x00, 0x20, 0x82, 0x00, 0x00, 0x00, 0x09,
  0x00, 0x00, 0x00, 0x09, 0x00, 0x00, 0x00, 0x09, 0x00, 0x00, 0x00, 0x05,
  0x00, 0x00, 0x00, 0x00, 0x00, 0x00, 0x00, 0x00, 0x00, 0x00, 0x4E, 0xCE,
  0xFB, 0xF2, 0xAB, 0x1E, 0x00, 0x00, 0x00, 0x00, 0x00, 0x00, 0x00, 0x00,
  0x00, 0x00, 0x00, 0x45, 0xFE, 0xFF, 0xF5, 0xFD, 0xFF, 0xDE, 0x0B, 0x00,
  0x00, 0x00, 0x0C, 0x00, 0x00, 0x00, 0x00, 0x00, 0x00, 0xB8, 0xFF, 0xB5,
  0x05, 0x24, 0xF3, 0xFF, 0x5D, 0x00, 0x00, 0x43, 0xF3, 0x6D, 0x00, 0x00,
  0x00, 0x00, 0x00, 0xDD, 0xFF, 0x60, 0x00, 0x00, 0xC0, 0xFF, 0x81, 0x00,
  0x0B, 0xDE, 0xFF, 0x45, 0x00, 0x00, 0x00, 0x00, 0x00, 0xDD, 0xFF, 0x60,
  0x00, 0x00, 0xC0, 0xFF, 0x81, 0x00, 0x8F, 0xFF, 0x9F, 0x00, 0x00, 0x00,
  0x00, 0x00, 0x00, 0xB9, 0xFF, 0xB6, 0x06, 0x21, 0xF3, 0xFF, 0x5D, 0x38,
  0xFD, 0xE8, 0x11, 0x00, 0x00, 0x00, 0x00, 0x00, 0x00, 0x45, 0xFE, 0xFF,
  0xF5, 0xFB, 0xFF, 0xDE, 0x11, 0xD4, 0xFF, 0x52, 0x00, 0x00, 0x00, 0x00,
  0x00, 0x00, 0x00, 0x00, 0x4D, 0xCC, 0xFA, 0xF2, 0xAD, 0x1F, 0x82, 0xFF,
  0xAC, 0x00, 0x00, 0x00, 0x00, 0x00, 0x00, 0x00, 0x00, 0x00, 0x00, 0x00,
  0x00, 0x00, 0x00, 0x2D, 0xFA, 0xED, 0x18, 0x00, 0x00, 0x00, 0x00, 0x00,
  0x00, 0x00, 0x00, 0x00, 0x00, 0x00, 0x00, 0x00, 0x03, 0xCC, 0xFF, 0x60,
  0x34, 0xBE, 0xF7, 0xF8, 0xBF, 0x34, 0x00, 0x00, 0x00, 0x00, 0x00, 0x00,
  0x00, 0x00, 0x74, 0xFF, 0xBA, 0x24, 0xF4, 0xFF, 0xF8, 0xF8, 0xFF, 0xF4,
  0x23, 0x00, 0x00, 0x00, 0x00, 0x00, 0x00, 0x24, 0xF6, 0xF4, 0x1F, 0x90,
  0xFF, 0xD7, 0x10, 0x10, 0xD7, 0xFF, 0x8D, 0x00, 0x00, 0x00, 0x00, 0x00,
  0x01, 0xC0, 0xFF, 0x6E, 0x00, 0xB5, 0xFF, 0x8C, 0x00, 0x00, 0x8C, 0xFF,
  0xB1, 0x00, 0x00, 0x00, 0x00, 0x00, 0x66, 0xFF, 0xC5, 0x02, 0x00, 0xB5,
  0xFF, 0x8C, 0x00, 0x00, 0x8B, 0xFF, 0xB1, 0x00, 0x00, 0x00, 0x00, 0x05,
  0xDD, 0xF9, 0x28, 0x00, 0x00, 0x90, 0xFF, 0xDB, 0x13, 0x0A, 0xCC, 0xFF,
  0x8E, 0x00, 0x00, 0x00, 0x00, 0x00, 0x0C, 0x3F, 0x00, 0x00, 0x00, 0x24,
  0xF4, 0xFF, 0xF9, 0xF7, 0xFF, 0xF5, 0x26, 0x00, 0x00, 0x00, 0x00, 0x00,
  0x00, 0x00, 0x00, 0x00, 0x00, 0x00, 0x34, 0xBE, 0xF7, 0xF8, 0xC1, 0x36,
  0x00, 0x00, 0x00, 0x00, 0x00, 0x00, 0x00, 0x08, 0x90, 0x71, 0x00, 0x00,
  0x00, 0x00, 0x0A, 0xC0, 0xFF, 0xC8, 0x00, 0x00, 0x00, 0x00, 0xAA, 0xFF,
  0xF0, 0x2F, 0x00, 0x00, 0x00, 0x5A, 0xFF, 0xFF, 0x57, 0x00, 0x00, 0x00,
  0x06, 0xE2, 0xFF, 0xC4, 0x00, 0x00, 0x00, 0x00, 0x5D, 0xFF, 0xFF, 0x53,
  0x00, 0x00, 0x00, 0x00, 0xB9, 0xFF, 0xF5, 0x07, 0x00, 0x00, 0x00, 0x0A,
  0xFA, 0xFF, 0xBC, 0x00, 0x00, 0x00, 0x00, 0x3C, 0xFF, 0xFF, 0x8A, 0x00,
  0x00, 0x00, 0x00, 0x63, 0xFF, 0xFF, 0x69, 0x00, 0x00, 0x00, 0x00, 0x7B,
  0xFF, 0xFF, 0x56, 0x00, 0x00, 0x00, 0x00, 0x86, 0xFF, 0xFF, 0x4E, 0x00,
  0x00, 0x00, 0x00, 0x86, 0xFF, 0xFF, 0x4E, 0x00, 0x00, 0x00, 0x00, 0x7B,
  0xFF, 0xFF, 0x56, 0x00, 0x00, 0x00, 0x00, 0x64, 0xFF, 0xFF, 0x69, 0x00,
  0x00, 0x00, 0x00, 0x3C, 0xFF, 0xFF, 0x8A, 0x00, 0x00, 0x00, 0x00, 0x0A,
  0xFA, 0xFF, 0xBC, 0x00, 0x00, 0x00, 0x00, 0x00, 0xBA, 0xFF, 0xF4, 0x07,
  0x00, 0x00, 0x00, 0x00, 0x5F, 0xFF, 0xFF, 0x51, 0x00, 0x00, 0x00, 0x00,
  0x08, 0xE4, 0xFF, 0xC1, 0x00, 0x00, 0x00, 0x00, 0x00, 0x5D, 0xFF, 0xFF,
  0x51, 0x00, 0x00, 0x00, 0x00, 0x00, 0xAD, 0xFF, 0xEE, 0x29, 0x00, 0x00,
  0x00, 0x00, 0x0B, 0xC1, 0xFF, 0xC8, 0x00, 0x00, 0x00, 0x00, 0x00, 0x08,
  0x91, 0x73, 0x15, 0xC9, 0x31, 0x00, 0x00, 0x00, 0x00, 0x00, 0x63, 0xFF,
  0xF6, 0x47, 0x00, 0x00, 0x00, 0x00, 0x05, 0xB4, 0xFF, 0xF4, 0x2C, 0x00,
  0x00, 0x00, 0x00, 0x0F, 0xE3, 0xFF, 0xCF, 0x04, 0x00, 0x00, 0x00, 0x00,
  0x63, 0xFF, 0xFF, 0x67, 0x00, 0x00, 0x00, 0x00, 0x07, 0xEC, 0xFF, 0xDC,
  0x02, 0x00, 0x00, 0x00, 0x00, 0x9C, 0xFF, 0xFF, 0x3F, 0x00, 0x00, 0x00,
  0x00, 0x5A, 0xFF, 0xFF, 0x8F, 0x00, 0x00, 0x00, 0x00, 0x28, 0xFF, 0xFF,
  0xC9, 0x00, 0x00, 0x00, 0x00, 0x07, 0xFF, 0xFF, 0xF3, 0x00, 0x00, 0x00,
  0x00, 0x00, 0xF2, 0xFF, 0xFF, 0x0D, 0x00, 0x00, 0x00, 0x00, 0xEA, 0xFF,
  0xFF, 0x1A, 0x00, 0x00, 0x00, 0x00, 0xEA, 0xFF, 0xFF, 0x1A, 0x00, 0x00,
  0x00, 0x00, 0xF2, 0xFF, 0xFF, 0x0D, 0x00, 0x00, 0x00, 0x07, 0xFF, 0xFF,
  0xF3, 0x00, 0x00, 0x00, 0x00, 0x26, 0xFF, 0xFF, 0xC9, 0x00, 0x00, 0x00,
  0x00, 0x57, 0xFF, 0xFF, 0x8F, 0x00, 0x00, 0x00, 0x00, 0x97, 0xFF, 0xFF,
  0x3F, 0x00, 0x00, 0x00, 0x04, 0xE8, 0xFF, 0xDC, 0x02, 0x00, 0x00, 0x00,
  0x5D, 0xFF, 0xFF, 0x67, 0x00, 0x00, 0x00, 0x0C, 0xDF, 0xFF, 0xD1, 0x04,
  0x00, 0x00, 0x04, 0xAE, 0xFF, 0xF5, 0x2D, 0x00, 0x00, 0x00, 0x62, 0xFF,
  0xF7, 0x48, 0x00, 0x00, 0x00, 0x00, 0x15, 0xC9, 0x32, 0x00, 0x00, 0x00,
  0x00, 0x00, 0x00, 0x00, 0x00, 0x00, 0x18, 0xFF, 0xFF, 0xFF, 0x1C, 0x00,
  0x00, 0x00, 0x00, 0x00, 0x00, 0x00, 0x00, 0x18, 0xFF, 0xFF, 0xFF, 0x1C,
  0x00, 0x00, 0x00, 0x00, 0x00, 0x00, 0x00, 0x00, 0x18, 0xFF, 0xFF, 0xFF,
  0x1C, 0x00, 0x00, 0x00, 0x00, 0x00, 0x00, 0x00, 0x00, 0x18, 0xFF, 0xFF,
  0xFF, 0x1C, 0x00, 0x00, 0x00, 0x00, 0x00, 0x00, 0x00, 0x00, 0x18, 0xFF,
  0xFF, 0xFF, 0x1C, 0x00, 0x00, 0x00, 0x00, 0x53, 0xF0, 0xF0, 0xF0, 0xF4,
  0xFF, 0xFF, 0xFF, 0xF4, 0xF0, 0xF0, 0xF0, 0x56, 0x58, 0xFF, 0xFF, 0xFF,
  0xFF, 0xFF, 0xFF, 0xFF, 0xFF, 0xFF, 0xFF, 0xFF, 0x5C, 0x58, 0xFF, 0xFF,
  0xFF, 0xFF, 0xFF, 0xFF, 0xFF, 0xFF, 0xFF, 0xFF, 0xFF, 0x5C, 0x00, 0x00,
  0x00, 0x00, 0x18, 0xFF, 0xFF, 0xFF, 0x1C, 0x00, 0x00, 0x00, 0x00, 0x00,
  0x00, 0x00, 0x00, 0x18, 0xFF, 0xFF, 0xFF, 0x1C, 0x00, 0x00, 0x00, 0x00,
  0x00, 0x00, 0x00, 0x00, 0x18, 0xFF, 0xFF, 0xFF, 0x1C, 0x00, 0x00, 0x00,
  0x00, 0x00, 0x00, 0x00, 0x00, 0x18, 0xFF, 0xFF, 0xFF, 0x1C, 0x00, 0x00,
  0x00, 0x00, 0x00, 0x00, 0x00, 0x00, 0x18, 0xFF, 0xFF, 0xFF, 0x1C, 0x00,
  0x00, 0x00, 0x00, 0x00, 0x00, 0x00, 0x00, 0x00, 0x00, 0x00, 0x00, 0x00,
  0x00, 0x00, 0x00, 0x00, 0x00, 0x00, 0x00, 0x00, 0x00, 0x00, 0x00, 0x00,
  0x00, 0x00, 0x00, 0x00, 0x00, 0x00, 0x6E, 0xA8, 0xA8, 0xA8, 0xA8, 0xA8,
  0xA3, 0x00, 0x00, 0xA8, 0xFF, 0xFF, 0xFF, 0xFF, 0xFF, 0xF8, 0x00, 0x00,
  0xA8, 0xFF, 0xFF, 0xFF, 0xFF, 0xFF, 0xF8, 0x00, 0x00, 0x00, 0x00, 0x00,
  0x00, 0x00, 0x00, 0x00, 0x00, 0x00, 0x00, 0x00, 0x00, 0x00, 0x00, 0x00,
  0x00, 0x00, 0x00, 0x00, 0x00, 0x00, 0x00, 0x00, 0x00, 0x00, 0x00, 0x00,
  0x00, 0x00, 0x00, 0x00, 0x00, 0x00, 0x00, 0x00, 0x00, 0x00, 0x00, 0x00,
  0x00, 0x00, 0x00, 0x00, 0x00, 0x00, 0x00, 0x00, 0x00, 0x00, 0x00, 0x00,
  0x00, 0x00, 0x00, 0x00, 0x4F, 0x7F, 0x34, 0x00, 0x00, 0x00, 0x54, 0xFF,
  0xFF, 0xF9, 0x22, 0x00, 0x00, 0x78, 0xFF, 0xFF, 0xFF, 0x40, 0x00, 0x00,
  0x18, 0xCA, 0xFB, 0xA9, 0x04, 0x00, 0x00, 0x00, 0x00, 0x00, 0x00, 0x00,
  0x17, 0xFD, 0xFF, 0x6E, 0x00, 0x00, 0x00, 0x00, 0x00, 0x00, 0x6E, 0xFF,
  0xFD, 0x19, 0x00, 0x00, 0x00, 0x00, 0x00, 0x00, 0xC7, 0xFF, 0xBD, 0x00,
  0x00, 0x00, 0x00, 0x00, 0x00, 0x21, 0xFF, 0xFF, 0x65, 0x00, 0x00, 0x00,
  0x00, 0x00, 0x00, 0x7A, 0xFF, 0xF9, 0x12, 0x00, 0x00, 0x00, 0x00, 0x00,
  0x00, 0xD2, 0xFF, 0xB2, 0x00, 0x00, 0x00, 0x00, 0x00, 0x00, 0x2B, 0xFF,
  0xFF, 0x58, 0x00, 0x00, 0x00, 0x00, 0x00, 0x00, 0x84, 0xFF, 0xF5, 0x0B,
  0x00, 0x00, 0x00, 0x00, 0x00, 0x01, 0xDD, 0xFF, 0xA6, 0x00, 0x00, 0x00,
  0x00, 0x00, 0x00, 0x37, 0xFF, 0xFF, 0x4E, 0x00, 0x00, 0x00, 0x00, 0x00,
  0x00, 0x90, 0xFF, 0xEE, 0x06, 0x00, 0x00, 0x00, 0x00, 0x00, 0x03, 0xE6,
  0xFF, 0x9B, 0x00, 0x00, 0x00, 0x00, 0x00, 0x00, 0x42, 0xFF, 0xFF, 0x42,
  0x00, 0x00, 0x00, 0x00, 0x00, 0x00, 0x9B, 0xFF, 0xE6, 0x03, 0x00, 0x00,
  0x00, 0x00, 0x00, 0x06, 0xEE, 0xFF, 0x90, 0x00, 0x00, 0x00, 0x00, 0x00,
  0x00, 0x4E, 0xFF, 0xFF, 0x37, 0x00, 0x00, 0x00, 0x00, 0x00, 0x00, 0xA6,
  0xFF, 0xDD, 0x01, 0x00, 0x00, 0x00, 0x00, 0x00, 0x0B, 0xF5, 0xFF, 0x84,
  0x00, 0x00, 0x00, 0x00, 0x00, 0x00, 0x00, 0x00, 0x00, 0x18, 0x91, 0xDC,
  0xFB, 0xF7, 0xCF, 0x78, 0x0A, 0x00, 0x00, 0x00, 0x00, 0x00, 0x2E, 0xEB,
  0xFF, 0xFF, 0xFF, 0xFF, 0xFF, 0xFF, 0xD0, 0x12, 0x00, 0x00, 0x00, 0x05,
  0xD9, 0xFF, 0xFF, 0xF6, 0xB1, 0xBD, 0xFE, 0xFF, 0xFF, 0xA7, 0x00, 0x00,
  0x00, 0x56, 0xFF, 0xFF, 0xFC, 0x31, 0x00, 0x00, 0x69, 0xFF, 0xFF, 0xFE,
  0x1F, 0x00, 0x00, 0xA2, 0xFF, 0xFF, 0xBB, 0x00, 0x00, 0x00, 0x04, 0xF2,
  0xFF, 0xFF, 0x67, 0x00, 0x00, 0xCD, 0xFF, 0xFF, 0x8E, 0x00, 0x00, 0x00,
  0x00, 0xCA, 0xFF, 0xFF, 0x90, 0x00, 0x00, 0xE0, 0xFF, 0xFF, 0x81, 0x00,
  0x00, 0x00, 0x00, 0xBD, 0xFF, 0xFF, 0xA4, 0x00, 0x00, 0xE4, 0xFF, 0xFF,
  0x80, 0x00, 0x00, 0x00, 0x00, 0xBC, 0xFF, 0xFF, 0xA8, 0x00, 0x00, 0xE4,
  0xFF, 0xFF, 0x80, 0x00, 0x00, 0x00, 0x00, 0xBC, 0xFF, 0xFF, 0xA8, 0x00,
  0x00, 0xE4, 0xFF, 0xFF, 0x80, 0x00, 0x00, 0x00, 0x00, 0xBC, 0xFF, 0xFF,
  0xA8, 0x00, 0x00, 0xE0, 0xFF, 0xFF, 0x82, 0x00, 0x00, 0x00, 0x00, 0xBD,
  0xFF, 0xFF, 0xA4, 0x00, 0x00, 0xCC, 0xFF, 0xFF, 0x91, 0x00, 0x00, 0x00,
  0x00, 0xCB, 0xFF, 0xFF, 0x8F, 0x00, 0x00, 0xA0, 0xFF, 0xFF, 0xC0, 0x00,
  0x00, 0x00, 0x04, 0xF2, 0xFF, 0xFF, 0x66, 0x00, 0x00, 0x55, 0xFF, 0xFF,
  0xFD, 0x36, 0x00, 0x00, 0x6B, 0xFF, 0xFF, 0xFE, 0x1E, 0x00, 0x00, 0x05,
  0xD7, 0xFF, 0xFF, 0xF7, 0xB1, 0xBE, 0xFE, 0xFF, 0xFF, 0xA6, 0x00, 0x00,
  0x00, 0x00, 0x2B, 0xE9, 0xFF, 0xFF, 0xFF, 0xFF, 0xFF, 0xFF, 0xD0, 0x12,
  0x00, 0x00, 0x00, 0x00, 0x00, 0x18, 0x91, 0xDC, 0xFC, 0xF8, 0xCF, 0x78,
  0x0A, 0x00, 0x00, 0x00, 0x00, 0x00, 0x00, 0x00, 0x00, 0x00, 0x1C, 0x75,
  0xCF, 0x68, 0x00, 0x00, 0x00, 0x00, 0x00, 0x00, 0x00, 0x12, 0x65, 0xBF,
  0xFE, 0xFF, 0xFF, 0x68, 0x00, 0x00, 0x00, 0x00, 0x00, 0x04, 0xB1, 0xF9,
  0xFF, 0xFF, 0xFF, 0xFF, 0xFF, 0x68, 0x00, 0x00, 0x00, 0x00, 0x00, 0x08,
  0xFF, 0xFF, 0xFF, 0xFA, 0xFF, 0xFF, 0xFF, 0x68, 0x00, 0x00, 0x00, 0x00,
  0x00, 0x08, 0xF5, 0xAE, 0x5A, 0x10, 0xF8, 0xFF, 0xFF, 0x68, 0x00, 0x00,
  0x00, 0x00, 0x00, 0x01, 0x09, 0x00, 0x00, 0x00, 0xF8, 0xFF, 0xFF, 0x68,
  0x00, 0x00, 0x00, 0x00, 0x00, 0x00, 0x00, 0x00, 0x00, 0x00, 0xF8, 0xFF,
  0xFF, 0x68, 0x00, 0x00, 0x00, 0x00, 0x00, 0x00, 0x00, 0x00, 0x00, 0x00,
  0xF8, 0xFF, 0xFF, 0x68, 0x00, 0x00, 0x00, 0x00, 0x00, 0x00, 0x00, 0x00,
  0x00, 0x00, 0xF8, 0xFF, 0xFF, 0x68, 0x00, 0x00, 0x00, 0x00, 0x00, 0x00,
  0x00, 0x00, 0x00, 0x00, 0xF8, 0xFF, 0xFF, 0x68, 0x00, 0x00, 0x00, 0x00,
  0x00, 0x00, 0x00, 0x00, 0x00, 0x00, 0xF8, 0xFF, 0xFF, 0x68, 0x00, 0x00,
  0x00, 0x00, 0x00, 0x00, 0x00, 0x00, 0x00, 0x00, 0xF8, 0xFF, 0xFF, 0x68,
  0x00, 0x00, 0x00, 0x00, 0x00, 0x00, 0x00, 0x00, 0x00, 0x00, 0xF8, 0xFF,
  0xFF, 0x68, 0x00, 0x00, 0x00, 0x00, 0x00, 0x00, 0x00, 0x00, 0x00, 0x00,
  0xF8, 0xFF, 0xFF, 0x68, 0x00, 0x00, 0x00, 0x00, 0x00, 0x00, 0x00, 0x00,
  0x00, 0x00, 0xF8, 0xFF, 0xFF, 0x68, 0x00, 0x00, 0x00, 0x00, 0x00, 0x00,
  0x00, 0x00, 0x00, 0x00, 0xF8, 0xFF, 0xFF, 0x68, 0x00, 0x00, 0x00, 0x00,
  0x00, 0x00, 0x00, 0x00, 0x00, 0x00, 0xF8, 0xFF, 0xFF, 0x68, 0x00, 0x00,
  0x00, 0x00, 0x00, 0x00, 0x00, 0x23, 0x9A, 0xE1, 0xFD, 0xF5, 0xD2, 0x87,
  0x16, 0x00, 0x00, 0x00, 0x00, 0x00, 0x4D, 0xF5, 0xFF, 0xFF, 0xFF, 0xFF,
  0xFF, 0xFF, 0xE9, 0x2A, 0x00, 0x00, 0x00, 0x2A, 0xF7, 0xFF, 0xFF, 0xEE,
  0xAF, 0xCC, 0xFF, 0xFF, 0xFF, 0xCD, 0x00, 0x00, 0x00, 0xAA, 0xFF, 0xFF,
  0xE2, 0x18, 0x00, 0x00, 0x8E, 0xFF, 0xFF, 0xFF, 0x28, 0x00, 0x07, 0xF7,
  0xFF, 0xFF, 0x71, 0x00, 0x00, 0x00, 0x25, 0xFF, 0xFF, 0xFF, 0x49, 0x00,
  0x25, 0xFF, 0xFF, 0xFF, 0x3F, 0x00, 0x00, 0x00, 0x23, 0xFF, 0xFF, 0xFF,
  0x39, 0x00, 0x00, 0x00, 0x00, 0x00, 0x00, 0x00, 0x00, 0x00, 0x78, 0xFF,
  0xFF, 0xEC, 0x07, 0x00, 0x00, 0x00, 0x00, 0x00, 0x00, 0x00, 0x00, 0x22,
  0xF2, 0xFF, 0xFF, 0x7A, 0x00, 0x00, 0x00, 0x00, 0x00, 0x00, 0x00, 0x00,
  0x0F, 0xD3, 0xFF, 0xFF, 0xCE, 0x06, 0x00, 0x00, 0x00, 0x00, 0x00, 0x00,
  0x00, 0x0A, 0xC4, 0xFF, 0xFF, 0xE5, 0x1F, 0x00, 0x00, 0x00, 0x00, 0x00,
  0x00, 0x00, 0x08, 0xBB, 0xFF, 0xFF, 0xEB, 0x2C, 0x00, 0x00, 0x00, 0x00,
  0x00, 0x00, 0x00, 0x05, 0xB3, 0xFF, 0xFF, 0xF2, 0x32, 0x00, 0x00, 0x00,
  0x00, 0x00, 0x00, 0x00, 0x03, 0xAA, 0xFF, 0xFF, 0xF9, 0x42, 0x00, 0x00,
  0x00, 0x00, 0x00, 0x00, 0x00, 0x02, 0xA0, 0xFF, 0xFF, 0xFD, 0x53, 0x00,
  0x00, 0x00, 0x00, 0x00, 0x00, 0x00, 0x00, 0x8F, 0xFF, 0xFF, 0xFF, 0xE4,
  0xA4, 0xA4, 0xA4, 0xA4, 0xA4, 0xA4, 0x8A, 0x00, 0x00, 0xD4, 0xFF, 0xFF,
  0xFF, 0xFF, 0xFF, 0xFF, 0xFF, 0xFF, 0xFF, 0xFF, 0xD8, 0x00, 0x00, 0xD4,
  0xFF, 0xFF, 0xFF, 0xFF, 0xFF, 0xFF, 0xFF, 0xFF, 0xFF, 0xFF, 0xD8, 0x00,
  0x00, 0x00, 0x00, 0x3B, 0xAA, 0xE9, 0xFD, 0xF2, 0xC8, 0x76, 0x0D, 0x00,
  0x00, 0x00, 0x00, 0x00, 0x81, 0xFF, 0xFF, 0xFF, 0xFF, 0xFF, 0xFF, 0xFF,
  0xDE, 0x20, 0x00, 0x00, 0x00, 0x56, 0xFF, 0xFF, 0xFF, 0xEB, 0xAE, 0xCA,
  0xFF, 0xFF, 0xFF, 0xC7, 0x00, 0x00, 0x00, 0xCC, 0xFF, 0xFF, 0xD4, 0x12,
  0x00, 0x00, 0x7C, 0xFF, 0xFF, 0xFF, 0x2D, 0x00, 0x02, 0xFC, 0xFF, 0xFF,
  0x68, 0x00, 0x00, 0x00, 0x11, 0xFF, 0xFF, 0xFF, 0x56, 0x00, 0x00, 0x00,
  0x00, 0x00, 0x00, 0x00, 0x00, 0x00, 0x13, 0xFF, 0xFF, 0xFF, 0x4B, 0x00,
  0x00, 0x00, 0x00, 0x00, 0x00, 0x00, 0x00, 0x00, 0x79, 0xFF, 0xFF, 0xED,
  0x0C, 0x00, 0x00, 0x00, 0x00, 0x00, 0x36, 0x90, 0x93, 0xBD, 0xFF, 0xFF,
  0xFB, 0x4D, 0x00, 0x00, 0x00, 0x00, 0x00, 0x00, 0x78, 0xFF, 0xFF, 0xFF,
  0xFF, 0xF9, 0x4B, 0x00, 0x00, 0x00, 0x00, 0x00, 0x00, 0x00, 0x68, 0xFF,
  0xFF, 0xFF, 0xFF, 0xFF, 0xF3, 0x57, 0x00, 0x00, 0x00, 0x00, 0x00, 0x00,
  0x00, 0x00, 0x03, 0x21, 0x97, 0xFF, 0xFF, 0xFB, 0x2B, 0x00, 0x00, 0x00,
  0x00, 0x00, 0x00, 0x00, 0x00, 0x00, 0x01, 0xDE, 0xFF, 0xFF, 0x8A, 0x00,
  0x3C, 0xFF, 0xFF, 0xFF, 0x31, 0x00, 0x00, 0x00, 0x00, 0xC9, 0xFF, 0xFF,
  0xA0, 0x00, 0x11, 0xFB, 0xFF, 0xFF, 0xB0, 0x07, 0x00, 0x00, 0x3B, 0xFC,
  0xFF, 0xFF, 0x7B, 0x00, 0x00, 0x96, 0xFF, 0xFF, 0xFF, 0xE0, 0xA9, 0xBE,
  0xFC, 0xFF, 0xFF, 0xF3, 0x1C, 0x00, 0x00, 0x09, 0xB2, 0xFF, 0xFF, 0xFF,
  0xFF, 0xFF, 0xFF, 0xFF, 0xEF, 0x45, 0x00, 0x00, 0x00, 0x00, 0x01, 0x52,
  0xB4, 0xEB, 0xFE, 0xF3, 0xCB, 0x80, 0x16, 0x00, 0x00, 0x00, 0x00, 0x00,
  0x00, 0x00, 0x00, 0x00, 0x00, 0x8B, 0xFF, 0xFF, 0xFF, 0x30, 0x00, 0x00,
  0x00, 0x00, 0x00, 0x00, 0x00, 0x00, 0x34, 0xFD, 0xFF, 0xFF, 0xFF, 0x30,
  0x00, 0x00, 0x00, 0x00, 0x00, 0x00, 0x00, 0x05, 0xD2, 0xFF, 0xFF, 0xFF,
  0xFF, 0x30, 0x00, 0x00, 0x00, 0x00, 0x00, 0x00, 0x00, 0x7E, 0xFF, 0xFF,
  0xFF, 0xFF, 0xFF, 0x30, 0x00, 0x00, 0x00, 0x00, 0x00, 0x00, 0x2C, 0xF9,
  0xFF, 0xDE, 0xFF, 0xFF, 0xFF, 0x30, 0x00, 0x00, 0x00, 0x00, 0x00, 0x03,
  0xC8, 0xFF, 0xF5, 0x4F, 0xFF, 0xFF, 0xFF, 0x30, 0x00, 0x00, 0x00, 0x00,
  0x00, 0x70, 0xFF, 0xFF, 0x72, 0x30, 0xFF, 0xFF, 0xFF, 0x30, 0x00, 0x00,
  0x00, 0x00, 0x21, 0xF5, 0xFF, 0xCD, 0x04, 0x30, 0xFF, 0xFF, 0xFF, 0x30,
  0x00, 0x00, 0x00, 0x01, 0xBB, 0xFF, 0xFD, 0x33, 0x00, 0x30, 0xFF, 0xFF,
  0xFF, 0x30, 0x00, 0x00, 0x00, 0x62, 0xFF, 0xFF, 0x90, 0x00, 0x00, 0x30,
  0xFF, 0xFF, 0xFF, 0x30, 0x00, 0x00, 0x18, 0xF0, 0xFF, 0xFF, 0xAF, 0xA4,
  0xA4, 0xB7, 0xFF, 0xFF, 0xFF, 0xB7, 0xA4, 0x15, 0x4A, 0xFF, 0xFF, 0xFF,
  0xFF, 0xFF, 0xFF, 0xFF, 0xFF, 0xFF, 0xFF, 0xFF, 0xFF, 0x20, 0x36, 0xFF,
  0xFF, 0xFF, 0xFF, 0xFF, 0xFF, 0xFF, 0xFF, 0xFF, 0xFF, 0xFF, 0xFF, 0x20,
  0x00, 0x00, 0x00, 0x00, 0x00, 0x00, 0x00, 0x30, 0xFF, 0xFF, 0xFF, 0x30,
  0x00, 0x00, 0x00, 0x00, 0x00, 0x00, 0x00, 0x00, 0x00, 0x30, 0xFF, 0xFF,
  0xFF, 0x30, 0x00, 0x00, 0x00, 0x00, 0x00, 0x00, 0x00, 0x00, 0x00, 0x30,
  0xFF, 0xFF, 0xFF, 0x30, 0x00, 0x00, 0x00, 0x00, 0x00, 0x00, 0x00, 0x00,
  0x00, 0x30, 0xFF, 0xFF, 0xFF, 0x30, 0x00, 0x00, 0x00, 0x00, 0x6E, 0xFF,
  0xFF, 0xFF, 0xFF, 0xFF, 0xFF, 0xFF, 0xFF, 0xFF, 0x38, 0x00, 0x00, 0x00,
  0x8B, 0xFF, 0xFF, 0xFF, 0xFF, 0xFF, 0xFF, 0xFF, 0xFF, 0xFF, 0x38, 0x00,
  0x00, 0x00, 0xA7, 0xFF, 0xFF, 0xD7, 0xBC, 0xBC, 0xBC, 0xBC, 0xBC, 0xBC,
  0x29, 0x00, 0x00, 0x00, 0xC3, 0xFF, 0xFF, 0x53, 0x00, 0x00, 0x00, 0x00,
  0x00, 0x00, 0x00, 0x00, 0x00, 0x00, 0xDF, 0xFF, 0xFF, 0x37, 0x00, 0x00,
  0x00, 0x00, 0x00, 0x00, 0x00, 0x00, 0x00, 0x02, 0xFA, 0xFF, 0xFF, 0x1C,
  0x00, 0x00, 0x00, 0x00, 0x00, 0x00, 0x00, 0x00, 0x00, 0x18, 0xFF, 0xFF,
  0xFF, 0x98, 0xE2, 0xFC, 0xEE, 0xB4, 0x3E, 0x00, 0x00, 0x00, 0x00, 0x34,
  0xFF, 0xFF, 0xFF, 0xFF, 0xFF, 0xFF, 0xFF, 0xFF, 0xFF, 0x6A, 0x00, 0x00,
  0x00, 0x3F, 0xF6, 0xFF, 0xFE, 0xA8, 0x7C, 0x97, 0xF2, 0xFF, 0xFF, 0xFB,
  0x25, 0x00, 0x00, 0x00, 0x06, 0x3C, 0x3E, 0x00, 0x00, 0x00, 0x2C, 0xF9,
  0xFF, 0xFF, 0x84, 0x00, 0x00, 0x00, 0x00, 0x00, 0x00, 0x00, 0x00, 0x00,
  0x00, 0xB6, 0xFF, 0xFF, 0xB6, 0x00, 0x00, 0x00, 0x00, 0x00, 0x00, 0x00,
  0x00, 0x00, 0x00, 0xA0, 0xFF, 0xFF, 0xC6, 0x00, 0x00, 0xBA, 0xFF, 0xFF,
  0xB1, 0x00, 0x00, 0x00, 0x00, 0xC2, 0xFF, 0xFF, 0xB2, 0x00, 0x00, 0x82,
  0xFF, 0xFF, 0xFA, 0x34, 0x00, 0x00, 0x39, 0xFD, 0xFF, 0xFF, 0x74, 0x00,
  0x00, 0x17, 0xED, 0xFF, 0xFF, 0xF9, 0xB3, 0xB6, 0xF9, 0xFF, 0xFF, 0xEB,
  0x11, 0x00, 0x00, 0x00, 0x3A, 0xED, 0xFF, 0xFF, 0xFF, 0xFF, 0xFF, 0xFF,
  0xF1, 0x3E, 0x00, 0x00, 0x00, 0x00, 0x00, 0x16, 0x85, 0xD4, 0xF9, 0xFA,
  0xDC, 0x93, 0x1D, 0x00, 0x00, 0x00, 0x00, 0x00, 0x00, 0x00, 0x00, 0x0B,
  0x68, 0xB9, 0xE8, 0xFC, 0x60, 0x00, 0x00, 0x00, 0x00, 0x00, 0x00, 0x00,
  0x4F, 0xE8, 0xFF, 0xFF, 0xFF, 0xFF, 0x60, 0x00, 0x00, 0x00, 0x00, 0x00,
  0x00, 0x66, 0xFF, 0xFF, 0xFF, 0xFF, 0xE0, 0xBA, 0x42, 0x00, 0x00, 0x00,
  0x00, 0x00, 0x38, 0xFC, 0xFF, 0xFF, 0xC3, 0x34, 0x00, 0x00, 0x00, 0x00,
  0x00, 0x00, 0x00, 0x00, 0xCD, 0xFF, 0xFF, 0xB9, 0x05, 0x00, 0x00, 0x00,
  0x00, 0x00, 0x00, 0x00, 0x00, 0x3A, 0xFF, 0xFF, 0xFB, 0x1E, 0x00, 0x00,
  0x00, 0x00, 0x00, 0x00, 0x00, 0x00, 0x00, 0x85, 0xFF, 0xFF, 0xBE, 0x4B,
  0xC0, 0xF6, 0xF9, 0xD0, 0x65, 0x01, 0x00, 0x00, 0x00, 0xB7, 0xFF, 0xFF,
  0xE9, 0xFF, 0xFF, 0xFF, 0xFF, 0xFF, 0xFF, 0x98, 0x00, 0x00, 0x00, 0xCD,
  0xFF, 0xFF, 0xFF, 0xF7, 0xB2, 0xB0, 0xF6, 0xFF, 0xFF, 0xFF, 0x46, 0x00,
  0x00, 0xD4, 0xFF, 0xFF, 0xEC, 0x28, 0x00, 0x00, 0x28, 0xF2, 0xFF, 0xFF,
  0xAA, 0x00, 0x00, 0xD3, 0xFF, 0xFF, 0x94, 0x00, 0x00, 0x00, 0x00, 0x96,
  0xFF, 0xFF, 0xDE, 0x00, 0x00, 0xC0, 0xFF, 0xFF, 0x98, 0x00, 0x00, 0x00,
  0x00, 0x76, 0xFF, 0xFF, 0xEE, 0x00, 0x00, 0x90, 0xFF, 0xFF, 0xCB, 0x00,
  0x00, 0x00, 0x00, 0x97, 0xFF, 0xFF, 0xD7, 0x00, 0x00, 0x38, 0xFF, 0xFF,
  0xFF, 0x57, 0x00, 0x00, 0x2C, 0xF3, 0xFF, 0xFF, 0x92, 0x00, 0x00, 0x00,
  0xAC, 0xFF, 0xFF, 0xFF, 0xC2, 0xB6, 0xF7, 0xFF, 0xFF, 0xF4, 0x21, 0x00,
  0x00, 0x00, 0x0D, 0xC0, 0xFF, 0xFF, 0xFF, 0xFF, 0xFF, 0xFF, 0xF5, 0x4A,
  0x00, 0x00, 0x00, 0x00, 0x00, 0x03, 0x64, 0xC5, 0xF4, 0xFD, 0xE0, 0x97,
  0x21, 0x00, 0x00, 0x00, 0x4C, 0xFF, 0xFF, 0xFF, 0xFF, 0xFF, 0xFF, 0xFF,
  0xFF, 0xFF, 0xFF, 0xFF, 0xC4, 0x00, 0x4C, 0xFF, 0xFF, 0xFF, 0xFF, 0xFF,
  0xFF, 0xFF, 0xFF, 0xFF, 0xFF, 0xFF, 0xC2, 0x00, 0x31, 0xA4, 0xA4, 0xA4,
  0xA4, 0xA4, 0xA4, 0xA4, 0xA4, 0xF5, 0xFF, 0xFF, 0x77, 0x00, 0x00, 0x00,
  0x00, 0x00, 0x00, 0x00, 0x00, 0x00, 0x32, 0xFF, 0xFF, 0xF6, 0x13, 0x00,
  0x00, 0x00, 0x00, 0x00, 0x00, 0x00, 0x00, 0x00, 0xA6, 0xFF, 0xFF, 0x99,
  0x00, 0x00, 0x00, 0x00, 0x00, 0x00, 0x00, 0x00, 0x00, 0x20, 0xFC, 0xFF,
  0xFF, 0x2B, 0x00, 0x00, 0x00, 0x00, 0x00, 0x00, 0x00, 0x00, 0x00, 0x91,
  0xFF, 0xFF, 0xBA, 0x00, 0x00, 0x00, 0x00, 0x00, 0x00, 0x00, 0x00, 0x00,
  0x13, 0xF5, 0xFF, 0xFF, 0x4C, 0x00, 0x00, 0x00, 0x00, 0x00, 0x00, 0x00,
  0x00, 0x00, 0x7D, 0xFF, 0xFF, 0xDC, 0x02, 0x00, 0x00, 0x00, 0x00, 0x00,
  0x00, 0x00, 0x00, 0x09, 0xEA, 0xFF, 0xFF, 0x6D, 0x00, 0x00, 0x00, 0x00,
  0x00, 0x00, 0x00, 0x00, 0x00, 0x67, 0xFF, 0xFF, 0xF1, 0x0D, 0x00, 0x00,
  0x00, 0x00, 0x00, 0x00, 0x00, 0x00, 0x02, 0xDB, 0xFF, 0xFF, 0x8E, 0x00,
  0x00, 0x00, 0x00, 0x00, 0x00, 0x00, 0x00, 0x00, 0x54, 0xFF, 0xFF, 0xFE,
  0x23, 0x00, 0x00, 0x00, 0x00, 0x00, 0x00, 0x00, 0x00, 0x00, 0xC8, 0xFF,
  0xFF, 0xB2, 0x00, 0x00, 0x00, 0x00, 0x00, 0x00, 0x00, 0x00, 0x00, 0x3F,
  0xFF, 0xFF, 0xFF, 0x42, 0x00, 0x00, 0x00, 0x00, 0x00, 0x00, 0x00, 0x00,
  0x00, 0xB3, 0xFF, 0xFF, 0xD3, 0x00, 0x00, 0x00, 0x00, 0x00, 0x00, 0x00,
  0x00, 0x00, 0x2B, 0xFF, 0xFF, 0xFF, 0x62, 0x00, 0x00, 0x00, 0x00, 0x00,
  0x00, 0x00, 0x00, 0x00, 0x00, 0x23, 0x97, 0xDC, 0xFC, 0xF8, 0xD2, 0x82,
  0x11, 0x00, 0x00, 0x00, 0x00, 0x00, 0x45, 0xF5, 0xFF, 0xFF, 0xFF, 0xFF,
  0xFF, 0xFF, 0xE2, 0x22, 0x00, 0x00, 0x00, 0x0F, 0xEC, 0xFF, 0xFF, 0xF9,
  0xB4, 0xC3, 0xFF, 0xFF, 0xFF, 0xC4, 0x00, 0x00, 0x00, 0x5A, 0xFF, 0xFF,
  0xFF, 0x47, 0x00, 0x00, 0x84, 0xFF, 0xFF, 0xFF, 0x26, 0x00, 0x00, 0x7E,
  0xFF, 0xFF, 0xEA, 0x00, 0x00, 0x00, 0x1F, 0xFF, 0xFF, 0xFF, 0x4A, 0x00,
  0x00, 0x74, 0xFF, 0xFF, 0xEB, 0x00, 0x00, 0x00, 0x1F, 0xFF, 0xFF, 0xFF,
  0x40, 0x00, 0x00, 0x2B, 0xFE, 0xFF, 0xFF, 0x4C, 0x00, 0x00, 0x7F, 0xFF,
  0xFF, 0xED, 0x09, 0x00, 0x00, 0x00, 0x8A, 0xFF, 0xFF, 0xF9, 0xAE, 0xBB,
  0xFF, 0xFF, 0xFD, 0x55, 0x00, 0x00, 0x00, 0x00, 0x01, 0x9F, 0xFF, 0xFF,
  0xFF, 0xFF, 0xFF, 0xFF, 0x66, 0x00, 0x00, 0x00, 0x00, 0x01, 0x8E, 0xFF,
  0xFF, 0xFF, 0xFF, 0xFF, 0xFF, 0xFF, 0xF8, 0x5B, 0x00, 0x00, 0x00, 0x61,
  0xFF, 0xFF, 0xFA, 0x61, 0x0A, 0x14, 0x8F, 0xFF, 0xFF, 0xFC, 0x2D, 0x00,
  0x00, 0xC7, 0xFF, 0xFF, 0x9A, 0x00, 0x00, 0x00, 0x00, 0xD9, 0xFF, 0xFF,
  0x8D, 0x00, 0x00, 0xE0, 0xFF, 0xFF, 0x86, 0x00, 0x00, 0x00, 0x00, 0xC5,
  0xFF, 0xFF, 0xA8, 0x00, 0x00, 0xC3, 0xFF, 0xFF, 0xDE, 0x14, 0x00, 0x00,
  0x30, 0xFA, 0xFF, 0xFF, 0x8B, 0x00, 0x00, 0x63, 0xFF, 0xFF, 0xFF, 0xED,
  0xAE, 0xB5, 0xF8, 0xFF, 0xFF, 0xFD, 0x2E, 0x00, 0x00, 0x01, 0x98, 0xFF,
  0xFF, 0xFF, 0xFF, 0xFF, 0xFF, 0xFF, 0xFC, 0x68, 0x00, 0x00, 0x00, 0x00,
  0x00, 0x46, 0xA9, 0xE3, 0xFC, 0xF9, 0xDC, 0x9A, 0x2E, 0x00, 0x00, 0x00,
  0x00, 0x00, 0x00, 0x1F, 0x95, 0xE0, 0xFD, 0xF2, 0xBC, 0x4C, 0x00, 0x00,
  0x00, 0x00, 0x00, 0x00, 0x47, 0xF4, 0xFF, 0xFF, 0xFF, 0xFF, 0xFF, 0xFF,
  0x8F, 0x00, 0x00, 0x00, 0x00, 0x21, 0xF4, 0xFF, 0xFF, 0xF4, 0xB3, 0xD4,
  0xFF, 0xFF, 0xFF, 0x65, 0x00, 0x00, 0x00, 0x96, 0xFF, 0xFF, 0xF1, 0x25,
  0x00, 0x01, 0x9F, 0xFF, 0xFF, 0xE6, 0x05, 0x00, 0x00, 0xE0, 0xFF, 0xFF,
  0x91, 0x00, 0x00, 0x00, 0x18, 0xFE, 0xFF, 0xFF, 0x43, 0x00, 0x00, 0xF9,
  0xFF, 0xFF, 0x68, 0x00, 0x00, 0x00, 0x00, 0xE0, 0xFF, 0xFF, 0x75, 0x00,
  0x00, 0xED, 0xFF, 0xFF, 0x82, 0x00, 0x00, 0x00, 0x00, 0xD7, 0xFF, 0xFF,
  0x8A, 0x00, 0x00, 0xB9, 0xFF, 0xFF, 0xE2, 0x12, 0x00, 0x00, 0x38, 0xFF,
  0xFF, 0xFF, 0x8C, 0x00, 0x00, 0x52, 0xFF, 0xFF, 0xFF, 0xE2, 0x8F, 0xA1,
  0xF7, 0xFF, 0xFF, 0xFF, 0x88, 0x00, 0x00, 0x00, 0x9F, 0xFF, 0xFF, 0xFF,
  0xFF, 0xFF, 0xF8, 0xF4, 0xFF, 0xFF, 0x72, 0x00, 0x00, 0x00, 0x01, 0x62,
  0xCD, 0xF9, 0xF6, 0xB3, 0x2F, 0xED, 0xFF, 0xFF, 0x49, 0x00, 0x00, 0x00,
  0x00, 0x00, 0x00, 0x00, 0x00, 0x00, 0x31, 0xFF, 0xFF, 0xF6, 0x0B, 0x00,
  0x00, 0x00, 0x00, 0x00, 0x00, 0x00, 0x00, 0x03, 0xB9, 0xFF, 0xFF, 0x9D,
  0x00, 0x00, 0x00, 0x00, 0x00, 0x00, 0x00, 0x00, 0x2F, 0xB9, 0xFF, 0xFF,
  0xF2, 0x1E, 0x00, 0x00, 0x00, 0x00, 0x00, 0x52, 0xC4, 0xE4, 0xFF, 0xFF,
  0xFF, 0xFB, 0x4D, 0x00, 0x00, 0x00, 0x00, 0x00, 0x00, 0x70, 0xFF, 0xFF,
  0xFF, 0xFF, 0xE0, 0x40, 0x00, 0x00, 0x00, 0x00, 0x00, 0x00, 0x00, 0x70,
  0xF9, 0xE1, 0xB0, 0x5F, 0x08, 0x00, 0x00, 0x00, 0x00, 0x00, 0x00, 0x00,
  0x4F, 0x7F, 0x34, 0x00, 0x00, 0x00, 0x54, 0xFF, 0xFF, 0xF9, 0x22, 0x00,
  0x00, 0x78, 0xFF, 0xFF, 0xFF, 0x40, 0x00, 0x00, 0x18, 0xCA, 0xFB, 0xA9,
  0x04, 0x00, 0x00, 0x00, 0x00, 0x00, 0x00, 0x00, 0x00, 0x00, 0x00, 0x00,
  0x00, 0x00, 0x00, 0x00, 0x00, 0x00, 0x00, 0x00, 0x00, 0x00, 0x00, 0x00,
  0x00, 0x00, 0x00, 0x00, 0x00, 0x00, 0x00, 0x00, 0x00, 0x00, 0x00, 0x00,
  0x00, 0x00, 0x00, 0x00, 0x00, 0x00, 0x00, 0x00, 0x00, 0x00, 0x4F, 0x7F,
  0x34, 0x00, 0x00, 0x00, 0x54, 0xFF, 0xFF, 0xF9, 0x22, 0x00, 0x00, 0x78,
  0xFF, 0xFF, 0xFF, 0x40, 0x00, 0x00, 0x18, 0xCA, 0xFB, 0xA9, 0x04, 0x00,
  0x00, 0x00, 0x00, 0x00, 0x00, 0x00, 0xC4, 0xFF, 0xFF, 0xDF, 0x01, 0x00,
  0x00, 0x00, 0x00, 0x00, 0x00, 0x00, 0x00, 0x00, 0x00, 0x00, 0x25, 0xFF,
  0xFF, 0xFF, 0xFF, 0x40, 0x00, 0x00, 0x00, 0x00, 0x00, 0x00, 0x00, 0x00,
  0x00, 0x00, 0x00, 0x84, 0xFF, 0xFF, 0xFF, 0xFF, 0xA0, 0x00, 0x00, 0x00,
  0x00, 0x00, 0x00, 0x00, 0x00, 0x00, 0x00, 0x02, 0xE2, 0xFF, 0xFF, 0xFF,
  0xFF, 0xF4, 0x0C, 0x00, 0x00, 0x00, 0x00, 0x00, 0x00, 0x00, 0x00, 0x00,
  0x42, 0xFF, 0xFF, 0xE8, 0xC9, 0xFF, 0xFF, 0x60, 0x00, 0x00, 0x00, 0x00,
  0x00, 0x00, 0x00, 0x00, 0x00, 0xA1, 0xFF, 0xFF, 0x97, 0x73, 0xFF, 0xFF,
  0xC0, 0x00, 0x00, 0x00, 0x00, 0x00, 0x00, 0x00, 0x00, 0x0C, 0xF4, 0xFF,
  0xFF, 0x43, 0x20, 0xFF, 0xFF, 0xFF, 0x21, 0x00, 0x00, 0x00, 0x00, 0x00,
  0x00, 0x00, 0x60, 0xFF, 0xFF, 0xEB, 0x04, 0x00, 0xCC, 0xFF, 0xFF, 0x80,
  0x00, 0x00, 0x00, 0x00, 0x00, 0x00, 0x00, 0xC0, 0xFF, 0xFF, 0x9C, 0x00,
  0x00, 0x78, 0xFF, 0xFF, 0xDF, 0x01, 0x00, 0x00, 0x00, 0x00, 0x00, 0x21,
  0xFF, 0xFF, 0xFF, 0x48, 0x00, 0x00, 0x24, 0xFF, 0xFF, 0xFF, 0x40, 0x00,
  0x00, 0x00, 0x00, 0x00, 0x80, 0xFF, 0xFF, 0xFF, 0xC9, 0xC4, 0xC4, 0xC4,
  0xFD, 0xFF, 0xFF, 0xA0, 0x00, 0x00, 0x00, 0x00, 0x01, 0xDE, 0xFF, 0xFF,
  0xFF, 0xFF, 0xFF, 0xFF, 0xFF, 0xFF, 0xFF, 0xFF, 0xF4, 0x0C, 0x00, 0x00,
  0x00, 0x40, 0xFF, 0xFF, 0xFF, 0xFF, 0xFF, 0xFF, 0xFF, 0xFF, 0xFF, 0xFF,
  0xFF, 0xFF, 0x60, 0x00, 0x00, 0x00, 0x9C, 0xFF, 0xFF, 0xF2, 0x07, 0x00,
  0x00, 0x00, 0x00, 0x00, 0xD5, 0xFF, 0xFF, 0xC0, 0x00, 0x00, 0x0A, 0xF2,
  0xFF, 0xFF, 0xA6, 0x00, 0x00, 0x00, 0x00, 0x00, 0x00, 0x82, 0xFF, 0xFF,
  0xFF, 0x21, 0x00, 0x5C, 0xFF, 0xFF, 0xFF, 0x52, 0x00, 0x00, 0x00, 0x00,
  0x00, 0x00, 0x2E, 0xFF, 0xFF, 0xFF, 0x80, 0x00, 0xBC, 0xFF, 0xFF, 0xF5,
  0x09, 0x00, 0x00, 0x00, 0x00, 0x00, 0x00, 0x00, 0xD9, 0xFF, 0xFF, 0xDF,
  0x01, 0x00, 0x78, 0xFF, 0xFF, 0xFF, 0xFF, 0xFF, 0xFF, 0xF5, 0xD5, 0x98,
  0x31, 0x00, 0x00, 0x00, 0x00, 0x78, 0xFF, 0xFF, 0xFF, 0xFF, 0xFF, 0xFF,
  0xFF, 0xFF, 0xFF, 0xFE, 0x7B, 0x00, 0x00, 0x00, 0x78, 0xFF, 0xFF, 0xFF,
  0xC3, 0xC0, 0xC1, 0xD8, 0xFF, 0xFF, 0xFF, 0xFF, 0x45, 0x00, 0x00, 0x78,
  0xFF, 0xFF, 0xFF, 0x0C, 0x00, 0x00, 0x00, 0x42, 0xFC, 0xFF, 0xFF, 0xA9,
  0x00, 0x00, 0x78, 0xFF, 0xFF, 0xFF, 0x0C, 0x00, 0x00, 0x00, 0x00, 0xC3,
  0xFF, 0xFF, 0xCF, 0x00, 0x00, 0x78, 0xFF, 0xFF, 0xFF, 0x0C, 0x00, 0x00,
  0x00, 0x00, 0xB8, 0xFF, 0xFF, 0xC6, 0x00, 0x00, 0x78, 0xFF, 0xFF, 0xFF,
  0x0C, 0x00, 0x00, 0x00, 0x19, 0xF2, 0xFF, 0xFF, 0x85, 0x00, 0x00, 0x78,
  0xFF, 0xFF, 0xFF, 0x86, 0x80, 0x80, 0x8B, 0xE5, 0xFF, 0xFF, 0xDF, 0x14,
  0x00, 0x00, 0x78, 0xFF, 0xFF, 0xFF, 0xFF, 0xFF, 0xFF, 0xFF, 0xFF, 0xFF,
  0xDD, 0x1C, 0x00, 0x00, 0x00, 0x78, 0xFF, 0xFF, 0xFF, 0xFF, 0xFF, 0xFF,
  0xFF, 0xFF, 0xFF, 0xFF, 0xD9, 0x24, 0x00, 0x00, 0x78, 0xFF, 0xFF, 0xFF,
  0x0C, 0x00, 0x00, 0x04, 0x39, 0xDF, 0xFF, 0xFF, 0xCB, 0x00, 0x00, 0x78,
  0xFF, 0xFF, 0xFF, 0x0C, 0x00, 0x00, 0x00, 0x00, 0x63, 0xFF, 0xFF, 0xFF,
  0x21, 0x00, 0x78, 0xFF, 0xFF, 0xFF, 0x0C, 0x00, 0x00, 0x00, 0x00, 0x53,
  0xFF, 0xFF, 0xFF, 0x34, 0x00, 0x78, 0xFF, 0xFF, 0xFF, 0x0C, 0x00, 0x00,
  0x00, 0x0F, 0xC2, 0xFF, 0xFF, 0xFE, 0x13, 0x00, 0x78, 0xFF, 0xFF, 0xFF,
  0xC3, 0xC0, 0xC0, 0xC7, 0xF4, 0xFF, 0xFF, 0xFF, 0xB2, 0x00, 0x00, 0x78,
  0xFF, 0xFF, 0xFF, 0xFF, 0xFF, 0xFF, 0xFF, 0xFF, 0xFF, 0xFF, 0xD4, 0x1A,
  0x00, 0x00, 0x78, 0xFF, 0xFF, 0xFF, 0xFF, 0xFF, 0xFF, 0xFC, 0xE8, 0xBC,
  0x6A, 0x08, 0x00, 0x00, 0x00, 0x00, 0x00, 0x00, 0x20, 0x8F, 0xD7, 0xF8,
  0xFB, 0xE3, 0xAD, 0x4C, 0x00, 0x00, 0x00, 0x00, 0x00, 0x00, 0x00, 0x62,
  0xF8, 0xFF, 0xFF, 0xFF, 0xFF, 0xFF, 0xFF, 0xFF, 0xB0, 0x0A, 0x00, 0x00,
  0x00, 0x00, 0x58, 0xFF, 0xFF, 0xFF, 0xFF, 0xDA, 0xD3, 0xF6, 0xFF, 0xFF,
  0xFF, 0xAC, 0x00, 0x00, 0x00, 0x10, 0xEF, 0xFF, 0xFF, 0xDB, 0x29, 0x00,
  0x00, 0x0A, 0x96, 0xFF, 0xFF, 0xFF, 0x44, 0x00, 0x00, 0x6F, 0xFF, 0xFF,
  0xFF, 0x34, 0x00, 0x00, 0x00, 0x00, 0x03, 0xE0, 0xFF, 0xFF, 0xA5, 0x00,
  0x00, 0xB8, 0xFF, 0xFF, 0xD5, 0x00, 0x00, 0x00, 0x00, 0x00, 0x00, 0xA2,
  0xFF, 0xFF, 0xDE, 0x00, 0x00, 0xE4, 0xFF, 0xFF, 0xA5, 0x00, 0x00, 0x00,
  0x00, 0x00, 0x00, 0x00, 0x00, 0x00, 0x00, 0x00, 0x00, 0xF8, 0xFF, 0xFF,
  0x93, 0x00, 0x00, 0x00, 0x00, 0x00, 0x00, 0x00, 0x00, 0x00, 0x00, 0x00,
  0x00, 0xFC, 0xFF, 0xFF, 0x90, 0x00, 0x00, 0x00, 0x00, 0x00, 0x00, 0x00,
  0x00, 0x00, 0x00, 0x00, 0x00, 0xF8, 0xFF, 0xFF, 0x92, 0x00, 0x00, 0x00,
  0x00, 0x00, 0x00, 0x00, 0x00, 0x00, 0x00, 0x00, 0x00, 0xE6, 0xFF, 0xFF,
  0xA5, 0x00, 0x00, 0x00, 0x00, 0x00, 0x00, 0x00, 0x00, 0x00, 0x00, 0x00,
  0x00, 0xBC, 0xFF, 0xFF, 0xD1, 0x00, 0x00, 0x00, 0x00, 0x00, 0x00, 0xA6,
  0xFF, 0xFF, 0xDC, 0x00, 0x00, 0x73, 0xFF, 0xFF, 0xFF, 0x2C, 0x00, 0x00,
  0x00, 0x00, 0x06, 0xE7, 0xFF, 0xFF, 0xAA, 0x00, 0x00, 0x14, 0xF3, 0xFF,
  0xFF, 0xD1, 0x20, 0x00, 0x00, 0x0D, 0xA0, 0xFF, 0xFF, 0xFF, 0x49, 0x00,
  0x00, 0x00, 0x64, 0xFF, 0xFF, 0xFF, 0xFD, 0xD2, 0xCF, 0xF6, 0xFF, 0xFF,
  0xFF, 0xB1, 0x00, 0x00, 0x00, 0x00, 0x00, 0x72, 0xFB, 0xFF, 0xFF, 0xFF,
  0xFF, 0xFF, 0xFF, 0xFF, 0xB0, 0x0A, 0x00, 0x00, 0x00, 0x00, 0x00, 0x00,
  0x29, 0x97, 0xDA, 0xFA, 0xFB, 0xE2, 0xAC, 0x4A, 0x00, 0x00, 0x00, 0x00,
  0x00, 0x78, 0xFF, 0xFF, 0xFF, 0xFF, 0xFF, 0xF7, 0xD5, 0x91, 0x29, 0x00,
  0x00, 0x00, 0x00, 0x00, 0x00, 0x78, 0xFF, 0xFF, 0xFF, 0xFF, 0xFF, 0xFF,
  0xFF, 0xFF, 0xFD, 0x88, 0x03, 0x00, 0x00, 0x00, 0x00, 0x78, 0xFF, 0xFF,
  0xFF, 0xC3, 0xC0, 0xCE, 0xFB, 0xFF, 0xFF, 0xFF, 0xA1, 0x00, 0x00, 0x00,
  0x00, 0x78, 0xFF, 0xFF, 0xFF, 0x0C, 0x00, 0x00, 0x17, 0xAE, 0xFF, 0xFF,
  0xFF, 0x5C, 0x00, 0x00, 0x00, 0x78, 0xFF, 0xFF, 0xFF, 0x0C, 0x00, 0x00,
  0x00, 0x04, 0xCD, 0xFF, 0xFF, 0xDF, 0x02, 0x00, 0x00, 0x78, 0xFF, 0xFF,
  0xFF, 0x0C, 0x00, 0x00, 0x00, 0x00, 0x5B, 0xFF, 0xFF, 0xFF, 0x3A, 0x00,
  0x00, 0x78, 0xFF, 0xFF, 0xFF, 0x0C, 0x00, 0x00, 0x00, 0x00, 0x1C, 0xFF,
  0xFF, 0xFF, 0x72, 0x00, 0x00, 0x78, 0xFF, 0xFF, 0xFF, 0x0C, 0x00, 0x00,
  0x00, 0x00, 0x03, 0xFF, 0xFF, 0xFF, 0x8D, 0x00, 0x00, 0x78, 0xFF, 0xFF,
  0xFF, 0x0C, 0x00, 0x00, 0x00, 0x00, 0x00, 0xFC, 0xFF, 0xFF, 0x94, 0x00,
  0x00, 0x78, 0xFF, 0xFF, 0xFF, 0x0C, 0x00, 0x00, 0x00, 0x00, 0x03, 0xFF,
  0xFF, 0xFF, 0x8D, 0x00, 0x00, 0x78, 0xFF, 0xFF, 0xFF, 0x0C, 0x00, 0x00,
  0x00, 0x00, 0x1F, 0xFF, 0xFF, 0xFF, 0x73, 0x00, 0x00, 0x78, 0xFF, 0xFF,
  0xFF, 0x0C, 0x00, 0x00, 0x00, 0x00, 0x5E, 0xFF, 0xFF, 0xFF, 0x3A, 0x00,
  0x00, 0x78, 0xFF, 0xFF, 0xFF, 0x0C, 0x00, 0x00, 0x00, 0x06, 0xD3, 0xFF,
  0xFF, 0xDF, 0x02, 0x00, 0x00, 0x78, 0xFF, 0xFF, 0xFF, 0x0C, 0x00, 0x00,
  0x1A, 0xB4, 0xFF, 0xFF, 0xFF, 0x5C, 0x00, 0x00, 0x00, 0x78, 0xFF, 0xFF,
  0xFF, 0xC3, 0xC0, 0xD0, 0xFC, 0xFF, 0xFF, 0xFF, 0xA2, 0x00, 0x00, 0x00,
  0x00, 0x78, 0xFF, 0xFF, 0xFF, 0xFF, 0xFF, 0xFF, 0xFF, 0xFF, 0xFD, 0x8B,
  0x03, 0x00, 0x00, 0x00, 0x00, 0x78, 0xFF, 0xFF, 0xFF, 0xFF, 0xFF, 0xF6,
  0xD4, 0x91, 0x2B, 0x00, 0x00, 0x00, 0x00, 0x00, 0x00, 0x78, 0xFF, 0xFF,
  0xFF, 0xFF, 0xFF, 0xFF, 0xFF, 0xFF, 0xFF, 0xFF, 0xF8, 0x00, 0x00, 0x78,
  0xFF, 0xFF, 0xFF, 0xFF, 0xFF, 0xFF, 0xFF, 0xFF, 0xFF, 0xFF, 0xF8, 0x00,
  0x00, 0x78, 0xFF, 0xFF, 0xFF, 0xC3, 0xC0, 0xC0, 0xC0, 0xC0, 0xC0, 0xC0,
  0xBA, 0x00, 0x00, 0x78, 0xFF, 0xFF, 0xFF, 0x0C, 0x00, 0x00, 0x00, 0x00,
  0x00, 0x00, 0x00, 0x00, 0x00, 0x78, 0xFF, 0xFF, 0xFF, 0x0C, 0x00, 0x00,
  0x00, 0x00, 0x00, 0x00, 0x00, 0x00, 0x00, 0x78, 0xFF, 0xFF, 0xFF, 0x0C,
  0x00, 0x00, 0x00, 0x00, 0x00, 0x00, 0x00, 0x00, 0x00, 0x78, 0xFF, 0xFF,
  0xFF, 0x0C, 0x00, 0x00, 0x00, 0x00, 0x00, 0x00, 0x00, 0x00, 0x00, 0x78,
  0xFF, 0xFF, 0xFF, 0xB2, 0xAC, 0xAC, 0xAC, 0xAC, 0xAC, 0x89, 0x00, 0x00,
  0x00, 0x78, 0xFF, 0xFF, 0xFF, 0xFF, 0xFF, 0xFF, 0xFF, 0xFF, 0xFF, 0xCC,
  0x00, 0x00, 0x00, 0x78, 0xFF, 0xFF, 0xFF, 0xFF, 0xFF, 0xFF, 0xFF, 0xFF,
  0xFF, 0xCC, 0x00, 0x00, 0x00, 0x78, 0xFF, 0xFF, 0xFF, 0x0C, 0x00, 0x00,
  0x00, 0x00, 0x00, 0x00, 0x00, 0x00, 0x00, 0x78, 0xFF, 0xFF, 0xFF, 0x0C,
  0x00, 0x00, 0x00, 0x00, 0x00, 0x00, 0x00, 0x00, 0x00, 0x78, 0xFF, 0xFF,
  0xFF, 0x0C, 0x00, 0x00, 0x00, 0x00, 0x00, 0x00, 0x00, 0x00, 0x00, 0x78,
  0xFF, 0xFF, 0xFF, 0x0C, 0x00, 0x00, 0x00, 0x00, 0x00, 0x00, 0x00, 0x00,
  0x00, 0x78, 0xFF, 0xFF, 0xFF, 0xC3, 0xC0, 0xC0, 0xC0, 0xC0, 0xC0, 0xC0,
  0xBA, 0x00, 0x00, 0x78, 0xFF, 0xFF, 0xFF, 0xFF, 0xFF, 0xFF, 0xFF, 0xFF,
  0xFF, 0xFF, 0xF8, 0x00, 0x00, 0x78, 0xFF, 0xFF, 0xFF, 0xFF, 0xFF, 0xFF,
  0xFF, 0xFF, 0xFF, 0xFF, 0xF8, 0x00, 0x00, 0x78, 0xFF, 0xFF, 0xFF, 0xFF,
  0xFF, 0xFF, 0xFF, 0xFF, 0xFF, 0xFF, 0xA8, 0x00, 0x78, 0xFF, 0xFF, 0xFF,
  0xFF, 0xFF, 0xFF, 0xFF, 0xFF, 0xFF, 0xFF, 0xA8, 0x00, 0x78, 0xFF, 0xFF,
  0xFF, 0xC3, 0xC0, 0xC0, 0xC0, 0xC0, 0xC0, 0xC0, 0x7E, 0x00, 0x78, 0xFF,
  0xFF, 0xFF, 0x0C, 0x00, 0x00, 0x00, 0x00, 0x00, 0x00, 0x00, 0x00, 0x78,
  0xFF, 0xFF, 0xFF, 0x0C, 0x00, 0x00, 0x00, 0x00, 0x00, 0x00, 0x00, 0x00,
  0x78, 0xFF, 0xFF, 0xFF, 0x0C, 0x00, 0x00, 0x00, 0x00, 0x00, 0x00, 0x00,
  0x00, 0x78, 0xFF, 0xFF, 0xFF, 0x0C, 0x00, 0x00, 0x00, 0x00, 0x00, 0x00,
  0x00, 0x00, 0x78, 0xFF, 0xFF, 0xFF, 0xC3, 0xC0, 0xC0, 0xC0, 0xC0, 0xC0,
  0xA2, 0x00, 0x00, 0x78, 0xFF, 0xFF, 0xFF, 0xFF, 0xFF, 0xFF, 0xFF, 0xFF,
  0xFF, 0xD8, 0x00, 0x00, 0x78, 0xFF, 0xFF, 0xFF, 0xFF, 0xFF, 0xFF, 0xFF,
  0xFF, 0xFF, 0xD8, 0x00, 0x00, 0x78, 0xFF, 0xFF, 0xFF, 0x0C, 0x00, 0x00,
  0x00, 0x00, 0x00, 0x00, 0x00, 0x00, 0x78, 0xFF, 0xFF, 0xFF, 0x0C, 0x00,
  0x00, 0x00, 0x00, 0x00, 0x00, 0x00, 0x00, 0x78, 0xFF, 0xFF, 0xFF, 0x0C,
  0x00, 0x00, 0x00, 0x00, 0x00, 0x00, 0x00, 0x00, 0x78, 0xFF, 0xFF, 0xFF,
  0x0C, 0x00, 0x00, 0x00, 0x00, 0x00, 0x00, 0x00, 0x00, 0x78, 0xFF, 0xFF,
  0xFF, 0x0C, 0x00, 0x00, 0x00, 0x00, 0x00, 0x00, 0x00, 0x00, 0x78, 0xFF,
  0xFF, 0xFF, 0x0C, 0x00, 0x00, 0x00, 0x00, 0x00, 0x00, 0x00, 0x00, 0x78,
  0xFF, 0xFF, 0xFF, 0x0C, 0x00, 0x00, 0x00, 0x00, 0x00, 0x00, 0x00, 0x00,
  0x00, 0x00, 0x00, 0x18, 0x83, 0xCF, 0xF5, 0xFD, 0xEC, 0xBE, 0x6A, 0x07,
  0x00, 0x00, 0x00, 0x00, 0x00, 0x00, 0x51, 0xF2, 0xFF, 0xFF, 0xFF, 0xFF,
  0xFF, 0xFF, 0xFF, 0xD3, 0x1D, 0x00, 0x00, 0x00, 0x00, 0x42, 0xFC, 0xFF,
  0xFF, 0xFF, 0xDC, 0xC4, 0xE8, 0xFF, 0xFF, 0xFF, 0xD1, 0x06, 0x00, 0x00,
  0x05, 0xDE, 0xFF, 0xFF, 0xF3, 0x4B, 0x00, 0x00, 0x03, 0x81, 0xFF, 0xFF,
  0xFF, 0x64, 0x00, 0x00, 0x53, 0xFF, 0xFF, 0xFF, 0x67, 0x00, 0x00, 0x00,
  0x00, 0x00, 0xC8, 0xFF, 0xFF, 0xBF, 0x00, 0x00, 0x9F, 0xFF, 0xFF, 0xF6,
  0x09, 0x00, 0x00, 0x00, 0x00, 0x00, 0x77, 0xFF, 0xFF, 0xF4, 0x01, 0x00,
  0xCC, 0xFF, 0xFF, 0xC6, 0x00, 0x00, 0x00, 0x00, 0x00, 0x00, 0x00, 0x00,
  0x00, 0x00, 0x00, 0x00, 0xE0, 0xFF, 0xFF, 0xB0, 0x00, 0x00, 0x00, 0x00,
  0x00, 0x00, 0x00, 0x00, 0x00, 0x00, 0x00, 0x00, 0xE4, 0xFF, 0xFF, 0xAC,
  0x00, 0x00, 0x00, 0x59, 0x84, 0x84, 0x84, 0x84, 0x84, 0x84, 0x06, 0x00,
  0xE0, 0xFF, 0xFF, 0xB0, 0x00, 0x00, 0x00, 0xAC, 0xFF, 0xFF, 0xFF, 0xFF,
  0xFF, 0xFF, 0x0C, 0x00, 0xCC, 0xFF, 0xFF, 0xC9, 0x00, 0x00, 0x00, 0xAC,
  0xFF, 0xFF, 0xFF, 0xFF, 0xFF, 0xFF, 0x0C, 0x00, 0x9F, 0xFF, 0xFF, 0xF6,
  0x0A, 0x00, 0x00, 0x00, 0x00, 0x00, 0x78, 0xFF, 0xFF, 0xFF, 0x0C, 0x00,
  0x52, 0xFF, 0xFF, 0xFF, 0x71, 0x00, 0x00, 0x00, 0x00, 0x00, 0x78, 0xFF,
  0xFF, 0xFF, 0x0C, 0x00, 0x04, 0xDA, 0xFF, 0xFF, 0xF9, 0x5F, 0x02, 0x00,
  0x00, 0x08, 0xA2, 0xFF, 0xFF, 0xFF, 0x0C, 0x00, 0x00, 0x3A, 0xF9, 0xFF,
  0xFF, 0xFF, 0xE8, 0xC3, 0xCA, 0xF4, 0xFF, 0xFF, 0xFF, 0xFC, 0x0A, 0x00,
  0x00, 0x00, 0x44, 0xE9, 0xFF, 0xFF, 0xFF, 0xFF, 0xFF, 0xFF, 0xFF, 0xFF,
  0xE3, 0x46, 0x00, 0x00, 0x00, 0x00, 0x00, 0x10, 0x76, 0xC5, 0xEF, 0xFE,
  0xF7, 0xDE, 0xAC, 0x5B, 0x08, 0x00, 0x00, 0x00, 0x78, 0xFF, 0xFF, 0xFF,
  0x0C, 0x00, 0x00, 0x00, 0x00, 0x00, 0x18, 0xFF, 0xFF, 0xFF, 0x68, 0x00,
  0x00, 0x78, 0xFF, 0xFF, 0xFF, 0x0C, 0x00, 0x00, 0x00, 0x00, 0x00, 0x18,
  0xFF, 0xFF, 0xFF, 0x68, 0x00, 0x00, 0x78, 0xFF, 0xFF, 0xFF, 0x0C, 0x00,
  0x00, 0x00, 0x00, 0x00, 0x18, 0xFF, 0xFF, 0xFF, 0x68, 0x00, 0x00, 0x78,
  0xFF, 0xFF, 0xFF, 0x0C, 0x00, 0x00, 0x00, 0x00, 0x00, 0x18, 0xFF, 0xFF,
  0xFF, 0x68, 0x00, 0x00, 0x78, 0xFF, 0xFF, 0xFF, 0x0C, 0x00, 0x00, 0x00,
  0x00, 0x00, 0x18, 0xFF, 0xFF, 0xFF, 0x68, 0x00, 0x00, 0x78, 0xFF, 0xFF,
  0xFF, 0x0C, 0x00, 0x00, 0x00, 0x00, 0x00, 0x18, 0xFF, 0xFF, 0xFF, 0x68,
  0x00, 0x00, 0x78, 0xFF, 0xFF, 0xFF, 0x0C, 0x00, 0x00, 0x00, 0x00, 0x00,
  0x18, 0xFF, 0xFF, 0xFF, 0x68, 0x00, 0x00, 0x78, 0xFF, 0xFF, 0xFF, 0xC0,
  0xBC, 0xBC, 0xBC, 0xBC, 0xBC, 0xC3, 0xFF, 0xFF, 0xFF, 0x68, 0x00, 0x00,
  0x78, 0xFF, 0xFF, 0xFF, 0xFF, 0xFF, 0xFF, 0xFF, 0xFF, 0xFF, 0xFF, 0xFF,
  0xFF, 0xFF, 0x68, 0x00, 0x00, 0x78, 0xFF, 0xFF, 0xFF, 0xFF, 0xFF, 0xFF,
  0xFF, 0xFF, 0xFF, 0xFF, 0xFF, 0xFF, 0xFF, 0x68, 0x00, 0x00, 0x78, 0xFF,
  0xFF, 0xFF, 0x0C, 0x00, 0x00, 0x00, 0x00, 0x00, 0x18, 0xFF, 0xFF, 0xFF,
  0x68, 0x00, 0x00, 0x78, 0xFF, 0xFF, 0xFF, 0x0C, 0x00, 0x00, 0x00, 0x00,
  0x00, 0x18, 0xFF, 0xFF, 0xFF, 0x68, 0x00, 0x00, 0x78, 0xFF, 0xFF, 0xFF,
  0x0C, 0x00, 0x00, 0x00, 0x00, 0x00, 0x18, 0xFF, 0xFF, 0xFF, 0x68, 0x00,
  0x00, 0x78, 0xFF, 0xFF, 0xFF, 0x0C, 0x00, 0x00, 0x00, 0x00, 0x00, 0x18,
  0xFF, 0xFF, 0xFF, 0x68, 0x00, 0x00, 0x78, 0xFF, 0xFF, 0xFF, 0x0C, 0x00,
  0x00, 0x00, 0x00, 0x00, 0x18, 0xFF, 0xFF, 0xFF, 0x68, 0x00, 0x00, 0x78,
  0xFF, 0xFF, 0xFF, 0x0C, 0x00, 0x00, 0x00, 0x00, 0x00, 0x18, 0xFF, 0xFF,
  0xFF, 0x68, 0x00, 0x00, 0x78, 0xFF, 0xFF, 0xFF, 0x0C, 0x00, 0x00, 0x00,
  0x00, 0x00, 0x18, 0xFF, 0xFF, 0xFF, 0x68, 0x00, 0x00, 0x3C, 0xFF, 0xFF,
  0xFF, 0x44, 0x00, 0x00, 0x3C, 0xFF, 0xFF, 0xFF, 0x44, 0x00, 0x00, 0x3C,
  0xFF, 0xFF, 0xFF, 0x44, 0x00, 0x00, 0x3C, 0xFF, 0xFF, 0xFF, 0x44, 0x00,
  0x00, 0x3C, 0xFF, 0xFF, 0xFF, 0x44, 0x00, 0x00, 0x3C, 0xFF, 0xFF, 0xFF,
  0x44, 0x00, 0x00, 0x3C, 0xFF, 0xFF, 0xFF, 0x44, 0x00, 0x00, 0x3C, 0xFF,
  0xFF, 0xFF, 0x44, 0x00, 0x00, 0x3C, 0xFF, 0xFF, 0xFF, 0x44, 0x00, 0x00,
  0x3C, 0xFF, 0xFF, 0xFF, 0x44, 0x00, 0x00, 0x3C, 0xFF, 0xFF, 0xFF, 0x44,
  0x00, 0x00, 0x3C, 0xFF, 0xFF, 0xFF, 0x44, 0x00, 0x00, 0x3C, 0xFF, 0xFF,
  0xFF, 0x44, 0x00, 0x00, 0x3C, 0xFF, 0xFF, 0xFF, 0x44, 0x00, 0x00, 0x3C,
  0xFF, 0xFF, 0xFF, 0x44, 0x00, 0x00, 0x3C, 0xFF, 0xFF, 0xFF, 0x44, 0x00,
  0x00, 0x3C, 0xFF, 0xFF, 0xFF, 0x44, 0x00, 0x00, 0x00, 0x00, 0x00, 0x00,
  0x00, 0x00, 0x00, 0x94, 0xFF, 0xFF, 0xF0, 0x00, 0x00, 0x00, 0x00, 0x00,
  0x00, 0x00, 0x00, 0x00, 0x94, 0xFF, 0xFF, 0xF0, 0x00, 0x00, 0x00, 0x00,
  0x00, 0x00, 0x00, 0x00, 0x00, 0x94, 0xFF, 0xFF, 0xF0, 0x00, 0x00, 0x00,
  0x00, 0x00, 0x00, 0x00, 0x00, 0x00, 0x94, 0xFF, 0xFF, 0xF0, 0x00, 0x00,
  0x00, 0x00, 0x00, 0x00, 0x00, 0x00, 0x00, 0x94, 0xFF, 0xFF, 0xF0, 0x00,
  0x00, 0x00, 0x00, 0x00, 0x00, 0x00, 0x00, 0x00, 0x94, 0xFF, 0xFF, 0xF0,
  0x00, 0x00, 0x00, 0x00, 0x00, 0x00, 0x00, 0x00, 0x00, 0x94, 0xFF, 0xFF,
  0xF0, 0x00, 0x00, 0x00, 0x00, 0x00, 0x00, 0x00, 0x00, 0x00, 0x94, 0xFF,
  0xFF, 0xF0, 0x00, 0x00, 0x00, 0x00, 0x00, 0x00, 0x00, 0x00, 0x00, 0x94,
  0xFF, 0xFF, 0xF0, 0x00, 0x00, 0x00, 0x00, 0x00, 0x00, 0x00, 0x00, 0x00,
  0x94, 0xFF, 0xFF, 0xF0, 0x00, 0x00, 0x00, 0x00, 0x00, 0x00, 0x00, 0x00,
  0x00, 0x94, 0xFF, 0xFF, 0xF0, 0x00, 0x00, 0x00, 0x00, 0x00, 0x00, 0x00,
  0x00, 0x00, 0x95, 0xFF, 0xFF, 0xEF, 0x00, 0x79, 0xFF, 0xFF, 0xFF, 0x0E,
  0x00, 0x00, 0x00, 0xB1, 0xFF, 0xFF, 0xDE, 0x00, 0x4F, 0xFF, 0xFF, 0xFF,
  0x70, 0x00, 0x00, 0x35, 0xFA, 0xFF, 0xFF, 0xA3, 0x00, 0x09, 0xE5, 0xFF,
  0xFF, 0xFF, 0xD8, 0xC9, 0xFC, 0xFF, 0xFF, 0xFB, 0x2E, 0x00, 0x00, 0x3A,
  0xEF, 0xFF, 0xFF, 0xFF, 0xFF, 0xFF, 0xFF, 0xFA, 0x5B, 0x00, 0x00, 0x00,
  0x00, 0x1C, 0x8A, 0xD2, 0xF7, 0xFD, 0xE1, 0x9C, 0x28, 0x00, 0x00, 0x00,
  0x00, 0x78, 0xFF, 0xFF, 0xFF, 0x0C, 0x00, 0x00, 0x00, 0x00, 0x6F, 0xFF,
  0xFF, 0xFF, 0xD2, 0x0B, 0x00, 0x78, 0xFF, 0xFF, 0xFF, 0x0C, 0x00, 0x00,
  0x00, 0x3A, 0xFA, 0xFF, 0xFF, 0xED, 0x22, 0x00, 0x00, 0x78, 0xFF, 0xFF,
  0xFF, 0x0C, 0x00, 0x00, 0x16, 0xE4, 0xFF, 0xFF, 0xFC, 0x44, 0x00, 0x00,
  0x00, 0x78, 0xFF, 0xFF, 0xFF, 0x0C, 0x00, 0x03, 0xBC, 0xFF, 0xFF, 0xFF,
  0x70, 0x00, 0x00, 0x00, 0x00, 0x78, 0xFF, 0xFF, 0xFF, 0x0C, 0x00, 0x85,
  0xFF, 0xFF, 0xFF, 0xA2, 0x00, 0x00, 0x00, 0x00, 0x00, 0x78, 0xFF, 0xFF,
  0xFF, 0x0C, 0x49, 0xFE, 0xFF, 0xFF, 0xCC, 0x09, 0x00, 0x00, 0x00, 0x00,
  0x00, 0x78, 0xFF, 0xFF, 0xFF, 0x26, 0xEA, 0xFF, 0xFF, 0xE9, 0x1D, 0x00,
  0x00, 0x00, 0x00, 0x00, 0x00, 0x78, 0xFF, 0xFF, 0xFF, 0xC8, 0xFF, 0xFF,
  0xFF, 0x64, 0x00, 0x00, 0x00, 0x00, 0x00, 0x00, 0x00, 0x78, 0xFF, 0xFF,
  0xFF, 0xFF, 0xFF, 0xFF, 0xFF, 0xD3, 0x06, 0x00, 0x00, 0x00, 0x00, 0x00,
  0x00, 0x78, 0xFF, 0xFF, 0xFF, 0xFF, 0xFF, 0xFF, 0xFF, 0xFF, 0x81, 0x00,
  0x00, 0x00, 0x00, 0x00, 0x00, 0x78, 0xFF, 0xFF, 0xFF, 0xFF, 0x90, 0xDC,
  0xFF, 0xFF, 0xFA, 0x2E, 0x00, 0x00, 0x00, 0x00, 0x00, 0x78, 0xFF, 0xFF,
  0xFF, 0x9B, 0x01, 0x43, 0xFF, 0xFF, 0xFF, 0xCC, 0x04, 0x00, 0x00, 0x00,
  0x00, 0x78, 0xFF, 0xFF, 0xFF, 0x0E, 0x00, 0x00, 0x9E, 0xFF, 0xFF, 0xFF,
  0x79, 0x00, 0x00, 0x00, 0x00, 0x78, 0xFF, 0xFF, 0xFF, 0x0C, 0x00, 0x00,
  0x11, 0xE8, 0xFF, 0xFF, 0xF8, 0x28, 0x00, 0x00, 0x00, 0x78, 0xFF, 0xFF,
  0xFF, 0x0C, 0x00, 0x00, 0x00, 0x56, 0xFF, 0xFF, 0xFF, 0xC6, 0x02, 0x00,
  0x00, 0x78, 0xFF, 0xFF, 0xFF, 0x0C, 0x00, 0x00, 0x00, 0x00, 0xB1, 0xFF,
  0xFF, 0xFF, 0x70, 0x00, 0x00, 0x78, 0xFF, 0xFF, 0xFF, 0x0C, 0x00, 0x00,
  0x00, 0x00, 0x1D, 0xF2, 0xFF, 0xFF, 0xF5, 0x23, 0x00, 0x78, 0xFF, 0xFF,
  0xFF, 0x0C, 0x00, 0x00, 0x00, 0x00, 0x00, 0x00, 0x00, 0x00, 0x78, 0xFF,
  0xFF, 0xFF, 0x0C, 0x00, 0x00, 0x00, 0x00, 0x00, 0x00, 0x00, 0x00, 0x78,
  0xFF, 0xFF, 0xFF, 0x0C, 0x00, 0x00, 0x00, 0x00, 0x00, 0x00, 0x00, 0x00,
  0x78, 0xFF, 0xFF, 0xFF, 0x0C, 0x00, 0x00, 0x00, 0x00, 0x00, 0x00, 0x00,
  0x00, 0x78, 0xFF, 0xFF, 0xFF, 0x0C, 0x00, 0x00, 0x00, 0x00, 0x00, 0x00,
  0x00, 0x00, 0x78, 0xFF, 0xFF, 0xFF, 0x0C, 0x00, 0x00, 0x00, 0x00, 0x00,
  0x00, 0x00, 0x00, 0x78, 0xFF, 0xFF, 0xFF, 0x0C, 0x00, 0x00, 0x00, 0x00,
  0x00, 0x00, 0x00, 0x00, 0x78, 0xFF, 0xFF, 0xFF, 0x0C, 0x00, 0x00, 0x00,
  0x00, 0x00, 0x00, 0x00, 0x00, 0x78, 0xFF, 0xFF, 0xFF, 0x0C, 0x00, 0x00,
  0x00, 0x00, 0x00, 0x00, 0x00, 0x00, 0x78, 0xFF, 0xFF, 0xFF, 0x0C, 0x00,
  0x00, 0x00, 0x00, 0x00, 0x00, 0x00, 0x00, 0x78, 0xFF, 0xFF, 0xFF, 0x0C,
  0x00, 0x00, 0x00, 0x00, 0x00, 0x00, 0x00, 0x00, 0x78, 0xFF, 0xFF, 0xFF,
  0x0C, 0x00, 0x00, 0x00, 0x00, 0x00, 0x00, 0x00, 0x00, 0x78, 0xFF, 0xFF,
  0xFF, 0x0C, 0x00, 0x00, 0x00, 0x00, 0x00, 0x00, 0x00, 0x00, 0x78, 0xFF,
  0xFF, 0xFF, 0x0C, 0x00, 0x00, 0x00, 0x00, 0x00, 0x00, 0x00, 0x00, 0x78,
  0xFF, 0xFF, 0xFF, 0xC3, 0xC0, 0xC0, 0xC0, 0xC0, 0xC0, 0xC0, 0x60, 0x00,
  0x78, 0xFF, 0xFF, 0xFF, 0xFF, 0xFF, 0xFF, 0xFF, 0xFF, 0xFF, 0xFF, 0x80,
  0x00, 0x78, 0xFF, 0xFF, 0xFF, 0xFF, 0xFF, 0xFF, 0xFF, 0xFF, 0xFF, 0xFF,
  0x80, 0x00, 0x78, 0xFF, 0xFF, 0xFF, 0xFF, 0x49, 0x00, 0x00, 0x00, 0x00,
  0x00, 0x00, 0x00, 0x4E, 0xFF, 0xFF, 0xFF, 0xFF, 0x78, 0x00, 0x00, 0x78,
  0xFF, 0xFF, 0xFF, 0xFF, 0xA2, 0x00, 0x00, 0x00, 0x00, 0x00, 0x00, 0x00,
  0xA8, 0xFF, 0xFF, 0xFF, 0xFF, 0x78, 0x00, 0x00, 0x78, 0xFF, 0xFF, 0xFF,
  0xFF, 0xF3, 0x09, 0x00, 0x00, 0x00, 0x00, 0x00, 0x0C, 0xF5, 0xFF, 0xFF,
  0xFF, 0xFF, 0x78, 0x00, 0x00, 0x78, 0xFF, 0xFF, 0xFF, 0xFF, 0xFF, 0x56,
  0x00, 0x00, 0x00, 0x00, 0x00, 0x5B, 0xFF, 0xFF, 0xFF, 0xFF, 0xFF, 0x78,
  0x00, 0x00, 0x78, 0xFF, 0xFF, 0xEB, 0xFF, 0xFF, 0xAF, 0x00, 0x00, 0x00,
  0x00, 0x00, 0xB6, 0xFF, 0xFF, 0xEB, 0xFF, 0xFF, 0x78, 0x00, 0x00, 0x78,
  0xFF, 0xFF, 0xBC, 0xE0, 0xFF, 0xF9, 0x10, 0x00, 0x00, 0x00, 0x14, 0xFB,
  0xFF, 0xDA, 0xC1, 0xFF, 0xFF, 0x78, 0x00, 0x00, 0x78, 0xFF, 0xFF, 0xC7,
  0x84, 0xFF, 0xFF, 0x63, 0x00, 0x00, 0x00, 0x6A, 0xFF, 0xFF, 0x7D, 0xCD,
  0xFF, 0xFF, 0x78, 0x00, 0x00, 0x78, 0xFF, 0xFF, 0xD2, 0x27, 0xFF, 0xFF,
  0xBD, 0x00, 0x00, 0x00, 0xC3, 0xFF, 0xFF, 0x21, 0xD8, 0xFF, 0xFF, 0x78,
  0x00, 0x00, 0x78, 0xFF, 0xFF, 0xDE, 0x00, 0xCA, 0xFF, 0xFD, 0x19, 0x00,
  0x1F, 0xFF, 0xFF, 0xC4, 0x00, 0xE3, 0xFF, 0xFF, 0x78, 0x00, 0x00, 0x78,
  0xFF, 0xFF, 0xE9, 0x00, 0x6D, 0xFF, 0xFF, 0x70, 0x00, 0x77, 0xFF, 0xFF,
  0x68, 0x00, 0xEF, 0xFF, 0xFF, 0x78, 0x00, 0x00, 0x78, 0xFF, 0xFF, 0xF5,
  0x00, 0x15, 0xFB, 0xFF, 0xCA, 0x00, 0xD2, 0xFF, 0xF9, 0x12, 0x00, 0xF9,
  0xFF, 0xFF, 0x78, 0x00, 0x00, 0x78, 0xFF, 0xFF, 0xFF, 0x01, 0x00, 0xB4,
  0xFF, 0xFF, 0x50, 0xFF, 0xFF, 0xAE, 0x00, 0x05, 0xFF, 0xFF, 0xFF, 0x78,
  0x00, 0x00, 0x78, 0xFF, 0xFF, 0xFF, 0x08, 0x00, 0x56, 0xFF, 0xFF, 0xEB,
  0xFF, 0xFF, 0x52, 0x00, 0x0C, 0xFF, 0xFF, 0xFF, 0x78, 0x00, 0x00, 0x78,
  0xFF, 0xFF, 0xFF, 0x08, 0x00, 0x08, 0xF1, 0xFF, 0xFF, 0xFF, 0xED, 0x07,
  0x00, 0x0C, 0xFF, 0xFF, 0xFF, 0x78, 0x00, 0x00, 0x78, 0xFF, 0xFF, 0xFF,
  0x08, 0x00, 0x00, 0x9C, 0xFF, 0xFF, 0xFF, 0x97, 0x00, 0x00, 0x0C, 0xFF,
  0xFF, 0xFF, 0x78, 0x00, 0x00, 0x78, 0xFF, 0xFF, 0xFF, 0x08, 0x00, 0x00,
  0x40, 0xFF, 0xFF, 0xFF, 0x3B, 0x00, 0x00, 0x0C, 0xFF, 0xFF, 0xFF, 0x78,
  0x00, 0x00, 0x78, 0xFF, 0xFF, 0xFF, 0x08, 0x00, 0x00, 0x02, 0xE2, 0xFF,
  0xDD, 0x01, 0x00, 0x00, 0x0C, 0xFF, 0xFF, 0xFF, 0x78, 0x00, 0x00, 0x78,
  0xFF, 0xFF, 0xFF, 0x59, 0x00, 0x00, 0x00, 0x00, 0x00, 0x18, 0xFF, 0xFF,
  0xFF, 0x68, 0x00, 0x00, 0x78, 0xFF, 0xFF, 0xFF, 0xE5, 0x0D, 0x00, 0x00,
  0x00, 0x00, 0x18, 0xFF, 0xFF, 0xFF, 0x68, 0x00, 0x00, 0x78, 0xFF, 0xFF,
  0xFF, 0xFF, 0x8D, 0x00, 0x00, 0x00, 0x00, 0x18, 0xFF, 0xFF, 0xFF, 0x68,
  0x00, 0x00, 0x78, 0xFF, 0xFF, 0xFF, 0xFF, 0xFB, 0x2C, 0x00, 0x00, 0x00,
  0x18, 0xFF, 0xFF, 0xFF, 0x68, 0x00, 0x00, 0x78, 0xFF, 0xFF, 0xFF, 0xFF,
  0xFF, 0xC0, 0x01, 0x00, 0x00, 0x18, 0xFF, 0xFF, 0xFF, 0x68, 0x00, 0x00,
  0x78, 0xFF, 0xFF, 0xFF, 0xF4, 0xFF, 0xFF, 0x5A, 0x00, 0x00, 0x18, 0xFF,
  0xFF, 0xFF, 0x68, 0x00, 0x00, 0x78, 0xFF, 0xFF, 0xFF, 0x77, 0xFF, 0xFF,
  0xE7, 0x0E, 0x00, 0x18, 0xFF, 0xFF, 0xFF, 0x68, 0x00, 0x00, 0x78, 0xFF,
  0xFF, 0xFF, 0x0F, 0xCF, 0xFF, 0xFF, 0x8E, 0x00, 0x18, 0xFF, 0xFF, 0xFF,
  0x68, 0x00, 0x00, 0x78, 0xFF, 0xFF, 0xFF, 0x0C, 0x39, 0xFE, 0xFF, 0xFC,
  0x2D, 0x18, 0xFF, 0xFF, 0xFF, 0x68, 0x00, 0x00, 0x78, 0xFF, 0xFF, 0xFF,
  0x0C, 0x00, 0x9E, 0xFF, 0xFF, 0xC2, 0x19, 0xFF, 0xFF, 0xFF, 0x68, 0x00,
  0x00, 0x78, 0xFF, 0xFF, 0xFF, 0x0C, 0x00, 0x15, 0xEF, 0xFF, 0xFF, 0x76,
  0xFF, 0xFF, 0xFF, 0x68, 0x00, 0x00, 0x78, 0xFF, 0xFF, 0xFF, 0x0C, 0x00,
  0x00, 0x6A, 0xFF, 0xFF, 0xF3, 0xFF, 0xFF, 0xFF, 0x68, 0x00, 0x00, 0x78,
  0xFF, 0xFF, 0xFF, 0x0C, 0x00, 0x00, 0x03, 0xCE, 0xFF, 0xFF, 0xFF, 0xFF,
  0xFF, 0x68, 0x00, 0x00, 0x78, 0xFF, 0xFF, 0xFF, 0x0C, 0x00, 0x00, 0x00,
  0x39, 0xFE, 0xFF, 0xFF, 0xFF, 0xFF, 0x68, 0x00, 0x00, 0x78, 0xFF, 0xFF,
  0xFF, 0x0C, 0x00, 0x00, 0x00, 0x00, 0x9E, 0xFF, 0xFF, 0xFF, 0xFF, 0x68,
  0x00, 0x00, 0x78, 0xFF, 0xFF, 0xFF, 0x0C, 0x00, 0x00, 0x00, 0x00, 0x15,
  0xEF, 0xFF, 0xFF, 0xFF, 0x68, 0x00, 0x00, 0x78, 0xFF, 0xFF, 0xFF, 0x0C,
  0x00, 0x00, 0x00, 0x00, 0x00, 0x69, 0xFF, 0xFF, 0xFF, 0x68, 0x00, 0x00,
  0x00, 0x00, 0x00, 0x14, 0x7F, 0xCE, 0xF5, 0xFD, 0xE7, 0xAE, 0x4D, 0x00,
  0x00, 0x00, 0x00, 0x00, 0x00, 0x00, 0x00, 0x49, 0xEE, 0xFF, 0xFF, 0xFF,
  0xFF, 0xFF, 0xFF, 0xFF, 0xB5, 0x0E, 0x00, 0x00, 0x00, 0x00, 0x00, 0x40,
  0xFB, 0xFF, 0xFF, 0xFF, 0xE3, 0xD0, 0xF6, 0xFF, 0xFF, 0xFF, 0xC0, 0x04,
  0x00, 0x00, 0x00, 0x07, 0xE0, 0xFF, 0xFF, 0xEE, 0x45, 0x00, 0x00, 0x0D,
  0x9D, 0xFF, 0xFF, 0xFF, 0x70, 0x00, 0x00, 0x00, 0x5E, 0xFF, 0xFF, 0xFF,
  0x55, 0x00, 0x00, 0x00, 0x00, 0x02, 0xC7, 0xFF, 0xFF, 0xE5, 0x03, 0x00,
  0x00, 0xAE, 0xFF, 0xFF, 0xE6, 0x02, 0x00, 0x00, 0x00, 0x00, 0x00, 0x5A,
  0xFF, 0xFF, 0xFF, 0x3B, 0x00, 0x00, 0xDF, 0xFF, 0xFF, 0xAD, 0x00, 0x00,
  0x00, 0x00, 0x00, 0x00, 0x21, 0xFF, 0xFF, 0xFF, 0x6E, 0x00, 0x00, 0xF6,
  0xFF, 0xFF, 0x95, 0x00, 0x00, 0x00, 0x00, 0x00, 0x00, 0x09, 0xFF, 0xFF,
  0xFF, 0x85, 0x00, 0x00, 0xFC, 0xFF, 0xFF, 0x90, 0x00, 0x00, 0x00, 0x00,
  0x00, 0x00, 0x04, 0xFF, 0xFF, 0xFF, 0x8C, 0x00, 0x00, 0xF5, 0xFF, 0xFF,
  0x95, 0x00, 0x00, 0x00, 0x00, 0x00, 0x00, 0x0A, 0xFF, 0xFF, 0xFF, 0x85,
  0x00, 0x00, 0xDF, 0xFF, 0xFF, 0xAE, 0x00, 0x00, 0x00, 0x00, 0x00, 0x00,
  0x23, 0xFF, 0xFF, 0xFF, 0x6F, 0x00, 0x00, 0xAE, 0xFF, 0xFF, 0xE6, 0x02,
  0x00, 0x00, 0x00, 0x00, 0x00, 0x5C, 0xFF, 0xFF, 0xFF, 0x3E, 0x00, 0x00,
  0x5D, 0xFF, 0xFF, 0xFF, 0x55, 0x00, 0x00, 0x00, 0x00, 0x02, 0xC7, 0xFF,
  0xFF, 0xE8, 0x04, 0x00, 0x00, 0x06, 0xDE, 0xFF, 0xFF, 0xEF, 0x47, 0x00,
  0x00, 0x0D, 0x99, 0xFF, 0xFF, 0xFF, 0x74, 0x00, 0x00, 0x00, 0x00, 0x3E,
  0xFA, 0xFF, 0xFF, 0xFF, 0xE3, 0xD0, 0xF6, 0xFF, 0xFF, 0xFF, 0xC4, 0x05,
  0x00, 0x00, 0x00, 0x00, 0x00, 0x48, 0xED, 0xFF, 0xFF, 0xFF, 0xFF, 0xFF,
  0xFF, 0xFF, 0xB8, 0x0F, 0x00, 0x00, 0x00, 0x00, 0x00, 0x00, 0x00, 0x14,
  0x7E, 0xCB, 0xF5, 0xFD, 0xE7, 0xB1, 0x4F, 0x01, 0x00, 0x00, 0x00, 0x00,
  0x00, 0x78, 0xFF, 0xFF, 0xFF, 0xFF, 0xFF, 0xFF, 0xFC, 0xE6, 0xB0, 0x50,
  0x01, 0x00, 0x00, 0x00, 0x78, 0xFF, 0xFF, 0xFF, 0xFF, 0xFF, 0xFF, 0xFF,
  0xFF, 0xFF, 0xFF, 0xB5, 0x0A, 0x00, 0x00, 0x78, 0xFF, 0xFF, 0xFF, 0xC3,
  0xC0, 0xC0, 0xC7, 0xF4, 0xFF, 0xFF, 0xFF, 0xA5, 0x00, 0x00, 0x78, 0xFF,
  0xFF, 0xFF, 0x0C, 0x00, 0x00, 0x00, 0x11, 0xBF, 0xFF, 0xFF, 0xFF, 0x2B,
  0x00, 0x78, 0xFF, 0xFF, 0xFF, 0x0C, 0x00, 0x00, 0x00, 0x00, 0x2B, 0xFF,
  0xFF, 0xFF, 0x74, 0x00, 0x78, 0xFF, 0xFF, 0xFF, 0x0C, 0x00, 0x00, 0x00,
  0x00, 0x01, 0xFC, 0xFF, 0xFF, 0x8C, 0x00, 0x78, 0xFF, 0xFF, 0xFF, 0x0C,
  0x00, 0x00, 0x00, 0x00, 0x1B, 0xFF, 0xFF, 0xFF, 0x7C, 0x00, 0x78, 0xFF,
  0xFF, 0xFF, 0x0C, 0x00, 0x00, 0x00, 0x09, 0xAA, 0xFF, 0xFF, 0xFF, 0x40,
  0x00, 0x78, 0xFF, 0xFF, 0xFF, 0xC3, 0xC0, 0xC0, 0xC5, 0xF0, 0xFF, 0xFF,
  0xFF, 0xC3, 0x01, 0x00, 0x78, 0xFF, 0xFF, 0xFF, 0xFF, 0xFF, 0xFF, 0xFF,
  0xFF, 0xFF, 0xFF, 0xCC, 0x17, 0x00, 0x00, 0x78, 0xFF, 0xFF, 0xFF, 0xFF,
  0xFF, 0xFF, 0xFC, 0xE8, 0xB9, 0x60, 0x04, 0x00, 0x00, 0x00, 0x78, 0xFF,
  0xFF, 0xFF, 0x0C, 0x00, 0x00, 0x00, 0x00, 0x00, 0x00, 0x00, 0x00, 0x00,
  0x00, 0x78, 0xFF, 0xFF, 0xFF, 0x0C, 0x00, 0x00, 0x00, 0x00, 0x00, 0x00,
  0x00, 0x00, 0x00, 0x00, 0x78, 0xFF, 0xFF, 0xFF, 0x0C, 0x00, 0x00, 0x00,
  0x00, 0x00, 0x00, 0x00, 0x00, 0x00, 0x00, 0x78, 0xFF, 0xFF, 0xFF, 0x0C,
  0x00, 0x00, 0x00, 0x00, 0x00, 0x00, 0x00, 0x00, 0x00, 0x00, 0x78, 0xFF,
  0xFF, 0xFF, 0x0C, 0x00, 0x00, 0x00, 0x00, 0x00, 0x00, 0x00, 0x00, 0x00,
  0x00, 0x78, 0xFF, 0xFF, 0xFF, 0x0C, 0x00, 0x00, 0x00, 0x00, 0x00, 0x00,
  0x00, 0x00, 0x00, 0x00, 0x00, 0x00, 0x00, 0x17, 0x82, 0xCF, 0xF5, 0xFD,
  0xE7, 0xAE, 0x4C, 0x00, 0x00, 0x00, 0x00, 0x00, 0x00, 0x00, 0x00, 0x50,
  0xF0, 0xFF, 0xFF, 0xFF, 0xFF, 0xFF, 0xFF, 0xFF, 0xB4, 0x0E, 0x00, 0x00,
  0x00, 0x00, 0x00, 0x44, 0xFC, 0xFF, 0xFF, 0xFF, 0xE1, 0xD0, 0xF7, 0xFF,
  0xFF, 0xFF, 0xC0, 0x03, 0x00, 0x00, 0x00, 0x09, 0xE3, 0xFF, 0xFF, 0xEC,
  0x43, 0x00, 0x00, 0x0E, 0x9E, 0xFF, 0xFF, 0xFF, 0x6E, 0x00, 0x00, 0x00,
  0x64, 0xFF, 0xFF, 0xFF, 0x53, 0x00, 0x00, 0x00, 0x00, 0x02, 0xCB, 0xFF,
  0xFF, 0xE4, 0x03, 0x00, 0x00, 0xB5, 0xFF, 0xFF, 0xE3, 0x01, 0x00, 0x00,
  0x00, 0x00, 0x00, 0x60, 0xFF, 0xFF, 0xFF, 0x39, 0x00, 0x00, 0xE7, 0xFF,
  0xFF, 0xAB, 0x00, 0x00, 0x00, 0x00, 0x00, 0x00, 0x24, 0xFF, 0xFF, 0xFF,
  0x6B, 0x00, 0x00, 0xFD, 0xFF, 0xFF, 0x91, 0x00, 0x00, 0x00, 0x00, 0x00,
  0x00, 0x0A, 0xFF, 0xFF, 0xFF, 0x81, 0x00, 0x04, 0xFF, 0xFF, 0xFF, 0x8C,
  0x00, 0x00, 0x00, 0x00, 0x00, 0x00, 0x04, 0xFF, 0xFF, 0xFF, 0x88, 0x00,
  0x00, 0xFD, 0xFF, 0xFF, 0x92, 0x00, 0x00, 0x00, 0x00, 0x00, 0x00, 0x0A,
  0xFF, 0xFF, 0xFF, 0x81, 0x00, 0x00, 0xE7, 0xFF, 0xFF, 0xAB, 0x00, 0x00,
  0x00, 0x00, 0x00, 0x00, 0x24, 0xFF, 0xFF, 0xFF, 0x6B, 0x00, 0x00, 0xB5,
  0xFF, 0xFF, 0xE6, 0x02, 0x00, 0x00, 0x00, 0x00, 0x00, 0x60, 0xFF, 0xFF,
  0xFF, 0x3A, 0x00, 0x00, 0x65, 0xFF, 0xFF, 0xFF, 0x54, 0x00, 0x00, 0x00,
  0x00, 0x02, 0xCA, 0xFF, 0xFF, 0xE8, 0x03, 0x00, 0x00, 0x09, 0xE3, 0xFF,
  0xFF, 0xED, 0x45, 0x00, 0x00, 0x0D, 0x9E, 0xFF, 0xFF, 0xFF, 0x74, 0x00,
  0x00, 0x00, 0x00, 0x44, 0xFB, 0xFF, 0xFF, 0xFF, 0xE3, 0xD0, 0xF6, 0xFF,
  0xFF, 0xFF, 0xC3, 0x05, 0x00, 0x00, 0x00, 0x00, 0x00, 0x4B, 0xEF, 0xFF,
  0xFF, 0xFF, 0xFF, 0xFF, 0xFF, 0xFF, 0xDA, 0x0F, 0x00, 0x00, 0x00, 0x00,
  0x00, 0x00, 0x00, 0x14, 0x7F, 0xCD, 0xF5, 0xFD, 0xFA, 0xFF, 0xFF, 0xFF,
  0x8C, 0x03, 0x00, 0x00, 0x00, 0x00, 0x00, 0x00, 0x00, 0x00, 0x00, 0x00,
  0x00, 0x0D, 0xB5, 0xFF, 0xFF, 0xFF, 0xB7, 0x10, 0x00, 0x00, 0x00, 0x00,
  0x00, 0x00, 0x00, 0x00, 0x00, 0x00, 0x00, 0x03, 0x90, 0xFF, 0xFF, 0xCA,
  0x14, 0x00, 0x00, 0x00, 0x00, 0x00, 0x00, 0x00, 0x00, 0x00, 0x00, 0x00,
  0x00, 0x00, 0x69, 0xB2, 0x0B, 0x00, 0x00, 0x00, 0x78, 0xFF, 0xFF, 0xFF,
  0xFF, 0xFF, 0xFF, 0xF9, 0xDF, 0xA7, 0x44, 0x00, 0x00, 0x00, 0x00, 0x78,
  0xFF, 0xFF, 0xFF, 0xFF, 0xFF, 0xFF, 0xFF, 0xFF, 0xFF, 0xFF, 0x9F, 0x03,
  0x00, 0x00, 0x78, 0xFF, 0xFF, 0xFF, 0xC3, 0xC0, 0xC0, 0xCF, 0xFC, 0xFF,
  0xFF, 0xFF, 0x7B, 0x00, 0x00, 0x78, 0xFF, 0xFF, 0xFF, 0x0C, 0x00, 0x00,
  0x00, 0x28, 0xE9, 0xFF, 0xFF, 0xEB, 0x02, 0x00, 0x78, 0xFF, 0xFF, 0xFF,
  0x0C, 0x00, 0x00, 0x00, 0x00, 0x7B, 0xFF, 0xFF, 0xFF, 0x22, 0x00, 0x78,
  0xFF, 0xFF, 0xFF, 0x0C, 0x00, 0x00, 0x00, 0x00, 0x57, 0xFF, 0xFF, 0xFF,
  0x2C, 0x00, 0x78, 0xFF, 0xFF, 0xFF, 0x0C, 0x00, 0x00, 0x00, 0x00, 0x7B,
  0xFF, 0xFF, 0xFF, 0x13, 0x00, 0x78, 0xFF, 0xFF, 0xFF, 0x0C, 0x00, 0x00,
  0x00, 0x2B, 0xEA, 0xFF, 0xFF, 0xCA, 0x00, 0x00, 0x78, 0xFF, 0xFF, 0xFF,
  0xC3, 0xC0, 0xC0, 0xCF, 0xFD, 0xFF, 0xFF, 0xFB, 0x3C, 0x00, 0x00, 0x78,
  0xFF, 0xFF, 0xFF, 0xFF, 0xFF, 0xFF, 0xFF, 0xFF, 0xFF, 0xE7, 0x47, 0x00,
  0x00, 0x00, 0x78, 0xFF, 0xFF, 0xFF, 0xFF, 0xFF, 0xFF, 0xFF, 0xFF, 0xFF,
  0x60, 0x00, 0x00, 0x00, 0x00, 0x78, 0xFF, 0xFF, 0xFF, 0x0C, 0x00, 0x05,
  0xDA, 0xFF, 0xFF, 0xDE, 0x06, 0x00, 0x00, 0x00, 0x78, 0xFF, 0xFF, 0xFF,
  0x0C, 0x00, 0x00, 0x57, 0xFF, 0xFF, 0xFF, 0x70, 0x00, 0x00, 0x00, 0x78,
  0xFF, 0xFF, 0xFF, 0x0C, 0x00, 0x00, 0x01, 0xCD, 0xFF, 0xFF, 0xEE, 0x11,
  0x00, 0x00, 0x78, 0xFF, 0xFF, 0xFF, 0x0C, 0x00, 0x00, 0x00, 0x46, 0xFF,
  0xFF, 0xFF, 0x8B, 0x00, 0x00, 0x78, 0xFF, 0xFF, 0xFF, 0x0C, 0x00, 0x00,
  0x00, 0x00, 0xBE, 0xFF, 0xFF, 0xF9, 0x20, 0x00, 0x78, 0xFF, 0xFF, 0xFF,
  0x0C, 0x00, 0x00, 0x00, 0x00, 0x35, 0xFF, 0xFF, 0xFF, 0xA4, 0x00, 0x00,
  0x00, 0x0F, 0x75, 0xC3, 0xEF, 0xFD, 0xF5, 0xCE, 0x85, 0x19, 0x00, 0x00,
  0x00, 0x00, 0x00, 0x3B, 0xE8, 0xFF, 0xFF, 0xFF, 0xFF, 0xFF, 0xFF, 0xFF,
  0xF2, 0x4F, 0x00, 0x00, 0x00, 0x18, 0xEF, 0xFF, 0xFF, 0xFF, 0xD7, 0xB7,
  0xCD, 0xFF, 0xFF, 0xFF, 0xF9, 0x2F, 0x00, 0x00, 0x7C, 0xFF, 0xFF, 0xFF,
  0x60, 0x00, 0x00, 0x00, 0x3A, 0xF6, 0xFF, 0xFF, 0xA6, 0x00, 0x00, 0xA4,
  0xFF, 0xFF, 0xE6, 0x00, 0x00, 0x00, 0x00, 0x00, 0xA7, 0xFF, 0xFF, 0xDD,
  0x00, 0x00, 0x8D, 0xFF, 0xFF, 0xFC, 0x31, 0x00, 0x00, 0x00, 0x00, 0x00,
  0x00, 0x00, 0x00, 0x00, 0x00, 0x2F, 0xFC, 0xFF, 0xFF, 0xF5, 0x85, 0x20,
  0x00, 0x00, 0x00, 0x00, 0x00, 0x00, 0x00, 0x00, 0x00, 0x64, 0xFB, 0xFF,
  0xFF, 0xFF, 0xFF, 0xCE, 0x76, 0x16, 0x00, 0x00, 0x00, 0x00, 0x00, 0x00,
  0x00, 0x32, 0xBC, 0xFF, 0xFF, 0xFF, 0xFF, 0xFF, 0xF7, 0x87, 0x07, 0x00,
  0x00, 0x00, 0x00, 0x00, 0x00, 0x00, 0x2D, 0x8C, 0xDE, 0xFF, 0xFF, 0xFF,
  0xFF, 0xC0, 0x08, 0x00, 0x00, 0x00, 0x00, 0x00, 0x00, 0x00, 0x00, 0x01,
  0x3D, 0xBE, 0xFF, 0xFF, 0xFF, 0x7D, 0x00, 0x29, 0xFF, 0xFF, 0xFF, 0x5F,
  0x00, 0x00, 0x00, 0x00, 0x03, 0xCD, 0xFF, 0xFF, 0xD3, 0x00, 0x09, 0xFA,
  0xFF, 0xFF, 0x98, 0x00, 0x00, 0x00, 0x00, 0x00, 0x9F, 0xFF, 0xFF, 0xE8,
  0x00, 0x00, 0xA9, 0xFF, 0xFF, 0xFA, 0x50, 0x00, 0x00, 0x00, 0x23, 0xEA,
  0xFF, 0xFF, 0xC9, 0x00, 0x00, 0x20, 0xED, 0xFF, 0xFF, 0xFF, 0xDD, 0xB7,
  0xC4, 0xFA, 0xFF, 0xFF, 0xFF, 0x64, 0x00, 0x00, 0x00, 0x2D, 0xD7, 0xFF,
  0xFF, 0xFF, 0xFF, 0xFF, 0xFF, 0xFF, 0xFF, 0x91, 0x01, 0x00, 0x00, 0x00,
  0x00, 0x05, 0x5E, 0xB3, 0xE7, 0xFE, 0xF8, 0xDB, 0xA0, 0x3B, 0x00, 0x00,
  0x00, 0x84, 0xFF, 0xFF, 0xFF, 0xFF, 0xFF, 0xFF, 0xFF, 0xFF, 0xFF, 0xFF,
  0xFF, 0xFF, 0xFF, 0x68, 0x84, 0xFF, 0xFF, 0xFF, 0xFF, 0xFF, 0xFF, 0xFF,
  0xFF, 0xFF, 0xFF, 0xFF, 0xFF, 0xFF, 0x68, 0x63, 0xC0, 0xC0, 0xC0, 0xC0,
  0xD6, 0xFF, 0xFF, 0xFF, 0xCA, 0xC0, 0xC0, 0xC0, 0xC0, 0x4E, 0x00, 0x00,
  0x00, 0x00, 0x00, 0x58, 0xFF, 0xFF, 0xFF, 0x28, 0x00, 0x00, 0x00, 0x00,
  0x00, 0x00, 0x00, 0x00, 0x00, 0x00, 0x58, 0xFF, 0xFF, 0xFF, 0x28, 0x00,
  0x00, 0x00, 0x00, 0x00, 0x00, 0x00, 0x00, 0x00, 0x00, 0x58, 0xFF, 0xFF,
  0xFF, 0x28, 0x00, 0x00, 0x00, 0x00, 0x00, 0x00, 0x00, 0x00, 0x00, 0x00,
  0x58, 0xFF, 0xFF, 0xFF, 0x28, 0x00, 0x00, 0x00, 0x00, 0x00, 0x00, 0x00,
  0x00, 0x00, 0x00, 0x58, 0xFF, 0xFF, 0xFF, 0x28, 0x00, 0x00, 0x00, 0x00,
  0x00, 0x00, 0x00, 0x00, 0x00, 0x00, 0x58, 0xFF, 0xFF, 0xFF, 0x28, 0x00,
  0x00, 0x00, 0x00, 0x00, 0x00, 0x00, 0x00, 0x00, 0x00, 0x58, 0xFF, 0xFF,
  0xFF, 0x28, 0x00, 0x00, 0x00, 0x00, 0x00, 0x00, 0x00, 0x00, 0x00, 0x00,
  0x58, 0xFF, 0xFF, 0xFF, 0x28, 0x00, 0x00, 0x00, 0x00, 0x00, 0x00, 0x00,
  0x00, 0x00, 0x00, 0x58, 0xFF, 0xFF, 0xFF, 0x28, 0x00, 0x00, 0x00, 0x00,
  0x00, 0x00, 0x00, 0x00, 0x00, 0x00, 0x58, 0xFF, 0xFF, 0xFF, 0x28, 0x00,
  0x00, 0x00, 0x00, 0x00, 0x00, 0x00, 0x00, 0x00, 0x00, 0x58, 0xFF, 0xFF,
  0xFF, 0x28, 0x00, 0x00, 0x00, 0x00, 0x00, 0x00, 0x00, 0x00, 0x00, 0x00,
  0x58, 0xFF, 0xFF, 0xFF, 0x28, 0x00, 0x00, 0x00, 0x00, 0x00, 0x00, 0x00,
  0x00, 0x00, 0x00, 0x58, 0xFF, 0xFF, 0xFF, 0x28, 0x00, 0x00, 0x00, 0x00,
  0x00, 0x00, 0x00, 0x00, 0x00, 0x00, 0x58, 0xFF, 0xFF, 0xFF, 0x28, 0x00,
  0x00, 0x00, 0x00, 0x00, 0x00, 0xA0, 0xFF, 0xFF, 0xE4, 0x00, 0x00, 0x00,
  0x00, 0x00, 0x0C, 0xFF, 0xFF, 0xFF, 0x74, 0x00, 0x00, 0xA0, 0xFF, 0xFF,
  0xE4, 0x00, 0x00, 0x00, 0x00, 0x00, 0x0C, 0xFF, 0xFF, 0xFF, 0x74, 0x00,
  0x00, 0xA0, 0xFF, 0xFF, 0xE4, 0x00, 0x00, 0x00, 0x00, 0x00, 0x0C, 0xFF,
  0xFF, 0xFF, 0x74, 0x00, 0x00, 0xA0, 0xFF, 0xFF, 0xE4, 0x00, 0x00, 0x00,
  0x00, 0x00, 0x0C, 0xFF, 0xFF, 0xFF, 0x74, 0x00, 0x00, 0xA0, 0xFF, 0xFF,
  0xE4, 0x00, 0x00, 0x00, 0x00, 0x00, 0x0C, 0xFF, 0xFF, 0xFF, 0x74, 0x00,
  0x00, 0xA0, 0xFF, 0xFF, 0xE4, 0x00, 0x00, 0x00, 0x00, 0x00, 0x0C, 0xFF,
  0xFF, 0xFF, 0x74, 0x00, 0x00, 0xA0, 0xFF, 0xFF, 0xE4, 0x00, 0x00, 0x00,
  0x00, 0x00, 0x0C, 0xFF, 0xFF, 0xFF, 0x74, 0x00, 0x00, 0xA0, 0xFF, 0xFF,
  0xE4, 0x00, 0x00, 0x00, 0x00, 0x00, 0x0C, 0xFF, 0xFF, 0xFF, 0x74, 0x00,
  0x00, 0xA0, 0xFF, 0xFF, 0xE4, 0x00, 0x00, 0x00, 0x00, 0x00, 0x0C, 0xFF,
  0xFF, 0xFF, 0x74, 0x00, 0x00, 0xA0, 0xFF, 0xFF, 0xE4, 0x00, 0x00, 0x00,
  0x00, 0x00, 0x0C, 0xFF, 0xFF, 0xFF, 0x74, 0x00, 0x00, 0xA0, 0xFF, 0xFF,
  0xE4, 0x00, 0x00, 0x00, 0x00, 0x00, 0x0C, 0xFF, 0xFF, 0xFF, 0x74, 0x00,
  0x00, 0x9A, 0xFF, 0xFF, 0xEB, 0x00, 0x00, 0x00, 0x00, 0x00, 0x13, 0xFF,
  0xFF, 0xFF, 0x6E, 0x00, 0x00, 0x7B, 0xFF, 0xFF, 0xFF, 0x1E, 0x00, 0x00,
  0x00, 0x00, 0x47, 0xFF, 0xFF, 0xFF, 0x4E, 0x00, 0x00, 0x30, 0xFF, 0xFF,
  0xFF, 0xB7, 0x0F, 0x00, 0x00, 0x1B, 0xD2, 0xFF, 0xFF, 0xF6, 0x0F, 0x00,
  0x00, 0x00, 0xA9, 0xFF, 0xFF, 0xFF, 0xF5, 0xC8, 0xCC, 0xFA, 0xFF, 0xFF,
  0xFF, 0x7B, 0x00, 0x00, 0x00, 0x00, 0x0A, 0xB4, 0xFF, 0xFF, 0xFF, 0xFF,
  0xFF, 0xFF, 0xFF, 0xFF, 0x91, 0x02, 0x00, 0x00, 0x00, 0x00, 0x00, 0x00,
  0x4B, 0xAB, 0xE3, 0xFB, 0xF9, 0xDC, 0xA0, 0x38, 0x00, 0x00, 0x00, 0x00,
  0xC0, 0xFF, 0xFF, 0xFF, 0x1F, 0x00, 0x00, 0x00, 0x00, 0x00, 0x00, 0x72,
  0xFF, 0xFF, 0xFF, 0x6E, 0x67, 0xFF, 0xFF, 0xFF, 0x6A, 0x00, 0x00, 0x00,
  0x00, 0x00, 0x00, 0xBF, 0xFF, 0xFF, 0xFD, 0x19, 0x13, 0xFB, 0xFF, 0xFF,
  0xB7, 0x00, 0x00, 0x00, 0x00, 0x00, 0x10, 0xFC, 0xFF, 0xFF, 0xBC, 0x00,
  0x00, 0xB5, 0xFF, 0xFF, 0xF8, 0x0B, 0x00, 0x00, 0x00, 0x00, 0x59, 0xFF,
  0xFF, 0xFF, 0x63, 0x00, 0x00, 0x5B, 0xFF, 0xFF, 0xFF, 0x50, 0x00, 0x00,
  0x00, 0x00, 0xA6, 0xFF, 0xFF, 0xF9, 0x11, 0x00, 0x00, 0x0D, 0xF6, 0xFF,
  0xFF, 0x9C, 0x00, 0x00, 0x00, 0x04, 0xEE, 0xFF, 0xFF, 0xB0, 0x00, 0x00,
  0x00, 0x00, 0xAA, 0xFF, 0xFF, 0xE8, 0x01, 0x00, 0x00, 0x3F, 0xFF, 0xFF,
  0xFF, 0x56, 0x00, 0x00, 0x00, 0x00, 0x52, 0xFF, 0xFF, 0xFF, 0x34, 0x00,
  0x00, 0x8C, 0xFF, 0xFF, 0xF4, 0x0A, 0x00, 0x00, 0x00, 0x00, 0x07, 0xF1,
  0xFF, 0xFF, 0x82, 0x00, 0x00, 0xD8, 0xFF, 0xFF, 0xA5, 0x00, 0x00, 0x00,
  0x00, 0x00, 0x00, 0x9F, 0xFF, 0xFF, 0xCE, 0x00, 0x26, 0xFF, 0xFF, 0xFF,
  0x4A, 0x00, 0x00, 0x00, 0x00, 0x00, 0x00, 0x46, 0xFF, 0xFF, 0xFF, 0x1B,
  0x72, 0xFF, 0xFF, 0xEC, 0x05, 0x00, 0x00, 0x00, 0x00, 0x00, 0x00, 0x04,
  0xEA, 0xFF, 0xFF, 0x67, 0xBE, 0xFF, 0xFF, 0x98, 0x00, 0x00, 0x00, 0x00,
  0x00, 0x00, 0x00, 0x00, 0x94, 0xFF, 0xFF, 0xC3, 0xFC, 0xFF, 0xFF, 0x3E,
  0x00, 0x00, 0x00, 0x00, 0x00, 0x00, 0x00, 0x00, 0x3C, 0xFF, 0xFF, 0xFF,
  0xFF, 0xFF, 0xE3, 0x02, 0x00, 0x00, 0x00, 0x00, 0x00, 0x00, 0x00, 0x00,
  0x01, 0xE1, 0xFF, 0xFF, 0xFF, 0xFF, 0x8B, 0x00, 0x00, 0x00, 0x00, 0x00,
  0x00, 0x00, 0x00, 0x00, 0x00, 0x8A, 0xFF, 0xFF, 0xFF, 0xFF, 0x32, 0x00,
  0x00, 0x00, 0x00, 0x00, 0x00, 0x00, 0x00, 0x00, 0x00, 0x30, 0xFF, 0xFF,
  0xFF, 0xD8, 0x00, 0x00, 0x00, 0x00, 0x00, 0x00, 0x7C, 0xFF, 0xFF, 0xF9,
  0x05, 0x00, 0x00, 0x00, 0x17, 0xFF, 0xFF, 0xFF, 0x1F, 0x00, 0x00, 0x00,
  0x02, 0xF4, 0xFF, 0xFF, 0x80, 0x42, 0xFF, 0xFF, 0xFF, 0x2F, 0x00, 0x00,
  0x00, 0x53, 0xFF, 0xFF, 0xFF, 0x5C, 0x00, 0x00, 0x00, 0x26, 0xFF, 0xFF,
  0xFF, 0x46, 0x0D, 0xFD, 0xFF, 0xFF, 0x62, 0x00, 0x00, 0x00, 0x90, 0xFF,
  0xFF, 0xFF, 0x99, 0x00, 0x00, 0x00, 0x5A, 0xFF, 0xFF, 0xFE, 0x10, 0x00,
  0xD0, 0xFF, 0xFF, 0x95, 0x00, 0x00, 0x00, 0xCC, 0xFF, 0xFF, 0xFF, 0xD4,
  0x00, 0x00, 0x00, 0x8A, 0xFF, 0xFF, 0xD6, 0x00, 0x00, 0x98, 0xFF, 0xFF,
  0xC6, 0x00, 0x00, 0x0D, 0xFD, 0xFF, 0xFF, 0xFF, 0xFF, 0x14, 0x00, 0x00,
  0xBE, 0xFF, 0xFF, 0x9C, 0x00, 0x00, 0x5E, 0xFF, 0xFF, 0xF6, 0x03, 0x00,
  0x45, 0xFF, 0xFF, 0xFF, 0xFF, 0xFF, 0x50, 0x00, 0x01, 0xEE, 0xFF, 0xFF,
  0x64, 0x00, 0x00, 0x24, 0xFF, 0xFF, 0xFF, 0x2A, 0x00, 0x83, 0xFF, 0xFF,
  0xAF, 0xFF, 0xFF, 0x8C, 0x00, 0x22, 0xFF, 0xFF, 0xFF, 0x2D, 0x00, 0x00,
  0x01, 0xEB, 0xFF, 0xFF, 0x5E, 0x00, 0xC0, 0xFF, 0xFF, 0x31, 0xFF, 0xFF,
  0xCA, 0x00, 0x52, 0xFF, 0xFF, 0xF0, 0x02, 0x00, 0x00, 0x00, 0xB2, 0xFF,
  0xFF, 0x90, 0x06, 0xF6, 0xFF, 0xDC, 0x00, 0xD4, 0xFF, 0xFB, 0x0B, 0x85,
  0xFF, 0xFF, 0xBB, 0x00, 0x00, 0x00, 0x00, 0x79, 0xFF, 0xFF, 0xC2, 0x3A,
  0xFF, 0xFF, 0x9C, 0x00, 0x94, 0xFF, 0xFF, 0x44, 0xB6, 0xFF, 0xFF, 0x82,
  0x00, 0x00, 0x00, 0x00, 0x40, 0xFF, 0xFF, 0xF3, 0x78, 0xFF, 0xFF, 0x5C,
  0x00, 0x54, 0xFF, 0xFF, 0x80, 0xEA, 0xFF, 0xFF, 0x49, 0x00, 0x00, 0x00,
  0x00, 0x0A, 0xFB, 0xFF, 0xFF, 0xD8, 0xFF, 0xFF, 0x1C, 0x00, 0x15, 0xFF,
  0xFF, 0xD8, 0xFF, 0xFF, 0xFF, 0x11, 0x00, 0x00, 0x00, 0x00, 0x00, 0xCE,
  0xFF, 0xFF, 0xFF, 0xFF, 0xDC, 0x00, 0x00, 0x00, 0xD4, 0xFF, 0xFF, 0xFF,
  0xFF, 0xD8, 0x00, 0x00, 0x00, 0x00, 0x00, 0x00, 0x93, 0xFF, 0xFF, 0xFF,
  0xFF, 0x9E, 0x00, 0x00, 0x00, 0x94, 0xFF, 0xFF, 0xFF, 0xFF, 0x9E, 0x00,
  0x00, 0x00, 0x00, 0x00, 0x00, 0x5B, 0xFF, 0xFF, 0xFF, 0xFF, 0x60, 0x00,
  0x00, 0x00, 0x54, 0xFF, 0xFF, 0xFF, 0xFF, 0x66, 0x00, 0x00, 0x00, 0x00,
  0x00, 0x00, 0x22, 0xFF, 0xFF, 0xFF, 0xFF, 0x20, 0x00, 0x00, 0x00, 0x15,
  0xFF, 0xFF, 0xFF, 0xFF, 0x2D, 0x00, 0x00, 0x00, 0x00, 0x00, 0x00, 0x00,
  0xE8, 0xFF, 0xFF, 0xE0, 0x00, 0x00, 0x00, 0x00, 0x00, 0xD4, 0xFF, 0xFF,
  0xF2, 0x02, 0x00, 0x00, 0x00, 0x54, 0xFF, 0xFF, 0xFF, 0xB1, 0x00, 0x00,
  0x00, 0x00, 0x00, 0x6D, 0xFF, 0xFF, 0xFF, 0x92, 0x00, 0xBD, 0xFF, 0xFF,
  0xFF, 0x3B, 0x00, 0x00, 0x00, 0x0E, 0xEB, 0xFF, 0xFF, 0xEA, 0x10, 0x00,
  0x2C, 0xFC, 0xFF, 0xFF, 0xC5, 0x00, 0x00, 0x00, 0x83, 0xFF, 0xFF, 0xFF,
  0x63, 0x00, 0x00, 0x00, 0x92, 0xFF, 0xFF, 0xFF, 0x4F, 0x00, 0x19, 0xF4,
  0xFF, 0xFF, 0xCB, 0x02, 0x00, 0x00, 0x00, 0x0F, 0xEA, 0xFF, 0xFF, 0xD6,
  0x03, 0x99, 0xFF, 0xFF, 0xFF, 0x39, 0x00, 0x00, 0x00, 0x00, 0x00, 0x63,
  0xFF, 0xFF, 0xFF, 0x8B, 0xFC, 0xFF, 0xFF, 0xA1, 0x00, 0x00, 0x00, 0x00,
  0x00, 0x00, 0x02, 0xCA, 0xFF, 0xFF, 0xFF, 0xFF, 0xFF, 0xF3, 0x18, 0x00,
  0x00, 0x00, 0x00, 0x00, 0x00, 0x00, 0x37, 0xFE, 0xFF, 0xFF, 0xFF, 0xFF,
  0x75, 0x00, 0x00, 0x00, 0x00, 0x00, 0x00, 0x00, 0x00, 0x00, 0xCF, 0xFF,
  0xFF, 0xFF, 0xFC, 0x13, 0x00, 0x00, 0x00, 0x00, 0x00, 0x00, 0x00, 0x00,
  0x49, 0xFF, 0xFF, 0xFF, 0xFF, 0xFF, 0x88, 0x00, 0x00, 0x00, 0x00, 0x00,
  0x00, 0x00, 0x07, 0xDB, 0xFF, 0xFF, 0xFF, 0xFF, 0xFF, 0xFA, 0x28, 0x00,
  0x00, 0x00, 0x00, 0x00, 0x00, 0x7A, 0xFF, 0xFF, 0xFF, 0x70, 0xF7, 0xFF,
  0xFF, 0xB8, 0x00, 0x00, 0x00, 0x00, 0x00, 0x1D, 0xF5, 0xFF, 0xFF, 0xC6,
  0x01, 0x87, 0xFF, 0xFF, 0xFF, 0x52, 0x00, 0x00, 0x00, 0x00, 0xAB, 0xFF,
  0xFF, 0xFF, 0x3D, 0x00, 0x0F, 0xEC, 0xFF, 0xFF, 0xDF, 0x09, 0x00, 0x00,
  0x44, 0xFF, 0xFF, 0xFF, 0xB0, 0x00, 0x00, 0x00, 0x6E, 0xFF, 0xFF, 0xFF,
  0x80, 0x00, 0x05, 0xD8, 0xFF, 0xFF, 0xFC, 0x28, 0x00, 0x00, 0x00, 0x06,
  0xDC, 0xFF, 0xFF, 0xF7, 0x21, 0x74, 0xFF, 0xFF, 0xFF, 0x9A, 0x00, 0x00,
  0x00, 0x00, 0x00, 0x56, 0xFF, 0xFF, 0xFF, 0xAF, 0xB6, 0xFF, 0xFF, 0xFC,
  0x1F, 0x00, 0x00, 0x00, 0x00, 0x00, 0x3C, 0xFF, 0xFF, 0xFF, 0x91, 0x32,
  0xFF, 0xFF, 0xFF, 0x91, 0x00, 0x00, 0x00, 0x00, 0x00, 0xB2, 0xFF, 0xFF,
  0xF5, 0x18, 0x00, 0xAB, 0xFF, 0xFF, 0xF5, 0x12, 0x00, 0x00, 0x00, 0x28,
  0xFE, 0xFF, 0xFF, 0x88, 0x00, 0x00, 0x28, 0xFD, 0xFF, 0xFF, 0x7C, 0x00,
  0x00, 0x00, 0x9C, 0xFF, 0xFF, 0xF1, 0x12, 0x00, 0x00, 0x00, 0xA1, 0xFF,
  0xFF, 0xEA, 0x08, 0x00, 0x19, 0xF8, 0xFF, 0xFF, 0x7E, 0x00, 0x00, 0x00,
  0x00, 0x21, 0xFA, 0xFF, 0xFF, 0x66, 0x00, 0x88, 0xFF, 0xFF, 0xEC, 0x0E,
  0x00, 0x00, 0x00, 0x00, 0x00, 0x97, 0xFF, 0xFF, 0xDB, 0x0F, 0xF0, 0xFF,
  0xFF, 0x75, 0x00, 0x00, 0x00, 0x00, 0x00, 0x00, 0x19, 0xF7, 0xFF, 0xFF,
  0xBD, 0xFF, 0xFF, 0xE7, 0x09, 0x00, 0x00, 0x00, 0x00, 0x00, 0x00, 0x00,
  0x8D, 0xFF, 0xFF, 0xFF, 0xFF, 0xFF, 0x6B, 0x00, 0x00, 0x00, 0x00, 0x00,
  0x00, 0x00, 0x00, 0x14, 0xF2, 0xFF, 0xFF, 0xFF, 0xE0, 0x06, 0x00, 0x00,
  0x00, 0x00, 0x00, 0x00, 0x00, 0x00, 0x00, 0x84, 0xFF, 0xFF, 0xFF, 0x64,
  0x00, 0x00, 0x00, 0x00, 0x00, 0x00, 0x00, 0x00, 0x00, 0x00, 0x58, 0xFF,
  0xFF, 0xFF, 0x38, 0x00, 0x00, 0x00, 0x00, 0x00, 0x00, 0x00, 0x00, 0x00,
  0x00, 0x58, 0xFF, 0xFF, 0xFF, 0x38, 0x00, 0x00, 0x00, 0x00, 0x00, 0x00,
  0x00, 0x00, 0x00, 0x00, 0x58, 0xFF, 0xFF, 0xFF, 0x38, 0x00, 0x00, 0x00,
  0x00, 0x00, 0x00, 0x00, 0x00, 0x00, 0x00, 0x58, 0xFF, 0xFF, 0xFF, 0x38,
  0x00, 0x00, 0x00, 0x00, 0x00, 0x00, 0x00, 0x00, 0x00, 0x00, 0x58, 0xFF,
  0xFF, 0xFF, 0x38, 0x00, 0x00, 0x00, 0x00, 0x00, 0x00, 0x00, 0x00, 0x00,
  0x00, 0x58, 0xFF, 0xFF, 0xFF, 0x38, 0x00, 0x00, 0x00, 0x00, 0x00, 0x20,
  0xFF, 0xFF, 0xFF, 0xFF, 0xFF, 0xFF, 0xFF, 0xFF, 0xFF, 0xFF, 0xFF, 0xFF,
  0xB0, 0x00, 0x20, 0xFF, 0xFF, 0xFF, 0xFF, 0xFF, 0xFF, 0xFF, 0xFF, 0xFF,
  0xFF, 0xFF, 0xFF, 0xB0, 0x00, 0x18, 0xC0, 0xC0, 0xC0, 0xC0, 0xC0, 0xC0,
  0xC0, 0xC0, 0xED, 0xFF, 0xFF, 0xFF, 0x50, 0x00, 0x00, 0x00, 0x00, 0x00,
  0x00, 0x00, 0x00, 0x00, 0x2D, 0xF8, 0xFF, 0xFF, 0x9F, 0x00, 0x00, 0x00,
  0x00, 0x00, 0x00, 0x00, 0x00, 0x00, 0x06, 0xD0, 0xFF, 0xFF, 0xE0, 0x0E,
  0x00, 0x00, 0x00, 0x00, 0x00, 0x00, 0x00, 0x00, 0x00, 0x88, 0xFF, 0xFF,
  0xFE, 0x40, 0x00, 0x00, 0x00, 0x00, 0x00, 0x00, 0x00, 0x00, 0x00, 0x3D,
  0xFD, 0xFF, 0xFF, 0x8F, 0x00, 0x00, 0x00, 0x00, 0x00, 0x00, 0x00, 0x00,
  0x00, 0x0E, 0xE0, 0xFF, 0xFF, 0xD6, 0x08, 0x00, 0x00, 0x00, 0x00, 0x00,
  0x00, 0x00, 0x00, 0x00, 0xA0, 0xFF, 0xFF, 0xFB, 0x33, 0x00, 0x00, 0x00,
  0x00, 0x00, 0x00, 0x00, 0x00, 0x00, 0x52, 0xFF, 0xFF, 0xFF, 0x7E, 0x00,
  0x00, 0x00, 0x00, 0x00, 0x00, 0x00, 0x00, 0x00, 0x18, 0xEC, 0xFF, 0xFF,
  0xCA, 0x04, 0x00, 0x00, 0x00, 0x00, 0x00, 0x00, 0x00, 0x00, 0x01, 0xB6,
  0xFF, 0xFF, 0xF6, 0x27, 0x00, 0x00, 0x00, 0x00, 0x00, 0x00, 0x00, 0x00,
  0x00, 0x6A, 0xFF, 0xFF, 0xFF, 0x6E, 0x00, 0x00, 0x00, 0x00, 0x00, 0x00,
  0x00, 0x00, 0x00, 0x26, 0xF5, 0xFF, 0xFF, 0xBC, 0x01, 0x00, 0x00, 0x00,
  0x00, 0x00, 0x00, 0x00, 0x00, 0x04, 0xCA, 0xFF, 0xFF, 0xFF, 0xD4, 0xC0,
  0xC0, 0xC0, 0xC0, 0xC0, 0xC0, 0xC0, 0xA5, 0x00, 0x24, 0xFF, 0xFF, 0xFF,
  0xFF, 0xFF, 0xFF, 0xFF, 0xFF, 0xFF, 0xFF, 0xFF, 0xFF, 0xDC, 0x00, 0x24,
  0xFF, 0xFF, 0xFF, 0xFF, 0xFF, 0xFF, 0xFF, 0xFF, 0xFF, 0xFF, 0xFF, 0xFF,
  0xDC, 0x00, 0xFC, 0xFF, 0xFF, 0xFF, 0xFF, 0xFF, 0xFF, 0xFF, 0xFF, 0xFF,
  0xA8, 0xFC, 0xFF, 0xFF, 0xFF, 0xFF, 0xFF, 0xFF, 0xFF, 0xFF, 0xFF, 0xA8,
  0x8E, 0x90, 0x90, 0x90, 0x90, 0x90, 0x90, 0x90, 0x90, 0x90, 0x5F, 0x00,
  0x00, 0x03, 0x60, 0xBF, 0xF0, 0xFD, 0xEC, 0xB4, 0x4A, 0x00, 0x00, 0x00,
  0x00, 0x0A, 0xC0, 0xFF, 0xFF, 0xFF, 0xFF, 0xFF, 0xFF, 0xFF, 0x7E, 0x00,
  0x00, 0x00, 0x8D, 0xFF, 0xFF, 0xFB, 0x97, 0x79, 0xD0, 0xFF, 0xFF, 0xFE,
  0x2B, 0x00, 0x00, 0xE2, 0xFF, 0xFF, 0x8F, 0x00, 0x00, 0x10, 0xF7, 0xFF,
  0xFF, 0x79, 0x00, 0x00, 0x04, 0x04, 0x04, 0x02, 0x00, 0x00, 0x00, 0xDA,
  0xFF, 0xFF, 0x8F, 0x00, 0x00, 0x00, 0x1D, 0x8B, 0xCF, 0xF2, 0xFF, 0xFF,
  0xFF, 0xFF, 0xFF, 0x90, 0x00, 0x00, 0x3C, 0xF2, 0xFF, 0xFF, 0xFF, 0xED,
  0xE8, 0xFF, 0xFF, 0xFF, 0x90, 0x00, 0x02, 0xDD, 0xFF, 0xFF, 0xC2, 0x1F,
  0x00, 0x00, 0xD8, 0xFF, 0xFF, 0x90, 0x00, 0x28, 0xFF, 0xFF, 0xFF, 0x3A,
  0x00, 0x00, 0x00, 0xD8, 0xFF, 0xFF, 0x90, 0x00, 0x31, 0xFF, 0xFF, 0xFF,
  0x4B, 0x00, 0x00, 0x26, 0xFA, 0xFF, 0xFF, 0x90, 0x00, 0x08, 0xF0, 0xFF,
  0xFF, 0xED, 0x90, 0x9B, 0xF2, 0xFF, 0xFF, 0xFF, 0x93, 0x00, 0x00, 0x5F,
  0xFF, 0xFF, 0xFF, 0xFF, 0xFF, 0xFE, 0xEC, 0xFF, 0xFF, 0xAC, 0x00, 0x00,
  0x00, 0x46, 0xBF, 0xF5, 0xF9, 0xC6, 0x44, 0x86, 0xFF, 0xFF, 0xEC, 0x05,
  0x00, 0xB0, 0xFF, 0xFF, 0xB0, 0x00, 0x00, 0x00, 0x00, 0x00, 0x00, 0x00,
  0x00, 0x00, 0x00, 0xB0, 0xFF, 0xFF, 0xB0, 0x00, 0x00, 0x00, 0x00, 0x00,
  0x00, 0x00, 0x00, 0x00, 0x00, 0xB0, 0xFF, 0xFF, 0xB0, 0x00, 0x00, 0x00,
  0x00, 0x00, 0x00, 0x00, 0x00, 0x00, 0x00, 0xB0, 0xFF, 0xFF, 0xB0, 0x00,
  0x00, 0x00, 0x00, 0x00, 0x00, 0x00, 0x00, 0x00, 0x00, 0xB0, 0xFF, 0xFF,
  0xB0, 0x00, 0x00, 0x00, 0x00, 0x00, 0x00, 0x00, 0x00, 0x00, 0x00, 0xB0,
  0xFF, 0xFF, 0xB0, 0x57, 0xD0, 0xFC, 0xF2, 0xB5, 0x36, 0x00, 0x00, 0x00,
  0x00, 0xB0, 0xFF, 0xFF, 0xF2, 0xFF, 0xFF, 0xFF, 0xFF, 0xFF, 0xFA, 0x46,
  0x00, 0x00, 0x00, 0xB0, 0xFF, 0xFF, 0xFF, 0xF3, 0xB4, 0xBB, 0xFD, 0xFF,
  0xFF, 0xE6, 0x08, 0x00, 0x00, 0xB0, 0xFF, 0xFF, 0xEB, 0x1F, 0x00, 0x00,
  0x5E, 0xFF, 0xFF, 0xFF, 0x54, 0x00, 0x00, 0xB0, 0xFF, 0xFF, 0xB7, 0x00,
  0x00, 0x00, 0x01, 0xE1, 0xFF, 0xFF, 0x8F, 0x00, 0x00, 0xB0, 0xFF, 0xFF,
  0xB0, 0x00, 0x00, 0x00, 0x00, 0xB5, 0xFF, 0xFF, 0xAE, 0x00, 0x00, 0xB0,
  0xFF, 0xFF, 0xB0, 0x00, 0x00, 0x00, 0x00, 0xAA, 0xFF, 0xFF, 0xB8, 0x00,
  0x00, 0xB0, 0xFF, 0xFF, 0xB0, 0x00, 0x00, 0x00, 0x00, 0xB4, 0xFF, 0xFF,
  0xAE, 0x00, 0x00, 0xB0, 0xFF, 0xFF, 0xB8, 0x00, 0x00, 0x00, 0x00, 0xDE,
  0xFF, 0xFF, 0x8F, 0x00, 0x00, 0xB0, 0xFF, 0xFF, 0xEB, 0x1F, 0x00, 0x00,
  0x4E, 0xFF, 0xFF, 0xFF, 0x53, 0x00, 0x00, 0xB0, 0xFF, 0xFF, 0xFF, 0xF3,
  0xB3, 0xBA, 0xFB, 0xFF, 0xFF, 0xE5, 0x08, 0x00, 0x00, 0xB0, 0xFF, 0xFF,
  0xDB, 0xFF, 0xFF, 0xFF, 0xFF, 0xFF, 0xF9, 0x45, 0x00, 0x00, 0x00, 0xB0,
  0xFF, 0xFF, 0x68, 0x57, 0xCF, 0xFB, 0xF2, 0xB5, 0x34, 0x00, 0x00, 0x00,
  0x00, 0x00, 0x00, 0x39, 0xAD, 0xEB, 0xFD, 0xEE, 0xB8, 0x46, 0x00, 0x00,
  0x00, 0x00, 0x00, 0x70, 0xFE, 0xFF, 0xFF, 0xFF, 0xFF, 0xFF, 0xFF, 0x81,
  0x00, 0x00, 0x00, 0x3D, 0xFE, 0xFF, 0xFF, 0xDC, 0xA9, 0xDC, 0xFF, 0xFF,
  0xFF, 0x42, 0x00, 0x00, 0xBA, 0xFF, 0xFF, 0xC9, 0x08, 0x00, 0x07, 0xC5,
  0xFF, 0xFF, 0xA8, 0x00, 0x09, 0xFB, 0xFF, 0xFF, 0x5C, 0x00, 0x00, 0x00,
  0x5F, 0xFF, 0xFF, 0xD5, 0x00, 0x2C, 0xFF, 0xFF, 0xFF, 0x33, 0x00, 0x00,
  0x00, 0x00, 0x00, 0x00, 0x00, 0x00, 0x38, 0xFF, 0xFF, 0xFF, 0x28, 0x00,
  0x00, 0x00, 0x00, 0x00, 0x00, 0x00, 0x00, 0x2D, 0xFF, 0xFF, 0xFF, 0x33,
  0x00, 0x00, 0x00, 0x00, 0x00, 0x00, 0x00, 0x00, 0x09, 0xFB, 0xFF, 0xFF,
  0x5A, 0x00, 0x00, 0x00, 0x5D, 0xFF, 0xFF, 0xD5, 0x00, 0x00, 0xBA, 0xFF,
  0xFF, 0xC6, 0x07, 0x00, 0x07, 0xC3, 0xFF, 0xFF, 0xA2, 0x00, 0x00, 0x3D,
  0xFE, 0xFF, 0xFF, 0xDC, 0xA9, 0xDC, 0xFF, 0xFF, 0xFD, 0x33, 0x00, 0x00,
  0x00, 0x70, 0xFE, 0xFF, 0xFF, 0xFF, 0xFF, 0xFF, 0xFD, 0x68, 0x00, 0x00,
  0x00, 0x00, 0x00, 0x39, 0xAD, 0xE9, 0xFD, 0xEC, 0xB0, 0x38, 0x00, 0x00,
  0x00, 0x00, 0x00, 0x00, 0x00, 0x00, 0x00, 0x00, 0x00, 0x34, 0xFF, 0xFF,
  0xFF, 0x34, 0x00, 0x00, 0x00, 0x00, 0x00, 0x00, 0x00, 0x00, 0x00, 0x34,
  0xFF, 0xFF, 0xFF, 0x34, 0x00, 0x00, 0x00, 0x00, 0x00, 0x00, 0x00, 0x00,
  0x00, 0x34, 0xFF, 0xFF, 0xFF, 0x34, 0x00, 0x00, 0x00, 0x00, 0x00, 0x00,
  0x00, 0x00, 0x00, 0x34, 0xFF, 0xFF, 0xFF, 0x34, 0x00, 0x00, 0x00, 0x00,
  0x00, 0x00, 0x00, 0x00, 0x00, 0x34, 0xFF, 0xFF, 0xFF, 0x34, 0x00, 0x00,
  0x00, 0x04, 0x73, 0xD6, 0xFD, 0xED, 0x9E, 0x49, 0xFF, 0xFF, 0xFF, 0x34,
  0x00, 0x00, 0x01, 0xAF, 0xFF, 0xFF, 0xFF, 0xFF, 0xFF, 0xF2, 0xFF, 0xFF,
  0xFF, 0x34, 0x00, 0x00, 0x5F, 0xFF, 0xFF, 0xFF, 0xE8, 0xAE, 0xD3, 0xFF,
  0xFF, 0xFF, 0xFF, 0x34, 0x00, 0x00, 0xC9, 0xFF, 0xFF, 0xDC, 0x12, 0x00,
  0x01, 0x8E, 0xFF, 0xFF, 0xFF, 0x34, 0x00, 0x0E, 0xFE, 0xFF, 0xFF, 0x6C,
  0x00, 0x00, 0x00, 0x3A, 0xFF, 0xFF, 0xFF, 0x34, 0x00, 0x2D, 0xFF, 0xFF,
  0xFF, 0x39, 0x00, 0x00, 0x00, 0x34, 0xFF, 0xFF, 0xFF, 0x34, 0x00, 0x38,
  0xFF, 0xFF, 0xFF, 0x2A, 0x00, 0x00, 0x00, 0x34, 0xFF, 0xFF, 0xFF, 0x34,
  0x00, 0x2D, 0xFF, 0xFF, 0xFF, 0x35, 0x00, 0x00, 0x00, 0x34, 0xFF, 0xFF,
  0xFF, 0x34, 0x00, 0x0C, 0xFE, 0xFF, 0xFF, 0x66, 0x00, 0x00, 0x00, 0x39,
  0xFF, 0xFF, 0xFF, 0x34, 0x00, 0x00, 0xC7, 0xFF, 0xFF, 0xD6, 0x0D, 0x00,
  0x00, 0x8B, 0xFF, 0xFF, 0xFF, 0x34, 0x00, 0x00, 0x5A, 0xFF, 0xFF, 0xFF,
  0xE4, 0xAD, 0xD2, 0xFF, 0xFF, 0xFF, 0xFF, 0x34, 0x00, 0x00, 0x01, 0xA6,
  0xFF, 0xFF, 0xFF, 0xFF, 0xFF, 0xDB, 0xFF, 0xFF, 0xFF, 0x34, 0x00, 0x00,
  0x00, 0x03, 0x71, 0xD7, 0xFD, 0xED, 0x9D, 0x15, 0xEC, 0xFF, 0xFF, 0x34,
  0x00, 0x00, 0x00, 0x00, 0x23, 0x9A, 0xE0, 0xFD, 0xF3, 0xC2, 0x59, 0x00,
  0x00, 0x00, 0x00, 0x00, 0x4C, 0xF5, 0xFF, 0xFF, 0xFF, 0xFF, 0xFF, 0xFF,
  0x9D, 0x01, 0x00, 0x00, 0x21, 0xF4, 0xFF, 0xFF, 0xEE, 0xAC, 0xC7, 0xFF,
  0xFF, 0xFF, 0x63, 0x00, 0x00, 0x9D, 0xFF, 0xFF, 0xE9, 0x1C, 0x00, 0x00,
  0x8B, 0xFF, 0xFF, 0xDC, 0x00, 0x01, 0xEE, 0xFF, 0xFF, 0x80, 0x00, 0x00,
  0x00, 0x18, 0xFF, 0xFF, 0xFF, 0x25, 0x1C, 0xFF, 0xFF, 0xFF, 0x7A, 0x40,
  0x40, 0x40, 0x40, 0xFC, 0xFF, 0xFF, 0x4E, 0x2B, 0xFF, 0xFF, 0xFF, 0xFF,
  0xFF, 0xFF, 0xFF, 0xFF, 0xFF, 0xFF, 0xFF, 0x5B, 0x23, 0xFF, 0xFF, 0xFF,
  0xFF, 0xFF, 0xFF, 0xFF, 0xFF, 0xFF, 0xFF, 0xFF, 0x5C, 0x05, 0xF5, 0xFF,
  0xFF, 0x89, 0x00, 0x00, 0x00, 0x00, 0x00, 0x01, 0x00, 0x00, 0x00, 0xA2,
  0xFF, 0xFF, 0xF8, 0x41, 0x00, 0x00, 0x00, 0x42, 0xCD, 0x1A, 0x00, 0x00,
  0x20, 0xF0, 0xFF, 0xFF, 0xFE, 0xC5, 0xA8, 0xCF, 0xFF, 0xFF, 0xCF, 0x02,
  0x00, 0x00, 0x3E, 0xED, 0xFF, 0xFF, 0xFF, 0xFF, 0xFF, 0xFF, 0xF8, 0x5B,
  0x00, 0x00, 0x00, 0x00, 0x15, 0x84, 0xD3, 0xF8, 0xFD, 0xE0, 0x97, 0x25,
  0x00, 0x00, 0x00, 0x00, 0x00, 0x0E, 0x88, 0xDA, 0xFC, 0xF5, 0x81, 0x00,
  0x00, 0x0A, 0xCF, 0xFF, 0xFF, 0xFF, 0xFF, 0x96, 0x00, 0x00, 0x71, 0xFF,
  0xFF, 0xFF, 0xDF, 0xAC, 0x68, 0x00, 0x00, 0xB4, 0xFF, 0xFF, 0xD6, 0x07,
  0x00, 0x00, 0x00, 0x00, 0xC7, 0xFF, 0xFF, 0x9E, 0x00, 0x00, 0x00, 0xAC,
  0xFF, 0xFF, 0xFF, 0xFF, 0xFF, 0xFF, 0xFF, 0x24, 0xAC, 0xFF, 0xFF, 0xFF,
  0xFF, 0xFF, 0xFF, 0xFF, 0x24, 0x43, 0x64, 0xDF, 0xFF, 0xFF, 0xC7, 0x64,
  0x64, 0x0E, 0x00, 0x00, 0xC8, 0xFF, 0xFF, 0x9C, 0x00, 0x00, 0x00, 0x00,
  0x00, 0xC8, 0xFF, 0xFF, 0x9C, 0x00, 0x00, 0x00, 0x00, 0x00, 0xC8, 0xFF,
  0xFF, 0x9C, 0x00, 0x00, 0x00, 0x00, 0x00, 0xC8, 0xFF, 0xFF, 0x9C, 0x00,
  0x00, 0x00, 0x00, 0x00, 0xC8, 0xFF, 0xFF, 0x9C, 0x00, 0x00, 0x00, 0x00,
  0x00, 0xC8, 0xFF, 0xFF, 0x9C, 0x00, 0x00, 0x00, 0x00, 0x00, 0xC8, 0xFF,
  0xFF, 0x9C, 0x00, 0x00, 0x00, 0x00, 0x00, 0xC8, 0xFF, 0xFF, 0x9C, 0x00,
  0x00, 0x00, 0x00, 0x00, 0xC8, 0xFF, 0xFF, 0x9C, 0x00, 0x00, 0x00, 0x00,
  0x00, 0xC8, 0xFF, 0xFF, 0x9C, 0x00, 0x00, 0x00, 0x00, 0x00, 0x00, 0x5C,
  0xCA, 0xF9, 0xF6, 0xC2, 0x41, 0xB6, 0xFF, 0xFF, 0x68, 0x00, 0x00, 0x00,
  0x90, 0xFF, 0xFF, 0xFF, 0xFF, 0xFF, 0xFC, 0xF1, 0xFF, 0xFF, 0x68, 0x00,
  0x00, 0x45, 0xFF, 0xFF, 0xFF, 0xF4, 0xB2, 0xC0, 0xFD, 0xFF, 0xFF, 0xFF,
  0x68, 0x00, 0x00, 0xB8, 0xFF, 0xFF, 0xEE, 0x24, 0x00, 0x00, 0x46, 0xFF,
  0xFF, 0xFF, 0x68, 0x00, 0x06, 0xFA, 0xFF, 0xFF, 0x80, 0x00, 0x00, 0x00,
  0x00, 0xFE, 0xFF, 0xFF, 0x68, 0x00, 0x24, 0xFF, 0xFF, 0xFF, 0x43, 0x00,
  0x00, 0x00, 0x00, 0xFC, 0xFF, 0xFF, 0x68, 0x00, 0x2F, 0xFF, 0xFF, 0xFF,
  0x32, 0x00, 0x00, 0x00, 0x00, 0xFC, 0xFF, 0xFF, 0x68, 0x00, 0x25, 0xFF,
  0xFF, 0xFF, 0x3F, 0x00, 0x00, 0x00, 0x00, 0xFC, 0xFF, 0xFF, 0x68, 0x00,
  0x06, 0xF8, 0xFF, 0xFF, 0x78, 0x00, 0x00, 0x00, 0x00, 0xFE, 0xFF, 0xFF,
  0x68, 0x00, 0x00, 0xB5, 0xFF, 0xFF, 0xE8, 0x1E, 0x00, 0x00, 0x43, 0xFF,
  0xFF, 0xFF, 0x68, 0x00, 0x00, 0x40, 0xFF, 0xFF, 0xFF, 0xF1, 0xB0, 0xBF,
  0xFD, 0xFF, 0xFF, 0xFF, 0x68, 0x00, 0x00, 0x00, 0x84, 0xFF, 0xFF, 0xFF,
  0xFF, 0xFF, 0xF5, 0xFF, 0xFF, 0xFF, 0x68, 0x00, 0x00, 0x00, 0x00, 0x55,
  0xC9, 0xF9, 0xF5, 0xB9, 0x30, 0xFD, 0xFF, 0xFF, 0x66, 0x00, 0x00, 0x00,
  0x00, 0x00, 0x00, 0x00, 0x00, 0x00, 0x1D, 0xFF, 0xFF, 0xFF, 0x52, 0x00,
  0x00, 0x00, 0x4A, 0x94, 0x07, 0x00, 0x00, 0x01, 0x9D, 0xFF, 0xFF, 0xFD,
  0x18, 0x00, 0x00, 0x1C, 0xED, 0xFF, 0xE5, 0x9D, 0x93, 0xD1, 0xFF, 0xFF,
  0xFF, 0x98, 0x00, 0x00, 0x00, 0x16, 0xCD, 0xFF, 0xFF, 0xFF, 0xFF, 0xFF,
  0xFF, 0xFF, 0xB7, 0x09, 0x00, 0x00, 0x00, 0x00, 0x06, 0x65, 0xBE, 0xEE,
  0xFC, 0xEA, 0xB6, 0x57, 0x01, 0x00, 0x00, 0x00, 0x00, 0xC4, 0xFF, 0xFF,
  0x9C, 0x00, 0x00, 0x00, 0x00, 0x00, 0x00, 0x00, 0x00, 0x00, 0xC4, 0xFF,
  0xFF, 0x9C, 0x00, 0x00, 0x00, 0x00, 0x00, 0x00, 0x00, 0x00, 0x00, 0xC4,
  0xFF, 0xFF, 0x9C, 0x00, 0x00, 0x00, 0x00, 0x00, 0x00, 0x00, 0x00, 0x00,
  0xC4, 0xFF, 0xFF, 0x9C, 0x00, 0x00, 0x00, 0x00, 0x00, 0x00, 0x00, 0x00,
  0x00, 0xC4, 0xFF, 0xFF, 0x9C, 0x00, 0x00, 0x00, 0x00, 0x00, 0x00, 0x00,
  0x00, 0x00, 0xC4, 0xFF, 0xFF, 0x9C, 0x36, 0xBA, 0xF6, 0xF9, 0xCA, 0x51,
  0x00, 0x00, 0x00, 0xC4, 0xFF, 0xFF, 0xD7, 0xF9, 0xFF, 0xFF, 0xFF, 0xFF,
  0xFF, 0x53, 0x00, 0x00, 0xC4, 0xFF, 0xFF, 0xFF, 0xE9, 0xAF, 0xC4, 0xFF,
  0xFF, 0xFF, 0xD5, 0x00, 0x00, 0xC4, 0xFF, 0xFF, 0xDB, 0x10, 0x00, 0x00,
  0x82, 0xFF, 0xFF, 0xFF, 0x17, 0x00, 0xC4, 0xFF, 0xFF, 0x9C, 0x00, 0x00,
  0x00, 0x3B, 0xFF, 0xFF, 0xFF, 0x30, 0x00, 0xC4, 0xFF, 0xFF, 0x9C, 0x00,
  0x00, 0x00, 0x34, 0xFF, 0xFF, 0xFF, 0x34, 0x00, 0xC4, 0xFF, 0xFF, 0x9C,
  0x00, 0x00, 0x00, 0x34, 0xFF, 0xFF, 0xFF, 0x34, 0x00, 0xC4, 0xFF, 0xFF,
  0x9C, 0x00, 0x00, 0x00, 0x34, 0xFF, 0xFF, 0xFF, 0x34, 0x00, 0xC4, 0xFF,
  0xFF, 0x9C, 0x00, 0x00, 0x00, 0x34, 0xFF, 0xFF, 0xFF, 0x34, 0x00, 0xC4,
  0xFF, 0xFF, 0x9C, 0x00, 0x00, 0x00, 0x34, 0xFF, 0xFF, 0xFF, 0x34, 0x00,
  0xC4, 0xFF, 0xFF, 0x9C, 0x00, 0x00, 0x00, 0x34, 0xFF, 0xFF, 0xFF, 0x34,
  0x00, 0xC4, 0xFF, 0xFF, 0x9C, 0x00, 0x00, 0x00, 0x34, 0xFF, 0xFF, 0xFF,
  0x34, 0x00, 0xC4, 0xFF, 0xFF, 0x9C, 0x00, 0x00, 0x00, 0x34, 0xFF, 0xFF,
  0xFF, 0x34, 0x00, 0x01, 0x4B, 0x5D, 0x11, 0x00, 0x00, 0x7C, 0xFF, 0xFF,
  0xD6, 0x02, 0x00, 0xAE, 0xFF, 0xFF, 0xFE, 0x0B, 0x00, 0x3A, 0xE2, 0xF5,
  0x80, 0x00, 0x00, 0x00, 0x00, 0x00, 0x00, 0x00, 0x00, 0x00, 0x00, 0x00,
  0x00, 0x00, 0x00, 0x84, 0xFF, 0xFF, 0xE0, 0x00, 0x00, 0x84, 0xFF, 0xFF,
  0xE0, 0x00, 0x00, 0x84, 0xFF, 0xFF, 0xE0, 0x00, 0x00, 0x84, 0xFF, 0xFF,
  0xE0, 0x00, 0x00, 0x84, 0xFF, 0xFF, 0xE0, 0x00, 0x00, 0x84, 0xFF, 0xFF,
  0xE0, 0x00, 0x00, 0x84, 0xFF, 0xFF, 0xE0, 0x00, 0x00, 0x84, 0xFF, 0xFF,
  0xE0, 0x00, 0x00, 0x84, 0xFF, 0xFF, 0xE0, 0x00, 0x00, 0x84, 0xFF, 0xFF,
  0xE0, 0x00, 0x00, 0x84, 0xFF, 0xFF, 0xE0, 0x00, 0x00, 0x84, 0xFF, 0xFF,
  0xE0, 0x00, 0x00, 0x84, 0xFF, 0xFF, 0xE0, 0x00, 0x00, 0x00, 0x00, 0x02,
  0x4C, 0x5D, 0x0F, 0x00, 0x00, 0x00, 0x00, 0x86, 0xFF, 0xFF, 0xCB, 0x00,
  0x00, 0x00, 0x00, 0xBA, 0xFF, 0xFF, 0xFC, 0x02, 0x00, 0x00, 0x00, 0x42,
  0xE4, 0xF5, 0x77, 0x00, 0x00, 0x00, 0x00, 0x00, 0x00, 0x00, 0x00, 0x00,
  0x00, 0x00, 0x00, 0x00, 0x00, 0x00, 0x00, 0x00, 0x00, 0x00, 0x00, 0x80,
  0xFF, 0xFF, 0xE4, 0x00, 0x00, 0x00, 0x00, 0x80, 0xFF, 0xFF, 0xE4, 0x00,
  0x00, 0x00, 0x00, 0x80, 0xFF, 0xFF, 0xE4, 0x00, 0x00, 0x00, 0x00, 0x80,
  0xFF, 0xFF, 0xE4, 0x00, 0x00, 0x00, 0x00, 0x80, 0xFF, 0xFF, 0xE4, 0x00,
  0x00, 0x00, 0x00, 0x80, 0xFF, 0xFF, 0xE4, 0x00, 0x00, 0x00, 0x00, 0x80,
  0xFF, 0xFF, 0xE4, 0x00, 0x00, 0x00, 0x00, 0x80, 0xFF, 0xFF, 0xE4, 0x00,
  0x00, 0x00, 0x00, 0x80, 0xFF, 0xFF, 0xE4, 0x00, 0x00, 0x00, 0x00, 0x80,
  0xFF, 0xFF, 0xE4, 0x00, 0x00, 0x00, 0x00, 0x80, 0xFF, 0xFF, 0xE4, 0x00,
  0x00, 0x00, 0x00, 0x80, 0xFF, 0xFF, 0xE4, 0x00, 0x00, 0x00, 0x00, 0x80,
  0xFF, 0xFF, 0xE4, 0x00, 0x00, 0x00, 0x00, 0x81, 0xFF, 0xFF, 0xE3, 0x00,
  0x00, 0x00, 0x00, 0xB0, 0xFF, 0xFF, 0xD1, 0x00, 0x23, 0xB7, 0xCC, 0xFF,
  0xFF, 0xFF, 0x93, 0x00, 0x2F, 0xFF, 0xFF, 0xFF, 0xFF, 0xEA, 0x1C, 0x00,
  0x27, 0xEB, 0xFE, 0xEB, 0xA6, 0x22, 0x00, 0x00, 0x00, 0xB0, 0xFF, 0xFF,
  0xB0, 0x00, 0x00, 0x00, 0x00, 0x00, 0x00, 0x00, 0x00, 0x00, 0x00, 0xB0,
  0xFF, 0xFF, 0xB0, 0x00, 0x00, 0x00, 0x00, 0x00, 0x00, 0x00, 0x00, 0x00,
  0x00, 0xB0, 0xFF, 0xFF, 0xB0, 0x00, 0x00, 0x00, 0x00, 0x00, 0x00, 0x00,
  0x00, 0x00, 0x00, 0xB0, 0xFF, 0xFF, 0xB0, 0x00, 0x00, 0x00, 0x00, 0x00,
  0x00, 0x00, 0x00, 0x00, 0x00, 0xB0, 0xFF, 0xFF, 0xB0, 0x00, 0x00, 0x00,
  0x00, 0x00, 0x00, 0x00, 0x00, 0x00, 0x00, 0xB0, 0xFF, 0xFF, 0xB0, 0x00,
  0x00, 0x07, 0xC4, 0xFF, 0xFF, 0xFC, 0x46, 0x00, 0x00, 0xB0, 0xFF, 0xFF,
  0xB0, 0x00, 0x00, 0xA0, 0xFF, 0xFF, 0xFF, 0x66, 0x00, 0x00, 0x00, 0xB0,
  0xFF, 0xFF, 0xB0, 0x00, 0x75, 0xFF, 0xFF, 0xFF, 0x8B, 0x00, 0x00, 0x00,
  0x00, 0xB0, 0xFF, 0xFF, 0xB0, 0x4E, 0xFE, 0xFF, 0xFF, 0xAD, 0x02, 0x00,
  0x00, 0x00, 0x00, 0xB0, 0xFF, 0xFF, 0xD1, 0xF2, 0xFF, 0xFF, 0xCB, 0x0A,
  0x00, 0x00, 0x00, 0x00, 0x00, 0xB0, 0xFF, 0xFF, 0xFF, 0xFF, 0xFF, 0xFF,
  0x46, 0x00, 0x00, 0x00, 0x00, 0x00, 0x00, 0xB0, 0xFF, 0xFF, 0xFF, 0xFF,
  0xFF, 0xFF, 0xCC, 0x04, 0x00, 0x00, 0x00, 0x00, 0x00, 0xB0, 0xFF, 0xFF,
  0xFF, 0xF5, 0xFF, 0xFF, 0xFF, 0x75, 0x00, 0x00, 0x00, 0x00, 0x00, 0xB0,
  0xFF, 0xFF, 0xF5, 0x3A, 0xA4, 0xFF, 0xFF, 0xF8, 0x27, 0x00, 0x00, 0x00,
  0x00, 0xB0, 0xFF, 0xFF, 0xB4, 0x00, 0x16, 0xEE, 0xFF, 0xFF, 0xC3, 0x02,
  0x00, 0x00, 0x00, 0xB0, 0xFF, 0xFF, 0xB0, 0x00, 0x00, 0x64, 0xFF, 0xFF,
  0xFF, 0x6E, 0x00, 0x00, 0x00, 0xB0, 0xFF, 0xFF, 0xB0, 0x00, 0x00, 0x01,
  0xC3, 0xFF, 0xFF, 0xF4, 0x20, 0x00, 0x00, 0xB0, 0xFF, 0xFF, 0xB0, 0x00,
  0x00, 0x00, 0x2A, 0xFA, 0xFF, 0xFF, 0xBB, 0x01, 0x00, 0x84, 0xFF, 0xFF,
  0xE0, 0x00, 0x00, 0x84, 0xFF, 0xFF, 0xE0, 0x00, 0x00, 0x84, 0xFF, 0xFF,
  0xE0, 0x00, 0x00, 0x84, 0xFF, 0xFF, 0xE0, 0x00, 0x00, 0x84, 0xFF, 0xFF,
  0xE0, 0x00, 0x00, 0x84, 0xFF, 0xFF, 0xE0, 0x00, 0x00, 0x84, 0xFF, 0xFF,
  0xE0, 0x00, 0x00, 0x84, 0xFF, 0xFF, 0xE0, 0x00, 0x00, 0x84, 0xFF, 0xFF,
  0xE0, 0x00, 0x00, 0x84, 0xFF, 0xFF, 0xE0, 0x00, 0x00, 0x84, 0xFF, 0xFF,
  0xE0, 0x00, 0x00, 0x84, 0xFF, 0xFF, 0xE0, 0x00, 0x00, 0x84, 0xFF, 0xFF,
  0xE0, 0x00, 0x00, 0x84, 0xFF, 0xFF, 0xE0, 0x00, 0x00, 0x84, 0xFF, 0xFF,
  0xE0, 0x00, 0x00, 0x84, 0xFF, 0xFF, 0xE0, 0x00, 0x00, 0x84, 0xFF, 0xFF,
  0xE0, 0x00, 0x00, 0x84, 0xFF, 0xFF, 0xE0, 0x00, 0x00, 0xB4, 0xFF, 0xFF,
  0x86, 0x2F, 0xB1, 0xF1, 0xFA, 0xD3, 0x5E, 0x00, 0x1A, 0x9C, 0xE9, 0xFE,
  0xE2, 0x89, 0x09, 0x00, 0x00, 0x00, 0xB4, 0xFF, 0xFF, 0xCF, 0xF7, 0xFF,
  0xFF, 0xFF, 0xFF, 0xFF, 0x72, 0xE4, 0xFF, 0xFF, 0xFF, 0xFF, 0xFF, 0xAB,
  0x00, 0x00, 0x00, 0xB4, 0xFF, 0xFF, 0xFF, 0xF0, 0xB1, 0xC4, 0xFF, 0xFF,
  0xFF, 0xFF, 0xFF, 0xC9, 0xB1, 0xEF, 0xFF, 0xFF, 0xFF, 0x29, 0x00, 0x00,
  0xB4, 0xFF, 0xFF, 0xE9, 0x1D, 0x00, 0x00, 0x93, 0xFF, 0xFF, 0xFF, 0x7D,
  0x00, 0x00, 0x28, 0xFF, 0xFF, 0xFF, 0x63, 0x00, 0x00, 0xB4, 0xFF, 0xFF,
  0xB5, 0x00, 0x00, 0x00, 0x53, 0xFF, 0xFF, 0xFF, 0x18, 0x00, 0x00, 0x00,
  0xE9, 0xFF, 0xFF, 0x79, 0x00, 0x00, 0xB4, 0xFF, 0xFF, 0xB0, 0x00, 0x00,
  0x00, 0x4C, 0xFF, 0xFF, 0xFF, 0x14, 0x00, 0x00, 0x00, 0xE4, 0xFF, 0xFF,
  0x7C, 0x00, 0x00, 0xB4, 0xFF, 0xFF, 0xB0, 0x00, 0x00, 0x00, 0x4C, 0xFF,
  0xFF, 0xFF, 0x14, 0x00, 0x00, 0x00, 0xE4, 0xFF, 0xFF, 0x7C, 0x00, 0x00,
  0xB4, 0xFF, 0xFF, 0xB0, 0x00, 0x00, 0x00, 0x4C, 0xFF, 0xFF, 0xFF, 0x14,
  0x00, 0x00, 0x00, 0xE4, 0xFF, 0xFF, 0x7C, 0x00, 0x00, 0xB4, 0xFF, 0xFF,
  0xB0, 0x00, 0x00, 0x00, 0x4C, 0xFF, 0xFF, 0xFF, 0x14, 0x00, 0x00, 0x00,
  0xE4, 0xFF, 0xFF, 0x7C, 0x00, 0x00, 0xB4, 0xFF, 0xFF, 0xB0, 0x00, 0x00,
  0x00, 0x4C, 0xFF, 0xFF, 0xFF, 0x14, 0x00, 0x00, 0x00, 0xE4, 0xFF, 0xFF,
  0x7C, 0x00, 0x00, 0xB4, 0xFF, 0xFF, 0xB0, 0x00, 0x00, 0x00, 0x4C, 0xFF,
  0xFF, 0xFF, 0x14, 0x00, 0x00, 0x00, 0xE4, 0xFF, 0xFF, 0x7C, 0x00, 0x00,
  0xB4, 0xFF, 0xFF, 0xB0, 0x00, 0x00, 0x00, 0x4C, 0xFF, 0xFF, 0xFF, 0x14,
  0x00, 0x00, 0x00, 0xE4, 0xFF, 0xFF, 0x7C, 0x00, 0x00, 0xB4, 0xFF, 0xFF,
  0xB0, 0x00, 0x00, 0x00, 0x4C, 0xFF, 0xFF, 0xFF, 0x14, 0x00, 0x00, 0x00,
  0xE4, 0xFF, 0xFF, 0x7C, 0x00, 0x00, 0xC0, 0xFF, 0xFF, 0x72, 0x32, 0xB2,
  0xF2, 0xFC, 0xD3, 0x63, 0x00, 0x00, 0x00, 0xC0, 0xFF, 0xFF, 0xC4, 0xF8,
  0xFF, 0xFF, 0xFF, 0xFF, 0xFF, 0x64, 0x00, 0x00, 0xC0, 0xFF, 0xFF, 0xFF,
  0xED, 0xB1, 0xC2, 0xFE, 0xFF, 0xFF, 0xE0, 0x00, 0x00, 0xC0, 0xFF, 0xFF,
  0xE3, 0x17, 0x00, 0x00, 0x7C, 0xFF, 0xFF, 0xFF, 0x1B, 0x00, 0xC0, 0xFF,
  0xFF, 0xA2, 0x00, 0x00, 0x00, 0x3A, 0xFF, 0xFF, 0xFF, 0x31, 0x00, 0xC0,
  0xFF, 0xFF, 0xA0, 0x00, 0x00, 0x00, 0x34, 0xFF, 0xFF, 0xFF, 0x34, 0x00,
  0xC0, 0xFF, 0xFF, 0xA0, 0x00, 0x00, 0x00, 0x34, 0xFF, 0xFF, 0xFF, 0x34,
  0x00, 0xC0, 0xFF, 0xFF, 0xA0, 0x00, 0x00, 0x00, 0x34, 0xFF, 0xFF, 0xFF,
  0x34, 0x00, 0xC0, 0xFF, 0xFF, 0xA0, 0x00, 0x00, 0x00, 0x34, 0xFF, 0xFF,
  0xFF, 0x34, 0x00, 0xC0, 0xFF, 0xFF, 0xA0, 0x00, 0x00, 0x00, 0x34, 0xFF,
  0xFF, 0xFF, 0x34, 0x00, 0xC0, 0xFF, 0xFF, 0xA0, 0x00, 0x00, 0x00, 0x34,
  0xFF, 0xFF, 0xFF, 0x34, 0x00, 0xC0, 0xFF, 0xFF, 0xA0, 0x00, 0x00, 0x00,
  0x34, 0xFF, 0xFF, 0xFF, 0x34, 0x00, 0xC0, 0xFF, 0xFF, 0xA0, 0x00, 0x00,
  0x00, 0x34, 0xFF, 0xFF, 0xFF, 0x34, 0x00, 0x00, 0x00, 0x28, 0x9D, 0xE2,
  0xFD, 0xF4, 0xC9, 0x6E, 0x06, 0x00, 0x00, 0x00, 0x00, 0x00, 0x59, 0xF9,
  0xFF, 0xFF, 0xFF, 0xFF, 0xFF, 0xFF, 0xCC, 0x14, 0x00, 0x00, 0x00, 0x2F,
  0xFA, 0xFF, 0xFF, 0xEC, 0xAC, 0xC3, 0xFF, 0xFF, 0xFF, 0xB9, 0x00, 0x00,
  0x00, 0xAF, 0xFF, 0xFF, 0xE1, 0x17, 0x00, 0x00, 0x6E, 0xFF, 0xFF, 0xFF,
  0x3E, 0x00, 0x07, 0xF9, 0xFF, 0xFF, 0x6F, 0x00, 0x00, 0x00, 0x02, 0xE2,
  0xFF, 0xFF, 0x8F, 0x00, 0x2B, 0xFF, 0xFF, 0xFF, 0x39, 0x00, 0x00, 0x00,
  0x00, 0xAA, 0xFF, 0xFF, 0xBB, 0x00, 0x36, 0xFF, 0xFF, 0xFF, 0x2A, 0x00,
  0x00, 0x00, 0x00, 0x9A, 0xFF, 0xFF, 0xC6, 0x00, 0x2B, 0xFF, 0xFF, 0xFF,
  0x37, 0x00, 0x00, 0x00, 0x00, 0xA9, 0xFF, 0xFF, 0xBB, 0x00, 0x07, 0xF9,
  0xFF, 0xFF, 0x6C, 0x00, 0x00, 0x00, 0x01, 0xDF, 0xFF, 0xFF, 0x90, 0x00,
  0x00, 0xAF, 0xFF, 0xFF, 0xDF, 0x15, 0x00, 0x00, 0x67, 0xFF, 0xFF, 0xFF,
  0x3E, 0x00, 0x00, 0x2F, 0xFA, 0xFF, 0xFF, 0xEB, 0xAB, 0xC1, 0xFF, 0xFF,
  0xFF, 0xB9, 0x00, 0x00, 0x00, 0x00, 0x59, 0xF9, 0xFF, 0xFF, 0xFF, 0xFF,
  0xFF, 0xFF, 0xCD, 0x14, 0x00, 0x00, 0x00, 0x00, 0x00, 0x29, 0x9D, 0xE2,
  0xFD, 0xF5, 0xCA, 0x70, 0x07, 0x00, 0x00, 0x00, 0x00, 0xB0, 0xFF, 0xFF,
  0x7D, 0x59, 0xD0, 0xFC, 0xF2, 0xB3, 0x31, 0x00, 0x00, 0x00, 0x00, 0xB0,
  0xFF, 0xFF, 0xE5, 0xFF, 0xFF, 0xFF, 0xFF, 0xFF, 0xF8, 0x3F, 0x00, 0x00,
  0x00, 0xB0, 0xFF, 0xFF, 0xFF, 0xF1, 0xB4, 0xC0, 0xFF, 0xFF, 0xFF, 0xE0,
  0x05, 0x00, 0x00, 0xB0, 0xFF, 0xFF, 0xE6, 0x19, 0x00, 0x00, 0x6C, 0xFF,
  0xFF, 0xFF, 0x50, 0x00, 0x00, 0xB0, 0xFF, 0xFF, 0xB5, 0x00, 0x00, 0x00,
  0x03, 0xE9, 0xFF, 0xFF, 0x8E, 0x00, 0x00, 0xB0, 0xFF, 0xFF, 0xB0, 0x00,
  0x00, 0x00, 0x00, 0xBA, 0xFF, 0xFF, 0xAE, 0x00, 0x00, 0xB0, 0xFF, 0xFF,
  0xB0, 0x00, 0x00, 0x00, 0x00, 0xAE, 0xFF, 0xFF, 0xB7, 0x00, 0x00, 0xB0,
  0xFF, 0xFF, 0xB0, 0x00, 0x00, 0x00, 0x00, 0xB9, 0xFF, 0xFF, 0xAD, 0x00,
  0x00, 0xB0, 0xFF, 0xFF, 0xB6, 0x00, 0x00, 0x00, 0x02, 0xE8, 0xFF, 0xFF,
  0x89, 0x00, 0x00, 0xB0, 0xFF, 0xFF, 0xE8, 0x1B, 0x00, 0x00, 0x65, 0xFF,
  0xFF, 0xFF, 0x48, 0x00, 0x00, 0xB0, 0xFF, 0xFF, 0xFF, 0xF0, 0xAE, 0xBB,
  0xFE, 0xFF, 0xFF, 0xD7, 0x03, 0x00, 0x00, 0xB0, 0xFF, 0xFF, 0xF3, 0xFF,
  0xFF, 0xFF, 0xFF, 0xFF, 0xF4, 0x36, 0x00, 0x00, 0x00, 0xB0, 0xFF, 0xFF,
  0xB0, 0x59, 0xCF, 0xFB, 0xF1, 0xAE, 0x2B, 0x00, 0x00, 0x00, 0x00, 0xB0,
  0xFF, 0xFF, 0xB0, 0x00, 0x00, 0x00, 0x00, 0x00, 0x00, 0x00, 0x00, 0x00,
  0x00, 0xB0, 0xFF, 0xFF, 0xB0, 0x00, 0x00, 0x00, 0x00, 0x00, 0x00, 0x00,
  0x00, 0x00, 0x00, 0xB0, 0xFF, 0xFF, 0xB0, 0x00, 0x00, 0x00, 0x00, 0x00,
  0x00, 0x00, 0x00, 0x00, 0x00, 0xB0, 0xFF, 0xFF, 0xB0, 0x00, 0x00, 0x00,
  0x00, 0x00, 0x00, 0x00, 0x00, 0x00, 0x00, 0xB0, 0xFF, 0xFF, 0xB0, 0x00,
  0x00, 0x00, 0x00, 0x00, 0x00, 0x00, 0x00, 0x00, 0x00, 0x00, 0x04, 0x75,
  0xD8, 0xFD, 0xEF, 0xA3, 0x1A, 0xD9, 0xFF, 0xFF, 0x34, 0x00, 0x00, 0x02,
  0xB0, 0xFF, 0xFF, 0xFF, 0xFF, 0xFF, 0xDF, 0xFC, 0xFF, 0xFF, 0x34, 0x00,
  0x00, 0x61, 0xFF, 0xFF, 0xFF, 0xE5, 0xAA, 0xCA, 0xFF, 0xFF, 0xFF, 0xFF,
  0x34, 0x00, 0x00, 0xCD, 0xFF, 0xFF, 0xDB, 0x10, 0x00, 0x00, 0x7D, 0xFF,
  0xFF, 0xFF, 0x34, 0x00, 0x0E, 0xFE, 0xFF, 0xFF, 0x6C, 0x00, 0x00, 0x00,
  0x38, 0xFF, 0xFF, 0xFF, 0x34, 0x00, 0x2D, 0xFF, 0xFF, 0xFF, 0x38, 0x00,
  0x00, 0x00, 0x34, 0xFF, 0xFF, 0xFF, 0x34, 0x00, 0x38, 0xFF, 0xFF, 0xFF,
  0x2A, 0x00, 0x00, 0x00, 0x34, 0xFF, 0xFF, 0xFF, 0x34, 0x00, 0x2D, 0xFF,
  0xFF, 0xFF, 0x36, 0x00, 0x00, 0x00, 0x34, 0xFF, 0xFF, 0xFF, 0x34, 0x00,
  0x0C, 0xFE, 0xFF, 0xFF, 0x6B, 0x00, 0x00, 0x00, 0x38, 0xFF, 0xFF, 0xFF,
  0x34, 0x00, 0x00, 0xC7, 0xFF, 0xFF, 0xDB, 0x10, 0x00, 0x00, 0x7F, 0xFF,
  0xFF, 0xFF, 0x34, 0x00, 0x00, 0x5A, 0xFF, 0xFF, 0xFF, 0xE3, 0xA9, 0xCA,
  0xFF, 0xFF, 0xFF, 0xFF, 0x34, 0x00, 0x00, 0x00, 0xA4, 0xFF, 0xFF, 0xFF,
  0xFF, 0xFF, 0xF4, 0xFF, 0xFF, 0xFF, 0x34, 0x00, 0x00, 0x00, 0x02, 0x6E,
  0xD6, 0xFD, 0xEE, 0xA0, 0x4C, 0xFF, 0xFF, 0xFF, 0x34, 0x00, 0x00, 0x00,
  0x00, 0x00, 0x00, 0x00, 0x00, 0x00, 0x34, 0xFF, 0xFF, 0xFF, 0x34, 0x00,
  0x00, 0x00, 0x00, 0x00, 0x00, 0x00, 0x00, 0x00, 0x34, 0xFF, 0xFF, 0xFF,
  0x34, 0x00, 0x00, 0x00, 0x00, 0x00, 0x00, 0x00, 0x00, 0x00, 0x34, 0xFF,
  0xFF, 0xFF, 0x34, 0x00, 0x00, 0x00, 0x00, 0x00, 0x00, 0x00, 0x00, 0x00,
  0x34, 0xFF, 0xFF, 0xFF, 0x34, 0x00, 0x00, 0x00, 0x00, 0x00, 0x00, 0x00,
  0x00, 0x00, 0x34, 0xFF, 0xFF, 0xFF, 0x34, 0x00, 0x00, 0xB0, 0xFF, 0xFF,
  0x86, 0x4C, 0xD6, 0xFC, 0x76, 0x00, 0xB0, 0xFF, 0xFF, 0xCA, 0xFB, 0xFF,
  0xFF, 0x7D, 0x00, 0xB0, 0xFF, 0xFF, 0xFF, 0xFF, 0xFF, 0xFF, 0x77, 0x00,
  0xB0, 0xFF, 0xFF, 0xFF, 0xA8, 0x45, 0x34, 0x1E, 0x00, 0xB0, 0xFF, 0xFF,
  0xD0, 0x01, 0x00, 0x00, 0x00, 0x00, 0xB0, 0xFF, 0xFF, 0xB1, 0x00, 0x00,
  0x00, 0x00, 0x00, 0xB0, 0xFF, 0xFF, 0xB0, 0x00, 0x00, 0x00, 0x00, 0x00,
  0xB0, 0xFF, 0xFF, 0xB0, 0x00, 0x00, 0x00, 0x00, 0x00, 0xB0, 0xFF, 0xFF,
  0xB0, 0x00, 0x00, 0x00, 0x00, 0x00, 0xB0, 0xFF, 0xFF, 0xB0, 0x00, 0x00,
  0x00, 0x00, 0x00, 0xB0, 0xFF, 0xFF, 0xB0, 0x00, 0x00, 0x00, 0x00, 0x00,
  0xB0, 0xFF, 0xFF, 0xB0, 0x00, 0x00, 0x00, 0x00, 0x00, 0xB0, 0xFF, 0xFF,
  0xB0, 0x00, 0x00, 0x00, 0x00, 0x00, 0x00, 0x0F, 0x81, 0xD3, 0xF8, 0xFC,
  0xE2, 0xA3, 0x2E, 0x00, 0x00, 0x00, 0x19, 0xDC, 0xFF, 0xFF, 0xFF, 0xFF,
  0xFF, 0xFF, 0xFB, 0x5B, 0x00, 0x00, 0xA5, 0xFF, 0xFF, 0xE5, 0x70, 0x62,
  0xC9, 0xFF, 0xFF, 0xF6, 0x18, 0x00, 0xEC, 0xFF, 0xFF, 0x59, 0x00, 0x00,
  0x15, 0xFE, 0xFF, 0xFF, 0x5D, 0x00, 0xE0, 0xFF, 0xFF, 0xAF, 0x14, 0x00,
  0x00, 0x13, 0x14, 0x14, 0x08, 0x00, 0x76, 0xFF, 0xFF, 0xFF, 0xFC, 0xC9,
  0x8C, 0x3F, 0x01, 0x00, 0x00, 0x00, 0x01, 0x75, 0xF3, 0xFF, 0xFF, 0xFF,
  0xFF, 0xFF, 0xD1, 0x31, 0x00, 0x00, 0x00, 0x00, 0x0F, 0x5F, 0xA3, 0xE2,
  0xFF, 0xFF, 0xFF, 0xEC, 0x15, 0x16, 0x40, 0x40, 0x37, 0x00, 0x00, 0x01,
  0x4C, 0xFB, 0xFF, 0xFF, 0x61, 0x41, 0xFF, 0xFF, 0xF6, 0x12, 0x00, 0x00,
  0x01, 0xE4, 0xFF, 0xFF, 0x6C, 0x04, 0xD8, 0xFF, 0xFF, 0xD6, 0x6F, 0x5F,
  0xAD, 0xFF, 0xFF, 0xFE, 0x2A, 0x00, 0x2B, 0xE6, 0xFF, 0xFF, 0xFF, 0xFF,
  0xFF, 0xFF, 0xFF, 0x77, 0x00, 0x00, 0x00, 0x13, 0x85, 0xD4, 0xF8, 0xFD,
  0xE5, 0xA8, 0x3A, 0x00, 0x00, 0x00, 0x08, 0xFF, 0xFF, 0xFF, 0x58, 0x00,
  0x00, 0x00, 0x08, 0xFF, 0xFF, 0xFF, 0x58, 0x00, 0x00, 0x00, 0x08, 0xFF,
  0xFF, 0xFF, 0x58, 0x00, 0x00, 0xDC, 0xFF, 0xFF, 0xFF, 0xFF, 0xFF, 0xFF,
  0x88, 0xDC, 0xFF, 0xFF, 0xFF, 0xFF, 0xFF, 0xFF, 0x88, 0x56, 0x6A, 0xFF,
  0xFF, 0xFF, 0x9D, 0x64, 0x35, 0x00, 0x08, 0xFF, 0xFF, 0xFF, 0x58, 0x00,
  0x00, 0x00, 0x08, 0xFF, 0xFF, 0xFF, 0x58, 0x00, 0x00, 0x00, 0x08, 0xFF,
  0xFF, 0xFF, 0x58, 0x00, 0x00, 0x00, 0x08, 0xFF, 0xFF, 0xFF, 0x58, 0x00,
  0x00, 0x00, 0x08, 0xFF, 0xFF, 0xFF, 0x58, 0x00, 0x00, 0x00, 0x08, 0xFF,
  0xFF, 0xFF, 0x58, 0x00, 0x00, 0x00, 0x05, 0xFF, 0xFF, 0xFF, 0x6F, 0x00,
  0x00, 0x00, 0x00, 0xE7, 0xFF, 0xFF, 0xF5, 0xBA, 0x80, 0x00, 0x00, 0x86,
  0xFF, 0xFF, 0xFF, 0xFF, 0xAC, 0x00, 0x00, 0x05, 0x82, 0xE1, 0xFD, 0xF0,
  0x86, 0x00, 0xC8, 0xFF, 0xFF, 0x98, 0x00, 0x00, 0x00, 0x30, 0xFF, 0xFF,
  0xFF, 0x30, 0x00, 0xC8, 0xFF, 0xFF, 0x98, 0x00, 0x00, 0x00, 0x30, 0xFF,
  0xFF, 0xFF, 0x30, 0x00, 0xC8, 0xFF, 0xFF, 0x98, 0x00, 0x00, 0x00, 0x30,
  0xFF, 0xFF, 0xFF, 0x30, 0x00, 0xC8, 0xFF, 0xFF, 0x98, 0x00, 0x00, 0x00,
  0x30, 0xFF, 0xFF, 0xFF, 0x30, 0x00, 0xC8, 0xFF, 0xFF, 0x98, 0x00, 0x00,
  0x00, 0x30, 0xFF, 0xFF, 0xFF, 0x30, 0x00, 0xC8, 0xFF, 0xFF, 0x98, 0x00,
  0x00, 0x00, 0x30, 0xFF, 0xFF, 0xFF, 0x30, 0x00, 0xC8, 0xFF, 0xFF, 0x98,
  0x00, 0x00, 0x00, 0x30, 0xFF, 0xFF, 0xFF, 0x30, 0x00, 0xC8, 0xFF, 0xFF,
  0x98, 0x00, 0x00, 0x00, 0x30, 0xFF, 0xFF, 0xFF, 0x30, 0x00, 0xC6, 0xFF,
  0xFF, 0x9C, 0x00, 0x00, 0x00, 0x36, 0xFF, 0xFF, 0xFF, 0x30, 0x00, 0xAF,
  0xFF, 0xFF, 0xD9, 0x07, 0x00, 0x00, 0x84, 0xFF, 0xFF, 0xFF, 0x30, 0x00,
  0x6E, 0xFF, 0xFF, 0xFF, 0xDC, 0xAC, 0xD2, 0xFF, 0xFF, 0xFF, 0xFF, 0x30,
  0x00, 0x0C, 0xDC, 0xFF, 0xFF, 0xFF, 0xFF, 0xFF, 0xDB, 0xFF, 0xFF, 0xFF,
  0x30, 0x00, 0x00, 0x1A, 0xA1, 0xEA, 0xFD, 0xE4, 0x8E, 0x14, 0xFF, 0xFF,
  0xFF, 0x30, 0xAE, 0xFF, 0xFF, 0xD2, 0x00, 0x00, 0x00, 0x00, 0xB2, 0xFF,
  0xFF, 0xCE, 0x59, 0xFF, 0xFF, 0xFF, 0x18, 0x00, 0x00, 0x04, 0xF2, 0xFF,
  0xFF, 0x79, 0x0D, 0xF8, 0xFF, 0xFF, 0x5D, 0x00, 0x00, 0x3C, 0xFF, 0xFF,
  0xFF, 0x26, 0x00, 0xB1, 0xFF, 0xFF, 0xA2, 0x00, 0x00, 0x81, 0xFF, 0xFF,
  0xD1, 0x00, 0x00, 0x5D, 0xFF, 0xFF, 0xE6, 0x01, 0x00, 0xC5, 0xFF, 0xFF,
  0x7D, 0x00, 0x00, 0x0F, 0xF9, 0xFF, 0xFF, 0x2B, 0x0F, 0xFC, 0xFF, 0xFF,
  0x28, 0x00, 0x00, 0x00, 0xB4, 0xFF, 0xFF, 0x71, 0x4F, 0xFF, 0xFF, 0xD4,
  0x00, 0x00, 0x00, 0x00, 0x60, 0xFF, 0xFF, 0xB5, 0x93, 0xFF, 0xFF, 0x80,
  0x00, 0x00, 0x00, 0x00, 0x12, 0xFA, 0xFF, 0xF5, 0xDC, 0xFF, 0xFF, 0x2B,
  0x00, 0x00, 0x00, 0x00, 0x00, 0xB8, 0xFF, 0xFF, 0xFF, 0xFF, 0xD7, 0x00,
  0x00, 0x00, 0x00, 0x00, 0x00, 0x63, 0xFF, 0xFF, 0xFF, 0xFF, 0x83, 0x00,
  0x00, 0x00, 0x00, 0x00, 0x00, 0x13, 0xFC, 0xFF, 0xFF, 0xFF, 0x2F, 0x00,
  0x00, 0x00, 0x00, 0x00, 0x00, 0x00, 0xBA, 0xFF, 0xFF, 0xD9, 0x00, 0x00,
  0x00, 0x00, 0x89, 0xFF, 0xFF, 0xB2, 0x00, 0x00, 0x00, 0x8F, 0xFF, 0xFF,
  0x28, 0x00, 0x00, 0x22, 0xFF, 0xFF, 0xFF, 0x1C, 0x49, 0xFF, 0xFF, 0xE3,
  0x00, 0x00, 0x00, 0xD6, 0xFF, 0xFF, 0x6E, 0x00, 0x00, 0x52, 0xFF, 0xFF,
  0xDC, 0x00, 0x0F, 0xFD, 0xFF, 0xFF, 0x16, 0x00, 0x1C, 0xFF, 0xFF, 0xFF,
  0xB4, 0x00, 0x00, 0x85, 0xFF, 0xFF, 0x9F, 0x00, 0x00, 0xCC, 0xFF, 0xFF,
  0x49, 0x00, 0x62, 0xFF, 0xFF, 0xFF, 0xF4, 0x06, 0x00, 0xB6, 0xFF, 0xFF,
  0x60, 0x00, 0x00, 0x8C, 0xFF, 0xFF, 0x7A, 0x00, 0xA8, 0xFF, 0xF5, 0xFF,
  0xFF, 0x40, 0x00, 0xE9, 0xFF, 0xFF, 0x20, 0x00, 0x00, 0x4C, 0xFF, 0xFF,
  0xAD, 0x02, 0xEC, 0xFF, 0x8F, 0xF0, 0xFF, 0x86, 0x1A, 0xFF, 0xFF, 0xE0,
  0x00, 0x00, 0x00, 0x11, 0xFE, 0xFF, 0xDE, 0x34, 0xFF, 0xFF, 0x40, 0xAB,
  0xFF, 0xCD, 0x4C, 0xFF, 0xFF, 0xA1, 0x00, 0x00, 0x00, 0x00, 0xD0, 0xFF,
  0xFF, 0x8C, 0xFF, 0xF2, 0x06, 0x62, 0xFF, 0xFE, 0x93, 0xFF, 0xFF, 0x64,
  0x00, 0x00, 0x00, 0x00, 0x90, 0xFF, 0xFF, 0xF2, 0xFF, 0xAE, 0x00, 0x19,
  0xFF, 0xFF, 0xF6, 0xFF, 0xFF, 0x24, 0x00, 0x00, 0x00, 0x00, 0x50, 0xFF,
  0xFF, 0xFF, 0xFF, 0x64, 0x00, 0x00, 0xD0, 0xFF, 0xFF, 0xFF, 0xE4, 0x00,
  0x00, 0x00, 0x00, 0x00, 0x12, 0xFE, 0xFF, 0xFF, 0xFF, 0x1D, 0x00, 0x00,
  0x87, 0xFF, 0xFF, 0xFF, 0xA4, 0x00, 0x00, 0x00, 0x00, 0x00, 0x00, 0xD4,
  0xFF, 0xFF, 0xD2, 0x00, 0x00, 0x00, 0x3E, 0xFF, 0xFF, 0xFF, 0x67, 0x00,
  0x00, 0x00, 0x00, 0x00, 0x00, 0x94, 0xFF, 0xFF, 0x88, 0x00, 0x00, 0x00,
  0x04, 0xF0, 0xFF, 0xFF, 0x27, 0x00, 0x00, 0x00, 0x4A, 0xFF, 0xFF, 0xFF,
  0x4C, 0x00, 0x00, 0x10, 0xEE, 0xFF, 0xFF, 0x9B, 0x00, 0x00, 0xBA, 0xFF,
  0xFF, 0xD1, 0x02, 0x00, 0x8A, 0xFF, 0xFF, 0xF3, 0x17, 0x00, 0x00, 0x2D,
  0xFD, 0xFF, 0xFF, 0x5B, 0x1F, 0xF7, 0xFF, 0xFF, 0x7A, 0x00, 0x00, 0x00,
  0x00, 0x9A, 0xFF, 0xFF, 0xDD, 0xA5, 0xFF, 0xFF, 0xE1, 0x09, 0x00, 0x00,
  0x00, 0x00, 0x17, 0xF2, 0xFF, 0xFF, 0xFF, 0xFF, 0xFF, 0x5A, 0x00, 0x00,
  0x00, 0x00, 0x00, 0x00, 0x79, 0xFF, 0xFF, 0xFF, 0xFF, 0xC8, 0x01, 0x00,
  0x00, 0x00, 0x00, 0x00, 0x00, 0x24, 0xFF, 0xFF, 0xFF, 0xFF, 0x73, 0x00,
  0x00, 0x00, 0x00, 0x00, 0x00, 0x00, 0xA2, 0xFF, 0xFF, 0xFF, 0xFF, 0xE6,
  0x0C, 0x00, 0x00, 0x00, 0x00, 0x00, 0x34, 0xFE, 0xFF, 0xFF, 0xFB, 0xFF,
  0xFF, 0x82, 0x00, 0x00, 0x00, 0x00, 0x00, 0xC2, 0xFF, 0xFF, 0xC6, 0x7A,
  0xFF, 0xFF, 0xF6, 0x1C, 0x00, 0x00, 0x00, 0x53, 0xFF, 0xFF, 0xFF, 0x3D,
  0x09, 0xE4, 0xFF, 0xFF, 0xA2, 0x00, 0x00, 0x06, 0xDC, 0xFF, 0xFF, 0xB0,
  0x00, 0x00, 0x61, 0xFF, 0xFF, 0xFE, 0x34, 0x00, 0x74, 0xFF, 0xFF, 0xFC,
  0x29, 0x00, 0x00, 0x03, 0xD3, 0xFF, 0xFF, 0xC2, 0x00, 0xC8, 0xFF, 0xFF,
  0xD2, 0x00, 0x00, 0x00, 0x00, 0xB5, 0xFF, 0xFF, 0xE3, 0x01, 0x6E, 0xFF,
  0xFF, 0xFF, 0x1E, 0x00, 0x00, 0x0A, 0xF7, 0xFF, 0xFF, 0x8C, 0x00, 0x19,
  0xFD, 0xFF, 0xFF, 0x6A, 0x00, 0x00, 0x4D, 0xFF, 0xFF, 0xFF, 0x32, 0x00,
  0x00, 0xBE, 0xFF, 0xFF, 0xB4, 0x00, 0x00, 0x98, 0xFF, 0xFF, 0xDA, 0x00,
  0x00, 0x00, 0x65, 0xFF, 0xFF, 0xF7, 0x0A, 0x01, 0xE3, 0xFF, 0xFF, 0x82,
  0x00, 0x00, 0x00, 0x12, 0xFA, 0xFF, 0xFF, 0x4C, 0x30, 0xFF, 0xFF, 0xFF,
  0x2A, 0x00, 0x00, 0x00, 0x00, 0xB2, 0xFF, 0xFF, 0x98, 0x7B, 0xFF, 0xFF,
  0xD2, 0x00, 0x00, 0x00, 0x00, 0x00, 0x5A, 0xFF, 0xFF, 0xE3, 0xC7, 0xFF,
  0xFF, 0x79, 0x00, 0x00, 0x00, 0x00, 0x00, 0x0C, 0xF6, 0xFF, 0xFF, 0xFF,
  0xFF, 0xFF, 0x21, 0x00, 0x00, 0x00, 0x00, 0x00, 0x00, 0xA8, 0xFF, 0xFF,
  0xFF, 0xFF, 0xC8, 0x00, 0x00, 0x00, 0x00, 0x00, 0x00, 0x00, 0x50, 0xFF,
  0xFF, 0xFF, 0xFF, 0x6F, 0x00, 0x00, 0x00, 0x00, 0x00, 0x00, 0x00, 0x07,
  0xF0, 0xFF, 0xFF, 0xFE, 0x1A, 0x00, 0x00, 0x00, 0x00, 0x00, 0x00, 0x00,
  0x00, 0xA0, 0xFF, 0xFF, 0xBF, 0x00, 0x00, 0x00, 0x00, 0x00, 0x00, 0x00,
  0x00, 0x00, 0xBC, 0xFF, 0xFF, 0x67, 0x00, 0x00, 0x00, 0x00, 0x00, 0x00,
  0x00, 0x00, 0x36, 0xFE, 0xFF, 0xFB, 0x13, 0x00, 0x00, 0x00, 0x00, 0x00,
  0x00, 0x6A, 0xBE, 0xF9, 0xFF, 0xFF, 0xA8, 0x00, 0x00, 0x00, 0x00, 0x00,
  0x00, 0x00, 0x98, 0xFF, 0xFF, 0xFF, 0xEE, 0x21, 0x00, 0x00, 0x00, 0x00,
  0x00, 0x00, 0x00, 0x81, 0xF9, 0xF6, 0xB7, 0x29, 0x00, 0x00, 0x00, 0x00,
  0x00, 0x00, 0x00, 0x00, 0xF0, 0xFF, 0xFF, 0xFF, 0xFF, 0xFF, 0xFF, 0xFF,
  0xFF, 0xFF, 0x38, 0x00, 0xF0, 0xFF, 0xFF, 0xFF, 0xFF, 0xFF, 0xFF, 0xFF,
  0xFF, 0xFF, 0x38, 0x00, 0x9E, 0xA8, 0xA8, 0xA8, 0xA8, 0xB5, 0xFF, 0xFF,
  0xFF, 0xCC, 0x06, 0x00, 0x00, 0x00, 0x00, 0x00, 0x00, 0xA3, 0xFF, 0xFF,
  0xF2, 0x23, 0x00, 0x00, 0x00, 0x00, 0x00, 0x00, 0x5E, 0xFF, 0xFF, 0xFF,
  0x5A, 0x00, 0x00, 0x00, 0x00, 0x00, 0x00, 0x26, 0xF4, 0xFF, 0xFF, 0x9E,
  0x00, 0x00, 0x00, 0x00, 0x00, 0x00, 0x07, 0xCE, 0xFF, 0xFF, 0xD8, 0x0B,
  0x00, 0x00, 0x00, 0x00, 0x00, 0x00, 0x92, 0xFF, 0xFF, 0xF8, 0x2E, 0x00,
  0x00, 0x00, 0x00, 0x00, 0x00, 0x4D, 0xFF, 0xFF, 0xFF, 0x6B, 0x00, 0x00,
  0x00, 0x00, 0x00, 0x00, 0x1C, 0xED, 0xFF, 0xFF, 0xB0, 0x01, 0x00, 0x00,
  0x00, 0x00, 0x00, 0x03, 0xBF, 0xFF, 0xFF, 0xFF, 0xB6, 0xA4, 0xA4, 0xA4,
  0xA4, 0xA4, 0x43, 0x20, 0xFF, 0xFF, 0xFF, 0xFF, 0xFF, 0xFF, 0xFF, 0xFF,
  0xFF, 0xFF, 0x68, 0x20, 0xFF, 0xFF, 0xFF, 0xFF, 0xFF, 0xFF, 0xFF, 0xFF,
  0xFF, 0xFF, 0x68, 0x00, 0x00, 0x32, 0xC2, 0xFB, 0xE2, 0x69, 0x00, 0x00,
  0x00, 0x19, 0xF0, 0xFB, 0xBD, 0xE7, 0xFF, 0x5D, 0x00, 0x00, 0x6F, 0xFF,
  0x5C, 0x00, 0x13, 0xF5, 0xBF, 0x00, 0x00, 0x71, 0xFF, 0x59, 0x00, 0x11,
  0xF5, 0xC1, 0x00, 0x00, 0x1C, 0xF1, 0xFA, 0xB9, 0xE3, 0xFF, 0x60, 0x00,
  0x00, 0x00, 0x33, 0xC4, 0xFB, 0xE2, 0x6C, 0x00, 0x00, 0x00, 0x00, 0x00,
  0x00, 0x00, 0x00, 0x00, 0x00, 0x00, 0x00, 0x00, 0x00, 0x00, 0x00, 0x00,
  0x00, 0x00, 0x00, 0x00, 0x00, 0x00, 0x00, 0x00, 0x00, 0x00, 0x00, 0x00,
  0x00, 0x00, 0x00, 0x00, 0x00, 0x00, 0x00, 0x00, 0x00, 0x00, 0x00, 0x00,
  0x00, 0x00, 0x00, 0x00, 0x00, 0x00, 0x00, 0x00, 0x00, 0x00, 0x00, 0x00,
  0x00, 0x00, 0x00, 0x00, 0x00, 0x00, 0x00, 0x00, 0x00, 0x00, 0x00, 0x00,
  0x00, 0x00, 0x00, 0x00, 0x00, 0x00, 0x00, 0x00, 0x00, 0x00, 0x00, 0x00,
  0x00, 0x00, 0x00, 0x00, 0x00, 0x00, 0x00, 0x00, 0x00, 0x00, 0x00, 0x00,
  0x00, 0x00, 0x00, 0x00, 0x00, 0x00, 0x00, 0x00, 0x00, 0x00, 0x00, 0x00,
  0x00, 0x15, 0xA1, 0xEE, 0xFD, 0xDE, 0x80, 0x05, 0x00, 0x02, 0xCB, 0xFF,
  0xFD, 0xEC, 0xFF, 0xFF, 0x8A, 0x00, 0x3C, 0xFF, 0xFF, 0x49, 0x00, 0xA8,
  0xFF, 0xD5, 0x00, 0x12, 0x38, 0x38, 0x03, 0x04, 0xCC, 0xFF, 0xBA, 0x00,
  0x00, 0x00, 0x00, 0x07, 0xA7, 0xFF, 0xF2, 0x32, 0x00, 0x00, 0x00, 0x15,
  0xC2, 0xFF, 0xDF, 0x32, 0x00, 0x00, 0x00, 0x2B, 0xDE, 0xFF, 0xB7, 0x12,
  0x00, 0x00, 0x00, 0x14, 0xF0, 0xFF, 0xFF, 0xE3, 0xE0, 0xE0, 0xE0, 0x19,
  0x20, 0xFF, 0xFF, 0xFF, 0xFF, 0xFF, 0xFF, 0xFF, 0x1C, 0x0E, 0x52, 0x6F,
  0x62, 0x6F, 0x74, 0x6F, 0x5F, 0x42, 0x6F, 0x6C, 0x64, 0x5F, 0x32, 0x34,
  0x00, 0x0B, 0x52, 0x6F, 0x62, 0x6F, 0x74, 0x6F, 0x2D, 0x42, 0x6F, 0x6C,
  0x64, 0x00, 0x01,
};
